city,route_id,Line name (local language),Line name (English),system_type,legal_class,service_type,n_stations,is_loop,length_km_greatcircle,in_vehicle_min_sum,commercial_speed_proxy_kmh,trains_per_hour,headway_min,headway_source,constant_fill_share,speed_proxy_reliable,T1_uitp_line_criteria,T2_designated_urban_system,T3_scope,T3_basis,fare_flag,verdict,shares_line_with_routes,name_source,assignment_confidence,amap_line_id,note,technology_source,train_formation,capacity_per_train,capacity_class_national,operator
Beijing,1,1号线八通线,Line 1–Batong Line,steel-wheel metro,"Urban rail transit, metro system, GB/T 44413-2024 Table 4 row 1",urban,37,False,102.6,178.0,34.6,13.16,4.6,operator_timetable_departures,0.0,True,pass,pass,urban,speed proxy 35 km/h at or below 60,,include,,Amap topology match 2026-08-21,high,110100023110,"operator English name is a descriptive translation, an official English name was not verified","GB/T 44413-2024 clause 5.1 and Table 2 for the system type and capacity class, reconciled against CAMET 2025 annual report table 3 per-city mode kilometres (china_metro/data calibration/camet2025_table3_mode_km.csv)",,,大运能 (>=3 万人次/h),"Beijing Subway Operation Co., Ltd. (北京市地铁运营有限公司)"
Beijing,2,2号线,Line 2,steel-wheel metro,"Urban rail transit, metro system, GB/T 44413-2024 Table 4 row 1",urban,18,True,43.6,90.0,29.1,10.87,5.5,inherited_from_trunk,0.0,True,pass,pass,urban,speed proxy 29 km/h at or below 60,,include,3,Amap topology match 2026-08-21,high,110100023098,"same line name as route(s) 3: direction copy, extension segment or fragment. operator English name is a descriptive translation, an official English name was not verified","GB/T 44413-2024 clause 5.1 and Table 2 for the system type and capacity class, reconciled against CAMET 2025 annual report table 3 per-city mode kilometres (china_metro/data calibration/camet2025_table3_mode_km.csv)",,,大运能 (>=3 万人次/h),"Beijing Subway Operation Co., Ltd. (北京市地铁运营有限公司)"
Beijing,3,2号线,Line 2,steel-wheel metro,"Urban rail transit, metro system, GB/T 44413-2024 Table 4 row 1",urban,18,True,43.6,90.0,29.1,10.87,5.5,inherited_from_trunk,0.0,True,pass,pass,urban,speed proxy 29 km/h at or below 60,,include,2,Amap topology match 2026-08-21,high,110100023098,"same line name as route(s) 2: direction copy, extension segment or fragment. operator English name is a descriptive translation, an official English name was not verified","GB/T 44413-2024 clause 5.1 and Table 2 for the system type and capacity class, reconciled against CAMET 2025 annual report table 3 per-city mode kilometres (china_metro/data calibration/camet2025_table3_mode_km.csv)",,,大运能 (>=3 万人次/h),"Beijing Subway Operation Co., Ltd. (北京市地铁运营有限公司)"
Beijing,4,4号线大兴线,Line 4–Daxing Line,steel-wheel metro,"Urban rail transit, metro system, GB/T 44413-2024 Table 4 row 1",urban,35,False,93.7,164.0,34.3,13.99,4.3,operator_timetable_departures,0.0,True,pass,pass,urban,speed proxy 34 km/h at or below 60,,include,,Amap topology match 2026-08-21,high,110100023076,,"GB/T 44413-2024 clause 5.1 and Table 2 for the system type and capacity class, reconciled against CAMET 2025 annual report table 3 per-city mode kilometres (china_metro/data calibration/camet2025_table3_mode_km.csv)",,,大运能 (>=3 万人次/h),Beijing MTR Corporation Limited (北京京港地铁有限公司)
Beijing,5,5号线,Line 5,steel-wheel metro,"Urban rail transit, metro system, GB/T 44413-2024 Table 4 row 1",urban,23,False,53.4,102.0,31.4,13.97,4.3,operator_timetable_departures,0.0,True,pass,pass,urban,speed proxy 31 km/h at or below 60,,include,,Amap topology match 2026-08-21,high,110100023100,"operator English name is a descriptive translation, an official English name was not verified","GB/T 44413-2024 clause 5.1 and Table 2 for the system type and capacity class, reconciled against CAMET 2025 annual report table 3 per-city mode kilometres (china_metro/data calibration/camet2025_table3_mode_km.csv)",,,大运能 (>=3 万人次/h),"Beijing Subway Operation Co., Ltd. (北京市地铁运营有限公司)"
Beijing,6,7号线,Line 7,steel-wheel metro,"Urban rail transit, metro system, GB/T 44413-2024 Table 4 row 1",urban,30,False,75.6,138.0,32.9,8.63,7.0,operator_timetable_departures,0.0,True,pass,pass,urban,speed proxy 33 km/h at or below 60,,include,,Amap topology match 2026-08-21,high,110100023054,"operator English name is a descriptive translation, an official English name was not verified","GB/T 44413-2024 clause 5.1 and Table 2 for the system type and capacity class, reconciled against CAMET 2025 annual report table 3 per-city mode kilometres (china_metro/data calibration/camet2025_table3_mode_km.csv)",,,大运能 (>=3 万人次/h),"Beijing Subway Operation Co., Ltd. (北京市地铁运营有限公司)"
Beijing,7,8号线,Line 8,steel-wheel metro,"Urban rail transit, metro system, GB/T 44413-2024 Table 4 row 1",urban,35,False,91.5,170.0,32.3,10.82,5.5,operator_timetable_departures,0.0,True,pass,pass,urban,speed proxy 32 km/h at or below 60,,include,,Amap topology match 2026-08-21,high,110100023114,"operator English name is a descriptive translation, an official English name was not verified","GB/T 44413-2024 clause 5.1 and Table 2 for the system type and capacity class, reconciled against CAMET 2025 annual report table 3 per-city mode kilometres (china_metro/data calibration/camet2025_table3_mode_km.csv)",,,大运能 (>=3 万人次/h),"Beijing Subway Operation Co., Ltd. (北京市地铁运营有限公司)"
Beijing,8,9号线,Line 9,steel-wheel metro,"Urban rail transit, metro system, GB/T 44413-2024 Table 4 row 1",urban,13,False,30.6,62.0,29.6,11.95,5.0,operator_timetable_departures,0.0,True,pass,pass,urban,speed proxy 30 km/h at or below 60,,include,,Amap topology match 2026-08-21,high,110100023116,"operator English name is a descriptive translation, an official English name was not verified","GB/T 44413-2024 clause 5.1 and Table 2 for the system type and capacity class, reconciled against CAMET 2025 annual report table 3 per-city mode kilometres (china_metro/data calibration/camet2025_table3_mode_km.csv)",,,大运能 (>=3 万人次/h),"Beijing Subway Operation Co., Ltd. (北京市地铁运营有限公司)"
Beijing,9,10号线,Line 10,steel-wheel metro,"Urban rail transit, metro system, GB/T 44413-2024 Table 4 row 1",urban,45,True,109.6,210.0,31.3,17.39,3.4,inherited_from_trunk,0.0,True,pass,pass,urban,speed proxy 31 km/h at or below 60,,include,10,Amap topology match 2026-08-21,high,110100023282,"same line name as route(s) 10: direction copy, extension segment or fragment. operator English name is a descriptive translation, an official English name was not verified","GB/T 44413-2024 clause 5.1 and Table 2 for the system type and capacity class, reconciled against CAMET 2025 annual report table 3 per-city mode kilometres (china_metro/data calibration/camet2025_table3_mode_km.csv)",,,大运能 (>=3 万人次/h),"Beijing Subway Operation Co., Ltd. (北京市地铁运营有限公司)"
Beijing,10,10号线,Line 10,steel-wheel metro,"Urban rail transit, metro system, GB/T 44413-2024 Table 4 row 1",urban,45,True,109.6,210.0,31.3,17.39,3.4,inherited_from_trunk,0.0,True,pass,pass,urban,speed proxy 31 km/h at or below 60,,include,9,Amap topology match 2026-08-21,high,110100023282,"same line name as route(s) 9: direction copy, extension segment or fragment. operator English name is a descriptive translation, an official English name was not verified","GB/T 44413-2024 clause 5.1 and Table 2 for the system type and capacity class, reconciled against CAMET 2025 annual report table 3 per-city mode kilometres (china_metro/data calibration/camet2025_table3_mode_km.csv)",,,大运能 (>=3 万人次/h),"Beijing Subway Operation Co., Ltd. (北京市地铁运营有限公司)"
Beijing,11,11号线,Line 11,steel-wheel metro,"Urban rail transit, metro system, GB/T 44413-2024 Table 4 row 1",urban,4,False,5.7,18.0,19.1,5.63,10.7,operator_timetable_departures,0.0,True,pass,pass,urban,speed proxy 19 km/h at or below 60,,include,,Amap topology match 2026-08-21,high,900000159716,"operator English name is a descriptive translation, an official English name was not verified","GB/T 44413-2024 clause 5.1 and Table 2 for the system type and capacity class, reconciled against CAMET 2025 annual report table 3 per-city mode kilometres (china_metro/data calibration/camet2025_table3_mode_km.csv)",,,大运能 (>=3 万人次/h),"Beijing Subway Operation Co., Ltd. (北京市地铁运营有限公司)"
Beijing,12,12号线,Line 12,steel-wheel metro,"Urban rail transit, metro system, GB/T 44413-2024 Table 4 row 1",urban,20,False,52.9,102.0,31.1,9.34,6.4,operator_timetable_departures,0.0,True,pass,pass,urban,speed proxy 31 km/h at or below 60,,include,,Amap topology match 2026-08-21,high,900000077547,"operator English name is a descriptive translation, an official English name was not verified","GB/T 44413-2024 clause 5.1 and Table 2 for the system type and capacity class, reconciled against CAMET 2025 annual report table 3 per-city mode kilometres (china_metro/data calibration/camet2025_table3_mode_km.csv)",,,大运能 (>=3 万人次/h),"Beijing Subway Operation Co., Ltd. (北京市地铁运营有限公司)"
Beijing,13,13号线,Line 13,steel-wheel metro,"Urban rail transit, metro system, GB/T 44413-2024 Table 4 row 1",urban,17,False,75.9,116.0,39.3,9.16,6.6,operator_timetable_departures,0.0,True,pass,pass,urban,speed proxy 39 km/h at or below 60,,include,,Amap topology match 2026-08-21,high,110100033066,"operator English name is a descriptive translation, an official English name was not verified","GB/T 44413-2024 clause 5.1 and Table 2 for the system type and capacity class, reconciled against CAMET 2025 annual report table 3 per-city mode kilometres (china_metro/data calibration/camet2025_table3_mode_km.csv)",,,大运能 (>=3 万人次/h),"Beijing Subway Operation Co., Ltd. (北京市地铁运营有限公司)"
Beijing,14,14号线,Line 14,steel-wheel metro,"Urban rail transit, metro system, GB/T 44413-2024 Table 4 row 1",urban,36,False,88.8,164.0,32.5,9.74,6.2,operator_timetable_departures,0.0,True,pass,pass,urban,speed proxy 33 km/h at or below 60,,include,,Amap topology match 2026-08-21,high,900000028907,,"GB/T 44413-2024 clause 5.1 and Table 2 for the system type and capacity class, reconciled against CAMET 2025 annual report table 3 per-city mode kilometres (china_metro/data calibration/camet2025_table3_mode_km.csv)",,,大运能 (>=3 万人次/h),Beijing MTR Corporation Limited (北京京港地铁有限公司)
Beijing,15,15号线,Line 15,steel-wheel metro,"Urban rail transit, metro system, GB/T 44413-2024 Table 4 row 1",urban,20,False,76.9,116.0,39.8,10.0,6.0,operator_timetable_departures,0.0,True,pass,pass,urban,speed proxy 40 km/h at or below 60,,include,,Amap topology match 2026-08-21,high,110100023070,"operator English name is a descriptive translation, an official English name was not verified","GB/T 44413-2024 clause 5.1 and Table 2 for the system type and capacity class, reconciled against CAMET 2025 annual report table 3 per-city mode kilometres (china_metro/data calibration/camet2025_table3_mode_km.csv)",,,大运能 (>=3 万人次/h),"Beijing Subway Operation Co., Ltd. (北京市地铁运营有限公司)"
Beijing,16,16号线,Line 16,steel-wheel metro,"Urban rail transit, metro system, GB/T 44413-2024 Table 4 row 1",urban,30,False,91.7,164.0,33.6,7.53,8.0,operator_timetable_departures,0.0,True,pass,pass,urban,speed proxy 34 km/h at or below 60,,include,,Amap topology match 2026-08-21,high,900000062236,,"GB/T 44413-2024 clause 5.1 and Table 2 for the system type and capacity class, reconciled against CAMET 2025 annual report table 3 per-city mode kilometres (china_metro/data calibration/camet2025_table3_mode_km.csv)",,,大运能 (>=3 万人次/h),Beijing MTR Corporation Limited (北京京港地铁有限公司)
Beijing,17,19号线,Line 19,steel-wheel metro,"Urban rail transit, metro system, GB/T 44413-2024 Table 4 row 1",urban,10,False,39.2,52.0,45.2,10.24,5.9,operator_timetable_departures,0.0,True,pass,pass,urban,speed proxy 45 km/h at or below 60,,include,,Amap topology match 2026-08-21,high,900000079004,"operator English name is a descriptive translation, an official English name was not verified","GB/T 44413-2024 clause 5.1 and Table 2 for the system type and capacity class, reconciled against CAMET 2025 annual report table 3 per-city mode kilometres (china_metro/data calibration/camet2025_table3_mode_km.csv)",,,大运能 (>=3 万人次/h),"Beijing Rail Transit Operation Management Co., Ltd. (北京市轨道交通运营管理有限公司)"
Beijing,18,大兴机场线,Daxing Airport Express,steel-wheel metro,"Urban rail transit, metro system, airport line, GB/T 44413-2024 Table 4 row 1",dedicated airport express,3,False,74.8,38.0,118.2,5.76,10.4,operator_timetable_departures,0.0,False,pass,pass,metropolitan (Tier B),"Daxing Airport Express, 160 km/h; proxy unusable (25 km link stored as 2 min)",premium separate fare,"include as Tier B (metropolitan scope), report in sensitivity sample",,Amap topology match 2026-08-21,high,900000076659,"operator English name is a descriptive translation, an official English name was not verified","GB/T 44413-2024 clause 5.1 and Table 2 for the system type and capacity class, reconciled against CAMET 2025 annual report table 3 per-city mode kilometres (china_metro/data calibration/camet2025_table3_mode_km.csv)",,,大运能 (>=3 万人次/h),"Beijing Rail Transit Operation Management Co., Ltd. (北京市轨道交通运营管理有限公司)"
Beijing,19,昌平线,Changping Line,steel-wheel metro,"Urban rail transit, metro system, GB/T 44413-2024 Table 4 row 1",urban,20,False,81.2,118.0,41.3,11.24,5.3,operator_timetable_departures,0.0,True,pass,pass,urban,speed proxy 41 km/h at or below 60,,include,,Amap topology match 2026-08-21,high,110100023118,"operator English name is a descriptive translation, an official English name was not verified","GB/T 44413-2024 clause 5.1 and Table 2 for the system type and capacity class, reconciled against CAMET 2025 annual report table 3 per-city mode kilometres (china_metro/data calibration/camet2025_table3_mode_km.csv)",,,大运能 (>=3 万人次/h),"Beijing Subway Operation Co., Ltd. (北京市地铁运营有限公司)"
Beijing,20,房山线,Fangshan Line,steel-wheel metro,"Urban rail transit, metro system, GB/T 44413-2024 Table 4 row 1",urban,16,False,58.4,90.0,39.0,9.71,6.2,operator_timetable_departures,0.0,True,pass,pass,urban,speed proxy 39 km/h at or below 60,,include,,Amap topology match 2026-08-21,high,110100023092,"operator English name is a descriptive translation, an official English name was not verified","GB/T 44413-2024 clause 5.1 and Table 2 for the system type and capacity class, reconciled against CAMET 2025 annual report table 3 per-city mode kilometres (china_metro/data calibration/camet2025_table3_mode_km.csv)",,,大运能 (>=3 万人次/h),"Beijing Subway Operation Co., Ltd. (北京市地铁运营有限公司)"
Beijing,21,亦庄线,Yizhuang Line,steel-wheel metro,"Urban rail transit, metro system, GB/T 44413-2024 Table 4 row 1",urban,14,False,42.4,70.0,36.3,7.5,8.0,operator_timetable_departures,0.0,True,pass,pass,urban,speed proxy 36 km/h at or below 60,,include,,Amap topology match 2026-08-21,high,110100023102,"operator English name is a descriptive translation, an official English name was not verified","GB/T 44413-2024 clause 5.1 and Table 2 for the system type and capacity class, reconciled against CAMET 2025 annual report table 3 per-city mode kilometres (china_metro/data calibration/camet2025_table3_mode_km.csv)",,,大运能 (>=3 万人次/h),"Beijing Subway Operation Co., Ltd. (北京市地铁运营有限公司)"
Beijing,22,首都机场线,Capital Airport Express,steel-wheel linear-motor metro,"Urban rail transit, metro system, airport line, GB/T 44413-2024 Table 4 row 1",dedicated airport express,5,False,85.0,124.0,41.1,4.63,13.0,operator_timetable_departures,0.0,True,pass,pass,urban,speed proxy 41 km/h at or below 60,premium separate fare,"include, flagged: premium fare not integrated (UITP precedent: KLIA Express excluded)",,Amap topology match 2026-08-21,high,110100023096,"Capital Airport Express is run by the Beijing Subway subsidiary Jingcheng Subway, not by the parent Beijing Subway Operation Co., Ltd.. operator English name is a descriptive translation, an official English name was not verified","GB/T 44413-2024 clause 5.1 and Table 2 for the system type and capacity class, reconciled against CAMET 2025 annual report table 3 per-city mode kilometres (china_metro/data calibration/camet2025_table3_mode_km.csv)",,,大运能 (>=3 万人次/h),"Beijing Jingcheng Subway Co., Ltd. (北京京城地铁有限公司)"
Beijing,24,燕房线,Yanfang Line,steel-wheel metro,"Urban rail transit, metro system, GB/T 44413-2024 Table 4 row 1",urban,9,False,24.9,42.0,35.6,7.67,7.8,published_interval_band_section,0.0,True,pass,pass,urban,speed proxy 36 km/h at or below 60,,include,,Amap topology match 2026-08-21,high,900000029622,"operator English name is a descriptive translation, an official English name was not verified","GB/T 44413-2024 clause 5.1 and Table 2 for the system type and capacity class, reconciled against CAMET 2025 annual report table 3 per-city mode kilometres (china_metro/data calibration/camet2025_table3_mode_km.csv)",,,大运能 (>=3 万人次/h),"Beijing Rail Transit Operation Management Co., Ltd. (北京市轨道交通运营管理有限公司)"
Beijing,25,S1线,S1 Line (maglev),low- and medium-speed maglev,"Urban rail transit, medium-low speed maglev system, GB/T 44413-2024 Table 4 row 8",urban,8,False,17.7,46.0,23.1,6.74,8.9,operator_timetable_departures,0.0,True,pass,pass,urban,speed proxy 23 km/h at or below 60,,include,,Amap topology match 2026-08-21,high,900000069871,"operator English name is a descriptive translation, an official English name was not verified","GB/T 44413-2024 clause 5.1 and Table 2 for the system type and capacity class, reconciled against CAMET 2025 annual report table 3 per-city mode kilometres (china_metro/data calibration/camet2025_table3_mode_km.csv)",,,中运能 (1 to <3 万人次/h),"Beijing Subway Operation Co., Ltd. (北京市地铁运营有限公司)"
Beijing,27,17号线,Line 17,steel-wheel metro,"Urban rail transit, metro system, GB/T 44413-2024 Table 4 row 1",urban,7,False,30.7,38.0,48.4,7.24,8.3,operator_timetable_departures,0.0,True,pass,pass,urban,speed proxy 48 km/h at or below 60,,include,28,Amap topology match 2026-08-21,medium,900000099933,"same line name as route(s) 28: direction copy, extension segment or fragment","GB/T 44413-2024 clause 5.1 and Table 2 for the system type and capacity class, reconciled against CAMET 2025 annual report table 3 per-city mode kilometres (china_metro/data calibration/camet2025_table3_mode_km.csv)",,,大运能 (>=3 万人次/h),Beijing MTR Corporation Limited (北京京港地铁有限公司)
Beijing,28,17号线,Line 17,steel-wheel metro,"Urban rail transit, metro system, GB/T 44413-2024 Table 4 row 1",urban,9,False,45.0,60.0,45.0,7.24,8.3,operator_timetable_departures,0.0,True,pass,pass,urban,speed proxy 45 km/h at or below 60,,include,27,Amap topology match 2026-08-21,high,900000099933,"same line name as route(s) 27: direction copy, extension segment or fragment","GB/T 44413-2024 clause 5.1 and Table 2 for the system type and capacity class, reconciled against CAMET 2025 annual report table 3 per-city mode kilometres (china_metro/data calibration/camet2025_table3_mode_km.csv)",,,大运能 (>=3 万人次/h),Beijing MTR Corporation Limited (北京京港地铁有限公司)
Beijing,29,6号线,Line 6,steel-wheel metro,"Urban rail transit, metro system, GB/T 44413-2024 Table 4 row 1",urban,34,False,103.2,170.0,36.4,10.66,5.6,operator_timetable_departures,0.0,True,pass,pass,urban,speed proxy 36 km/h at or below 60,,include,,Amap topology match 2026-08-21,high,110100023339,"operator English name is a descriptive translation, an official English name was not verified","GB/T 44413-2024 clause 5.1 and Table 2 for the system type and capacity class, reconciled against CAMET 2025 annual report table 3 per-city mode kilometres (china_metro/data calibration/camet2025_table3_mode_km.csv)",,,大运能 (>=3 万人次/h),"Beijing Subway Operation Co., Ltd. (北京市地铁运营有限公司)"
Beijing,30,3号线,Line 3,steel-wheel metro,"Urban rail transit, metro system, GB/T 44413-2024 Table 4 row 1",urban,10,False,26.4,48.0,32.9,9.79,6.1,operator_timetable_departures,0.0,True,pass,pass,urban,speed proxy 33 km/h at or below 60,,include,,Amap topology match 2026-08-21,high,900000058113,"operator English name is a descriptive translation, an official English name was not verified","GB/T 44413-2024 clause 5.1 and Table 2 for the system type and capacity class, reconciled against CAMET 2025 annual report table 3 per-city mode kilometres (china_metro/data calibration/camet2025_table3_mode_km.csv)",,,大运能 (>=3 万人次/h),"Beijing Subway Operation Co., Ltd. (北京市地铁运营有限公司)"
Busan,1,1호선,Line 1,steel-wheel metro,"Urban railroad under the Urban Railroad Act, Article 2",urban,40,False,75.4,153.7,29.4,9.32,6.4,gtfs_weekday_trips,,True,pass,pass,urban,speed proxy 29 km/h at or below 60,,include,,operator feed / hand-coded registry,exact,,,"도시철도법 제2조 designation, with per-line station and length figures from the operator pages recorded in analysis/10_JP_KR_CALIBRATION.md",,,,Busan Transportation Corporation (부산교통공사)
Busan,2,2호선,Line 2,steel-wheel metro,"Urban railroad under the Urban Railroad Act, Article 2",urban,43,False,86.7,170.1,30.6,8.84,6.8,gtfs_weekday_trips,,True,pass,pass,urban,speed proxy 31 km/h at or below 60,,include,,operator feed / hand-coded registry,exact,,extends to 양산 in Gyeongsangnam-do under the same 도시철도 designation,"도시철도법 제2조 designation, with per-line station and length figures from the operator pages recorded in analysis/10_JP_KR_CALIBRATION.md",,,,Busan Transportation Corporation (부산교통공사)
Busan,3,3호선,Line 3,steel-wheel metro,"Urban railroad under the Urban Railroad Act, Article 2",urban,17,False,34.8,68.1,30.6,8.37,7.2,gtfs_weekday_trips,,True,pass,pass,urban,speed proxy 31 km/h at or below 60,,include,,operator feed / hand-coded registry,exact,,,"도시철도법 제2조 designation, with per-line station and length figures from the operator pages recorded in analysis/10_JP_KR_CALIBRATION.md",,,,Busan Transportation Corporation (부산교통공사)
Busan,4,4호선,Line 4,rubber-tyred automated guideway transit,"Urban railroad under the Urban Railroad Act, Article 2",urban,14,False,22.7,50.0,27.2,8.05,7.5,gtfs_weekday_trips,,True,pass,pass,urban,speed proxy 27 km/h at or below 60,,include,,operator feed / hand-coded registry,exact,,"rubber-tyred K-AGT, fully segregated","Busan Transportation Corporation, 호선별 전동차소개 4호선, http://www2.humetro.busan.kr/homepage/cht/page/subLocation.do?menu_no=100105040204 (K-AGT 무인운전 경량전철, 고무차륜 with side guidance on concrete guideway; 17 trainsets, 102 cars) [accessed 2026-09-10]",6 cars,,,Busan Transportation Corporation (부산교통공사)
Busan,5,부산김해경전철,Busan-Gimhae Light Rail Transit,steel-wheel metro,"Urban railroad under the Urban Railroad Act, Article 2",urban,21,False,42.7,80.8,31.7,10.37,5.8,gtfs_weekday_trips,,True,pass,pass,urban,speed proxy 32 km/h at or below 60,,include,,operator feed / hand-coded registry,exact,,"2-car rubber-tyred, fully elevated; 도시철도 designated jointly by Busan and Gimhae | v3 technology correction 2026-09-10: recorded as rubber-tyred AGT in v2. The published track gauge is standard 1,435 mm, which a rubber-tyred AGT does not have, so the line is steel wheel on steel rail. Verdict unchanged.. private BTO concession, the company has run operations directly since April 2017. former technology label: steel-wheel driverless light metro","부산역사문화대전, 부산 김해 경전철, https://busan.grandculture.net/Contents/Contents?dataType=01&contents_id=GC04213681 (궤간 표준궤 1,435 mm, 21 stations, max speed 70 km/h). The standard track gauge establishes steel wheel on steel rail and is the basis of the v3 technology correction [accessed 2026-09-10]",,184 (304 crush),,"Busan-Gimhae Light Rail Transit Co., Ltd. (부산김해경전철㈜)"
Changchun,1,1号线,Line 1,steel-wheel metro,"Urban rail transit, metro system, GB/T 44413-2024 Table 4 row 1",urban,15,False,35.0,62.0,33.9,8.89,6.7,press_quoted_operator_notice,0.0,True,pass,pass,urban,speed proxy 34 km/h at or below 60,,include,,Amap topology match 2026-08-21,high,220100020890,"operator is the Operations Headquarters division of the rail transit group, not a separate company. It is not the public bus group. operator English name is a descriptive translation, an official English name was not verified","GB/T 44413-2024 clause 5.1 and Table 2 for the system type and capacity class, reconciled against CAMET 2025 annual report table 3 per-city mode kilometres (china_metro/data calibration/camet2025_table3_mode_km.csv)",,,大运能 (>=3 万人次/h),"Changchun Rail Transit Group Co., Ltd., Operations Headquarters (长春市轨道交通集团有限公司运营事业总部)"
Changchun,2,4号线,Line 4,steel-wheel light rail,"Urban rail transit, light rail system, GB/T 44413-2024 Table 4 row 2",urban,21,False,39.4,84.0,28.1,7.46,8.0,press_quoted_operator_notice,0.0,True,pass,pass,urban,speed proxy 28 km/h at or below 60,,include,,Amap topology match 2026-08-21,high,220100020886,"CAMET 2025: 轻轨. operator is the Operations Headquarters division of the rail transit group, not a separate company. The fourth-branch label recorded earlier is not supported for 2025. operator English name is a descriptive translation, an official English name was not verified. former technology label: steel-wheel light rail, fully segregated","GB/T 44413-2024 clause 5.1 and Table 2 for the system type and capacity class, reconciled against CAMET 2025 annual report table 3 per-city mode kilometres (china_metro/data calibration/camet2025_table3_mode_km.csv)",,,中运能 (1 to <3 万人次/h),"Changchun Rail Transit Group Co., Ltd., Operations Headquarters (长春市轨道交通集团有限公司运营事业总部)"
Changchun,3,6号线,Line 6,steel-wheel metro,"Urban rail transit, metro system, GB/T 44413-2024 Table 4 row 1",urban,22,False,54.4,90.0,36.2,8.25,7.3,press_quoted_operator_notice,0.0,True,pass,pass,urban,speed proxy 36 km/h at or below 60,,include,,Amap topology match 2026-08-21,high,900000142958,"operator is the Operations Headquarters division of the rail transit group, not a separate company. It is not the public bus group. operator English name is a descriptive translation, an official English name was not verified","GB/T 44413-2024 clause 5.1 and Table 2 for the system type and capacity class, reconciled against CAMET 2025 annual report table 3 per-city mode kilometres (china_metro/data calibration/camet2025_table3_mode_km.csv)",,,大运能 (>=3 万人次/h),"Changchun Rail Transit Group Co., Ltd., Operations Headquarters (长春市轨道交通集团有限公司运营事业总部)"
Changchun,4,8号线,Line 8,steel-wheel light rail,"Urban rail transit, light rail system, GB/T 44413-2024 Table 4 row 2",urban,12,False,23.9,50.0,28.6,4.89,12.3,press_quoted_operator_notice,0.0,True,pass,pass,urban,speed proxy 29 km/h at or below 60,,include,,Amap topology match 2026-08-21,high,900000080340,"CAMET 2025: 轻轨. operator is the Operations Headquarters division of the rail transit group, not a separate company. It is not the public bus group. operator English name is a descriptive translation, an official English name was not verified. former technology label: steel-wheel light rail, fully segregated","GB/T 44413-2024 clause 5.1 and Table 2 for the system type and capacity class, reconciled against CAMET 2025 annual report table 3 per-city mode kilometres (china_metro/data calibration/camet2025_table3_mode_km.csv)",,,中运能 (1 to <3 万人次/h),"Changchun Rail Transit Group Co., Ltd., Operations Headquarters (长春市轨道交通集团有限公司运营事业总部)"
Changchun,5,3号线,Line 3,steel-wheel light rail,"Urban rail transit, light rail system, GB/T 44413-2024 Table 4 row 2",urban,34,False,66.4,134.0,29.7,8.25,7.3,press_quoted_operator_notice,0.0,True,pass,pass,urban,speed proxy 30 km/h at or below 60,,include,,Amap topology match 2026-08-21,high,220100030615,"CAMET 2025: 轻轨 (68.20 km together with Lines 4 and 8). T1 reviewed 2026-09-12: retained. The former technology string ""fully segregated"" was withdrawn because it overstated the evidence and contradicted this row's own note. T1 tests whether the right of way is exclusive to the line, not whether the line is fully grade separated. EVIDENCE STILL TO BE ATTACHED: the grade-separation works and the current status of the remaining at-grade sections.. operator is the Operations Headquarters division of the rail transit group, not a separate company. The public bus group recorded earlier does not run the line. operator English name is a descriptive translation, an official English name was not verified. former technology label: steel-wheel light rail, exclusive right of way","GB/T 44413-2024 clause 5.1 and Table 2 for the system type and capacity class, reconciled against CAMET 2025 annual report table 3 per-city mode kilometres (china_metro/data calibration/camet2025_table3_mode_km.csv)",,,中运能 (1 to <3 万人次/h),"Changchun Rail Transit Group Co., Ltd., Operations Headquarters (长春市轨道交通集团有限公司运营事业总部)"
Changchun,6,2号线,Line 2,steel-wheel metro,"Urban rail transit, metro system, GB/T 44413-2024 Table 4 row 1",urban,21,False,48.5,82.0,35.5,8.5,7.1,press_quoted_operator_notice,0.0,True,pass,pass,urban,speed proxy 35 km/h at or below 60,,include,,Amap topology match 2026-08-21,high,900000049355,"operator is the Operations Headquarters division of the rail transit group, not a separate company. It is not the public bus group. operator English name is a descriptive translation, an official English name was not verified","GB/T 44413-2024 clause 5.1 and Table 2 for the system type and capacity class, reconciled against CAMET 2025 annual report table 3 per-city mode kilometres (china_metro/data calibration/camet2025_table3_mode_km.csv)",,,大运能 (>=3 万人次/h),"Changchun Rail Transit Group Co., Ltd., Operations Headquarters (长春市轨道交通集团有限公司运营事业总部)"
Changsha,1,1号线,Line 1,steel-wheel metro,"Urban rail transit, metro system, GB/T 44413-2024 Table 4 row 1",urban,25,False,65.5,112.0,35.1,8.48,7.1,published_peak_offpeak_only,0.404,True,pass,pass,urban,speed proxy 35 km/h at or below 60,,include,,Amap topology match 2026-08-21,high,430100020925,"operating subsidiary of Changsha Rail Transit Group. operator English name is a descriptive translation, an official English name was not verified","GB/T 44413-2024 clause 5.1 and Table 2 for the system type and capacity class, reconciled against CAMET 2025 annual report table 3 per-city mode kilometres (china_metro/data calibration/camet2025_table3_mode_km.csv)",,,大运能 (>=3 万人次/h),"Changsha Rail Transit Operation Co., Ltd. (长沙市轨道交通运营有限公司)"
Changsha,2,2号线,Line 2,steel-wheel metro,"Urban rail transit, metro system, GB/T 44413-2024 Table 4 row 1",urban,23,False,55.7,92.0,36.3,10.03,6.0,published_peak_offpeak_only,0.763,True,pass,pass,urban,speed proxy 36 km/h at or below 60,,include,,Amap topology match 2026-08-21,medium,430100020927,"operating subsidiary of Changsha Rail Transit Group. operator English name is a descriptive translation, an official English name was not verified","GB/T 44413-2024 clause 5.1 and Table 2 for the system type and capacity class, reconciled against CAMET 2025 annual report table 3 per-city mode kilometres (china_metro/data calibration/camet2025_table3_mode_km.csv)",,,大运能 (>=3 万人次/h),"Changsha Rail Transit Operation Co., Ltd. (长沙市轨道交通运营有限公司)"
Changsha,3,3号线,Line 3,steel-wheel metro,"Urban rail transit, metro system, GB/T 44413-2024 Table 4 row 1",urban,33,False,102.5,174.0,35.3,6.62,9.1,published_peak_offpeak_only,0.88,True,pass,pass,urban,speed proxy 35 km/h at or below 60,,include,,Amap topology match 2026-08-21,high,900000065929,"operating subsidiary of Changsha Rail Transit Group. operator English name is a descriptive translation, an official English name was not verified","GB/T 44413-2024 clause 5.1 and Table 2 for the system type and capacity class, reconciled against CAMET 2025 annual report table 3 per-city mode kilometres (china_metro/data calibration/camet2025_table3_mode_km.csv)",,,大运能 (>=3 万人次/h),"Changsha Rail Transit Operation Co., Ltd. (长沙市轨道交通运营有限公司)"
Changsha,4,4号线,Line 4,steel-wheel metro,"Urban rail transit, metro system, GB/T 44413-2024 Table 4 row 1",urban,25,False,62.4,116.0,32.3,7.25,8.3,published_peak_offpeak_only,0.853,True,pass,pass,urban,speed proxy 32 km/h at or below 60,,include,,Amap topology match 2026-08-21,high,900000066167,"operating subsidiary of Changsha Rail Transit Group. operator English name is a descriptive translation, an official English name was not verified","GB/T 44413-2024 clause 5.1 and Table 2 for the system type and capacity class, reconciled against CAMET 2025 annual report table 3 per-city mode kilometres (china_metro/data calibration/camet2025_table3_mode_km.csv)",,,大运能 (>=3 万人次/h),"Changsha Rail Transit Operation Co., Ltd. (长沙市轨道交通运营有限公司)"
Changsha,5,5号线,Line 5,steel-wheel metro,"Urban rail transit, metro system, GB/T 44413-2024 Table 4 row 1",urban,18,False,42.8,80.0,32.1,6.58,9.1,published_peak_offpeak_only,0.881,True,pass,pass,urban,speed proxy 32 km/h at or below 60,,include,,Amap topology match 2026-08-21,high,900000066175,"operating subsidiary of Changsha Rail Transit Group. operator English name is a descriptive translation, an official English name was not verified","GB/T 44413-2024 clause 5.1 and Table 2 for the system type and capacity class, reconciled against CAMET 2025 annual report table 3 per-city mode kilometres (china_metro/data calibration/camet2025_table3_mode_km.csv)",,,大运能 (>=3 万人次/h),"Changsha Rail Transit Operation Co., Ltd. (长沙市轨道交通运营有限公司)"
Changsha,6,6号线,Line 6,steel-wheel metro,"Urban rail transit, metro system, GB/T 44413-2024 Table 4 row 1",urban,34,False,92.4,162.0,34.2,7.15,8.4,inherited_from_trunk,0.015,True,pass,pass,urban,speed proxy 34 km/h at or below 60,,include,,Amap topology match 2026-08-21,high,900000075109,"Guangzhou-led PPP company, operates and maintains the whole line since its 2022 opening. operator English name is a descriptive translation, an official English name was not verified","GB/T 44413-2024 clause 5.1 and Table 2 for the system type and capacity class, reconciled against CAMET 2025 annual report table 3 per-city mode kilometres (china_metro/data calibration/camet2025_table3_mode_km.csv)",,,大运能 (>=3 万人次/h),"Changsha Suicheng Rail Transit Co., Ltd. (长沙穗城轨道交通有限公司)"
Changsha,7,磁浮快线, Changsha Maglev Express / Line S2,low- and medium-speed maglev,"Urban rail transit, medium-low speed maglev system, GB/T 44413-2024 Table 4 row 8",dedicated airport express,3,False,31.9,32.0,59.8,5.89,10.2,published_peak_offpeak_only,0.882,False,pass,pass,urban (proxy unreliable),speed proxy unreliable: fewer than 4 stations,premium separate fare,"include, flagged: premium fare not integrated (UITP precedent: KLIA Express excluded)",,Amap topology match 2026-08-21 with manual override,low,900000066167,"separate 20 yuan flat fare, airport to high-speed station; fare not integrated. operator English name is a descriptive translation, an official English name was not verified","GB/T 44413-2024 clause 5.1 and Table 2 for the system type and capacity class, reconciled against CAMET 2025 annual report table 3 per-city mode kilometres (china_metro/data calibration/camet2025_table3_mode_km.csv)",,,中运能 (1 to <3 万人次/h),"Hunan Maglev Transportation Development Co., Ltd. (湖南磁浮交通发展股份有限公司)"
Changzhou,1,1号线,Line 1,steel-wheel metro,"Urban rail transit, metro system, GB/T 44413-2024 Table 4 row 1",urban,29,False,65.3,118.0,33.2,6.79,8.8,published_peak_offpeak_only,0.744,True,pass,pass,urban,speed proxy 33 km/h at or below 60,,include,,Amap topology match 2026-08-21,high,900000045578,"operator English name is a descriptive translation, an official English name was not verified","GB/T 44413-2024 clause 5.1 and Table 2 for the system type and capacity class, reconciled against CAMET 2025 annual report table 3 per-city mode kilometres (china_metro/data calibration/camet2025_table3_mode_km.csv)",,,大运能 (>=3 万人次/h),"Changzhou Metro Group Co., Ltd., Operations Branch (常州地铁集团有限公司运营分公司)"
Changzhou,2,2号线,Line 2,steel-wheel metro,"Urban rail transit, metro system, GB/T 44413-2024 Table 4 row 1",urban,15,False,35.8,64.0,33.6,7.05,8.5,published_peak_offpeak_only,0.752,True,pass,pass,urban,speed proxy 34 km/h at or below 60,,include,,Amap topology match 2026-08-21,high,900000068186,"operator English name is a descriptive translation, an official English name was not verified","GB/T 44413-2024 clause 5.1 and Table 2 for the system type and capacity class, reconciled against CAMET 2025 annual report table 3 per-city mode kilometres (china_metro/data calibration/camet2025_table3_mode_km.csv)",,,大运能 (>=3 万人次/h),"Changzhou Metro Group Co., Ltd., Operations Branch (常州地铁集团有限公司运营分公司)"
Chengdu,1,2号线,Line 2,steel-wheel metro,"Urban rail transit, metro system, GB/T 44413-2024 Table 4 row 1",urban,32,False,78.8,146.0,32.4,12.0,5.0,transcription_2025_unsourced,,True,pass,pass,urban,speed proxy 32 km/h at or below 60,,include,,Amap topology match 2026-08-21,high,510100024533,"operating subsidiary of Chengdu Rail Transit Group. operator English name is a descriptive translation, an official English name was not verified","GB/T 44413-2024 clause 5.1 and Table 2 for the system type and capacity class, reconciled against CAMET 2025 annual report table 3 per-city mode kilometres (china_metro/data calibration/camet2025_table3_mode_km.csv)",,,大运能 (>=3 万人次/h),"Chengdu Metro Operation Co., Ltd. (成都地铁运营有限公司)"
Chengdu,2,S3(资阳)线, Ziyang Line / Line S3,steel-wheel metro,"Urban rail transit, metro system, GB/T 44413-2024 Table 4 row 1",urban,7,False,71.7,63.0,68.3,3.18,18.8,press_quoted_operator_notice,0.011,True,pass,pass,metropolitan (Tier B),"S3 Chengdu-Ziyang line, 市域 intercity; proxy unreliable (impossible link)",,"include as Tier B (metropolitan scope), report in sensitivity sample",,Amap topology match 2026-08-21,high,900000156039,"subsidiary of Chengdu Rail Transit Group managed by Chengdu Metro Operation Co., Ltd., line opened 2024-09-29. operator English name is a descriptive translation, an official English name was not verified","GB/T 44413-2024 clause 5.1 and Table 2 for the system type and capacity class, reconciled against CAMET 2025 annual report table 3 per-city mode kilometres (china_metro/data calibration/camet2025_table3_mode_km.csv)",,,大运能 (>=3 万人次/h),"Chengdu Chengzi Rail Transit Co., Ltd. (成都成资轨道交通有限公司)"
Chengdu,3,3号线,Line 3,steel-wheel metro,"Urban rail transit, metro system, GB/T 44413-2024 Table 4 row 1",urban,37,False,93.7,164.0,34.3,10.0,6.0,transcription_2025_unsourced,,True,pass,pass,urban,speed proxy 34 km/h at or below 60,,include,,Amap topology match 2026-08-21,high,900000039590,"operating subsidiary of Chengdu Rail Transit Group. operator English name is a descriptive translation, an official English name was not verified","GB/T 44413-2024 clause 5.1 and Table 2 for the system type and capacity class, reconciled against CAMET 2025 annual report table 3 per-city mode kilometres (china_metro/data calibration/camet2025_table3_mode_km.csv)",,,大运能 (>=3 万人次/h),"Chengdu Metro Operation Co., Ltd. (成都地铁运营有限公司)"
Chengdu,4,4号线,Line 4,steel-wheel metro,"Urban rail transit, metro system, GB/T 44413-2024 Table 4 row 1",urban,30,False,81.6,142.0,34.5,10.0,6.0,transcription_2025_unsourced,,True,pass,pass,urban,speed proxy 34 km/h at or below 60,,include,,Amap topology match 2026-08-21,high,900000039621,"operating subsidiary of Chengdu Rail Transit Group. operator English name is a descriptive translation, an official English name was not verified","GB/T 44413-2024 clause 5.1 and Table 2 for the system type and capacity class, reconciled against CAMET 2025 annual report table 3 per-city mode kilometres (china_metro/data calibration/camet2025_table3_mode_km.csv)",,,大运能 (>=3 万人次/h),"Chengdu Metro Operation Co., Ltd. (成都地铁运营有限公司)"
Chengdu,5,5号线,Line 5,steel-wheel metro,"Urban rail transit, metro system, GB/T 44413-2024 Table 4 row 1",urban,41,False,93.7,180.0,31.2,10.0,6.0,transcription_2025_unsourced,,True,pass,pass,urban,speed proxy 31 km/h at or below 60,,include,,Amap topology match 2026-08-21,high,900000058344,"operating subsidiary of Chengdu Rail Transit Group. operator English name is a descriptive translation, an official English name was not verified","GB/T 44413-2024 clause 5.1 and Table 2 for the system type and capacity class, reconciled against CAMET 2025 annual report table 3 per-city mode kilometres (china_metro/data calibration/camet2025_table3_mode_km.csv)",,,大运能 (>=3 万人次/h),"Chengdu Metro Operation Co., Ltd. (成都地铁运营有限公司)"
Chengdu,6,6号线,Line 6,steel-wheel metro,"Urban rail transit, metro system, GB/T 44413-2024 Table 4 row 1",urban,56,False,131.0,238.0,33.0,7.5,8.0,transcription_2025_unsourced,,True,pass,pass,urban,speed proxy 33 km/h at or below 60,,include,,Amap topology match 2026-08-21,high,900000061908,"operating subsidiary of Chengdu Rail Transit Group. operator English name is a descriptive translation, an official English name was not verified","GB/T 44413-2024 clause 5.1 and Table 2 for the system type and capacity class, reconciled against CAMET 2025 annual report table 3 per-city mode kilometres (china_metro/data calibration/camet2025_table3_mode_km.csv)",,,大运能 (>=3 万人次/h),"Chengdu Metro Operation Co., Ltd. (成都地铁运营有限公司)"
Chengdu,7,7号线,Line 7,steel-wheel metro,"Urban rail transit, metro system, GB/T 44413-2024 Table 4 row 1",urban,31,True,75.5,132.0,34.3,6.67,9.0,transcription_2025_unsourced,,True,pass,pass,urban,speed proxy 34 km/h at or below 60,,include,8,Amap topology match 2026-08-21,high,900000039592,"same line name as route(s) 8: direction copy, extension segment or fragment. operating subsidiary of Chengdu Rail Transit Group. operator English name is a descriptive translation, an official English name was not verified","GB/T 44413-2024 clause 5.1 and Table 2 for the system type and capacity class, reconciled against CAMET 2025 annual report table 3 per-city mode kilometres (china_metro/data calibration/camet2025_table3_mode_km.csv)",,,大运能 (>=3 万人次/h),"Chengdu Metro Operation Co., Ltd. (成都地铁运营有限公司)"
Chengdu,8,7号线,Line 7,steel-wheel metro,"Urban rail transit, metro system, GB/T 44413-2024 Table 4 row 1",urban,31,True,75.5,132.0,34.3,6.67,9.0,transcription_2025_unsourced,,True,pass,pass,urban,speed proxy 34 km/h at or below 60,,include,7,Amap topology match 2026-08-21,high,900000039592,"same line name as route(s) 7: direction copy, extension segment or fragment. operating subsidiary of Chengdu Rail Transit Group. operator English name is a descriptive translation, an official English name was not verified","GB/T 44413-2024 clause 5.1 and Table 2 for the system type and capacity class, reconciled against CAMET 2025 annual report table 3 per-city mode kilometres (china_metro/data calibration/camet2025_table3_mode_km.csv)",,,大运能 (>=3 万人次/h),"Chengdu Metro Operation Co., Ltd. (成都地铁运营有限公司)"
Chengdu,9,8号线,Line 8,steel-wheel metro,"Urban rail transit, metro system, GB/T 44413-2024 Table 4 row 1",urban,32,False,68.5,130.0,31.6,7.5,8.0,transcription_2025_unsourced,,True,pass,pass,urban,speed proxy 32 km/h at or below 60,,include,,Amap topology match 2026-08-21,high,900000075312,"operating subsidiary of Chengdu Rail Transit Group. operator English name is a descriptive translation, an official English name was not verified","GB/T 44413-2024 clause 5.1 and Table 2 for the system type and capacity class, reconciled against CAMET 2025 annual report table 3 per-city mode kilometres (china_metro/data calibration/camet2025_table3_mode_km.csv)",,,大运能 (>=3 万人次/h),"Chengdu Metro Operation Co., Ltd. (成都地铁运营有限公司)"
Chengdu,10,9号线,Line 9,steel-wheel metro,"Urban rail transit, metro system, GB/T 44413-2024 Table 4 row 1",urban,13,False,41.1,56.0,44.0,8.22,7.3,amap_interval_band,0.0,True,pass,pass,urban,speed proxy 44 km/h at or below 60,,include,,Amap topology match 2026-08-21,high,900000075807,"operating subsidiary of Chengdu Rail Transit Group. PPP project line, operation commissioned to the group operations business. operator English name is a descriptive translation, an official English name was not verified","GB/T 44413-2024 clause 5.1 and Table 2 for the system type and capacity class, reconciled against CAMET 2025 annual report table 3 per-city mode kilometres (china_metro/data calibration/camet2025_table3_mode_km.csv)",,,大运能 (>=3 万人次/h),"Chengdu Metro Operation Co., Ltd. (成都地铁运营有限公司)"
Chengdu,11,10号线,Line 10,steel-wheel metro,"Urban rail transit, metro system, GB/T 44413-2024 Table 4 row 1",urban,16,False,71.1,90.0,47.4,7.0,8.6,transcription_2025_unsourced,,True,pass,pass,urban,speed proxy 47 km/h at or below 60,,include,,Amap topology match 2026-08-21,high,900000059714,"operating subsidiary of Chengdu Rail Transit Group. operator English name is a descriptive translation, an official English name was not verified","GB/T 44413-2024 clause 5.1 and Table 2 for the system type and capacity class, reconciled against CAMET 2025 annual report table 3 per-city mode kilometres (china_metro/data calibration/camet2025_table3_mode_km.csv)",,,大运能 (>=3 万人次/h),"Chengdu Metro Operation Co., Ltd. (成都地铁运营有限公司)"
Chengdu,12,27号线,Line 27,steel-wheel metro,"Urban rail transit, metro system, GB/T 44413-2024 Table 4 row 1",urban,23,False,47.0,86.0,32.8,8.0,7.5,transcription_2025_unsourced,,True,pass,pass,urban,speed proxy 33 km/h at or below 60,,include,,Amap topology match 2026-08-21,high,900000150844,"operating subsidiary of Chengdu Rail Transit Group. operator English name is a descriptive translation, an official English name was not verified","GB/T 44413-2024 clause 5.1 and Table 2 for the system type and capacity class, reconciled against CAMET 2025 annual report table 3 per-city mode kilometres (china_metro/data calibration/camet2025_table3_mode_km.csv)",,,大运能 (>=3 万人次/h),"Chengdu Metro Operation Co., Ltd. (成都地铁运营有限公司)"
Chengdu,13,1号线,Line 1,steel-wheel metro,"Urban rail transit, metro system, GB/T 44413-2024 Table 4 row 1",urban,33,False,74.2,140.0,31.8,15.66,3.8,published_peak_offpeak_only,0.883,True,pass,pass,urban,speed proxy 32 km/h at or below 60,,include,14,Amap topology match 2026-08-21,high,510100022320,"same line name as route(s) 14: direction copy, extension segment or fragment. operating subsidiary of Chengdu Rail Transit Group. operator English name is a descriptive translation, an official English name was not verified","GB/T 44413-2024 clause 5.1 and Table 2 for the system type and capacity class, reconciled against CAMET 2025 annual report table 3 per-city mode kilometres (china_metro/data calibration/camet2025_table3_mode_km.csv)",,,大运能 (>=3 万人次/h),"Chengdu Metro Operation Co., Ltd. (成都地铁运营有限公司)"
Chengdu,14,1号线,Line 1,steel-wheel metro,"Urban rail transit, metro system, GB/T 44413-2024 Table 4 row 1",urban,3,False,3.8,10.0,22.9,15.73,3.8,published_peak_offpeak_only,0.883,False,pass,pass,urban (proxy unreliable),speed proxy unreliable: fewer than 4 stations,,include,13,Amap topology match 2026-08-21,high,510100022320,"same line name as route(s) 13: direction copy, extension segment or fragment. operating subsidiary of Chengdu Rail Transit Group. operator English name is a descriptive translation, an official English name was not verified","GB/T 44413-2024 clause 5.1 and Table 2 for the system type and capacity class, reconciled against CAMET 2025 annual report table 3 per-city mode kilometres (china_metro/data calibration/camet2025_table3_mode_km.csv)",,,大运能 (>=3 万人次/h),"Chengdu Metro Operation Co., Ltd. (成都地铁运营有限公司)"
Chengdu,15,17号线,Line 17,steel-wheel metro,"Urban rail transit, metro system, GB/T 44413-2024 Table 4 row 1",urban,3,False,11.1,12.0,55.6,8.0,7.5,transcription_2025_unsourced,,False,pass,pass,urban (proxy unreliable),speed proxy unreliable: fewer than 4 stations,,include,,Amap topology match 2026-08-21,high,900000078664,"operating subsidiary of Chengdu Rail Transit Group. PPP project line, operation commissioned to the group operations business. operator English name is a descriptive translation, an official English name was not verified","GB/T 44413-2024 clause 5.1 and Table 2 for the system type and capacity class, reconciled against CAMET 2025 annual report table 3 per-city mode kilometres (china_metro/data calibration/camet2025_table3_mode_km.csv)",,,大运能 (>=3 万人次/h),"Chengdu Metro Operation Co., Ltd. (成都地铁运营有限公司)"
Chengdu,16,18号线,Line 18,steel-wheel metro,"Urban rail transit, metro system, GB/T 44413-2024 Table 4 row 1",urban,12,False,127.1,102.0,74.7,9.8,6.1,published_peak_offpeak_only,0.308,True,pass,pass,metropolitan (Tier B),speed proxy 75 km/h above 60,,"include as Tier B (metropolitan scope), report in sensitivity sample",18,Amap topology match 2026-08-21,high,900000068815,"same line name as route(s) 18: direction copy, extension segment or fragment. operating subsidiary of Chengdu Rail Transit Group. PPP project line, operation commissioned to the group operations business. operator English name is a descriptive translation, an official English name was not verified","GB/T 44413-2024 clause 5.1 and Table 2 for the system type and capacity class, reconciled against CAMET 2025 annual report table 3 per-city mode kilometres (china_metro/data calibration/camet2025_table3_mode_km.csv)",,,大运能 (>=3 万人次/h),"Chengdu Metro Operation Co., Ltd. (成都地铁运营有限公司)"
Chengdu,17,19号线,Line 19,steel-wheel metro,"Urban rail transit, metro system, GB/T 44413-2024 Table 4 row 1",urban,18,False,110.6,116.0,57.2,10.96,5.5,published_peak_offpeak_only,0.767,True,pass,pass,metropolitan (Tier B),"Line 19, 160 km/h airport express; proxy unreliable (mislocated stations)",,"include as Tier B (metropolitan scope), report in sensitivity sample",,Amap topology match 2026-08-21,medium,900000150618,"operating subsidiary of Chengdu Rail Transit Group. operator English name is a descriptive translation, an official English name was not verified","GB/T 44413-2024 clause 5.1 and Table 2 for the system type and capacity class, reconciled against CAMET 2025 annual report table 3 per-city mode kilometres (china_metro/data calibration/camet2025_table3_mode_km.csv)",,,大运能 (>=3 万人次/h),"Chengdu Metro Operation Co., Ltd. (成都地铁运营有限公司)"
Chengdu,18,18号线,Line 18,steel-wheel metro,"Urban rail transit, metro system, GB/T 44413-2024 Table 4 row 1",urban,5,False,70.4,52.0,81.2,8.77,6.8,press_quoted_operator_notice,0.0,True,pass,pass,metropolitan (Tier B),speed proxy 81 km/h above 60,,"include as Tier B (metropolitan scope), report in sensitivity sample",16,Amap topology match 2026-08-21,high,900000068815,"same line name as route(s) 16: direction copy, extension segment or fragment. operating subsidiary of Chengdu Rail Transit Group. PPP project line, operation commissioned to the group operations business. operator English name is a descriptive translation, an official English name was not verified","GB/T 44413-2024 clause 5.1 and Table 2 for the system type and capacity class, reconciled against CAMET 2025 annual report table 3 per-city mode kilometres (china_metro/data calibration/camet2025_table3_mode_km.csv)",,,大运能 (>=3 万人次/h),"Chengdu Metro Operation Co., Ltd. (成都地铁运营有限公司)"
Chongqing,1,1号线,Line 1,steel-wheel metro,"Urban rail transit, metro system, GB/T 44413-2024 Table 4 row 1",urban,25,False,83.7,128.0,39.2,14.34,4.2,published_peak_offpeak_only,0.759,True,pass,pass,urban,speed proxy 39 km/h at or below 60,,include,,Amap topology match 2026-08-21,high,500100022282,"restructured from Chongqing Rail Transit Group in April 2025, before the reference date. operator English name is a descriptive translation, an official English name was not verified","GB/T 44413-2024 clause 5.1 and Table 2 for the system type and capacity class, reconciled against CAMET 2025 annual report table 3 per-city mode kilometres (china_metro/data calibration/camet2025_table3_mode_km.csv)",,,大运能 (>=3 万人次/h),"Chongqing Rail Transit Operation Co., Ltd. (重庆轨道交通运营有限公司)"
Chongqing,2,2号线,Line 2,straddle-beam monorail,"Urban rail transit, straddle monorail system, GB/T 44413-2024 Table 4 row 3",urban,25,False,57.9,130.0,26.7,5.38,11.2,inherited_from_trunk,0.22,True,pass,pass,urban,speed proxy 27 km/h at or below 60,,include,,Amap topology match 2026-08-21,high,500100031250,"restructured from Chongqing Rail Transit Group in April 2025, before the reference date. operator English name is a descriptive translation, an official English name was not verified","GB/T 44413-2024 clause 5.1 and Table 2 for the system type and capacity class, reconciled against CAMET 2025 annual report table 3 per-city mode kilometres (china_metro/data calibration/camet2025_table3_mode_km.csv)",,,中运能 (1 to <3 万人次/h),"Chongqing Rail Transit Operation Co., Ltd. (重庆轨道交通运营有限公司)"
Chongqing,3,轨道交通3号线(空港线), Konggang line (branch line of line 3),straddle-beam monorail,"Urban rail transit, straddle monorail system, GB/T 44413-2024 Table 4 row 3",urban,7,False,20.0,30.0,39.9,5.05,11.9,amap_interval_band,0.0,True,pass,pass,urban,speed proxy 40 km/h at or below 60,,include,,Amap topology match 2026-08-21,high,900000067948,"restructured from Chongqing Rail Transit Group in April 2025, before the reference date. operator English name is a descriptive translation, an official English name was not verified","GB/T 44413-2024 clause 5.1 and Table 2 for the system type and capacity class, reconciled against CAMET 2025 annual report table 3 per-city mode kilometres (china_metro/data calibration/camet2025_table3_mode_km.csv)",,,中运能 (1 to <3 万人次/h),"Chongqing Rail Transit Operation Co., Ltd. (重庆轨道交通运营有限公司)"
Chongqing,4,3号线,Line 3,straddle-beam monorail,"Urban rail transit, straddle monorail system, GB/T 44413-2024 Table 4 row 3",urban,39,False,102.7,198.0,31.1,17.8,3.4,published_peak_offpeak_only,0.702,True,pass,pass,urban,speed proxy 31 km/h at or below 60,,include,,Amap topology match 2026-08-21,high,500100021584,"restructured from Chongqing Rail Transit Group in April 2025, before the reference date. operator English name is a descriptive translation, an official English name was not verified","GB/T 44413-2024 clause 5.1 and Table 2 for the system type and capacity class, reconciled against CAMET 2025 annual report table 3 per-city mode kilometres (china_metro/data calibration/camet2025_table3_mode_km.csv)",,,中运能 (1 to <3 万人次/h),"Chongqing Rail Transit Operation Co., Ltd. (重庆轨道交通运营有限公司)"
Chongqing,5,5号线,Line 5,steel-wheel metro,"Urban rail transit, metro system, GB/T 44413-2024 Table 4 row 1",urban,32,False,90.7,160.0,34.0,7.47,8.0,published_peak_offpeak_only,0.884,True,pass,pass,urban,speed proxy 34 km/h at or below 60,,include,,Amap topology match 2026-08-21,high,900000088463,"restructured from Chongqing Rail Transit Group in April 2025, before the reference date. operator English name is a descriptive translation, an official English name was not verified","GB/T 44413-2024 clause 5.1 and Table 2 for the system type and capacity class, reconciled against CAMET 2025 annual report table 3 per-city mode kilometres (china_metro/data calibration/camet2025_table3_mode_km.csv)",,,大运能 (>=3 万人次/h),"Chongqing Rail Transit Operation Co., Ltd. (重庆轨道交通运营有限公司)"
Chongqing,6,6号线,Line 6,steel-wheel metro,"Urban rail transit, metro system, GB/T 44413-2024 Table 4 row 1",urban,28,False,114.0,168.0,40.7,14.52,4.1,published_peak_offpeak_only,0.761,True,pass,pass,urban,speed proxy 41 km/h at or below 60,,include,,Amap topology match 2026-08-21,high,900000027933,"restructured from Chongqing Rail Transit Group in April 2025, before the reference date. operator English name is a descriptive translation, an official English name was not verified","GB/T 44413-2024 clause 5.1 and Table 2 for the system type and capacity class, reconciled against CAMET 2025 annual report table 3 per-city mode kilometres (china_metro/data calibration/camet2025_table3_mode_km.csv)",,,大运能 (>=3 万人次/h),"Chongqing Rail Transit Operation Co., Ltd. (重庆轨道交通运营有限公司)"
Chongqing,7,9号线,Line 9,steel-wheel metro,"Urban rail transit, metro system, GB/T 44413-2024 Table 4 row 1",urban,31,False,78.5,144.0,32.7,8.3,7.2,published_peak_offpeak_only,0.766,True,pass,pass,urban,speed proxy 33 km/h at or below 60,,include,,Amap topology match 2026-08-21,high,900000070621,"restructured from Chongqing Rail Transit Group in April 2025, before the reference date. operator English name is a descriptive translation, an official English name was not verified","GB/T 44413-2024 clause 5.1 and Table 2 for the system type and capacity class, reconciled against CAMET 2025 annual report table 3 per-city mode kilometres (china_metro/data calibration/camet2025_table3_mode_km.csv)",,,大运能 (>=3 万人次/h),"Chongqing Rail Transit Operation Co., Ltd. (重庆轨道交通运营有限公司)"
Chongqing,8,10号线,Line 10,steel-wheel metro,"Urban rail transit, metro system, GB/T 44413-2024 Table 4 row 1",urban,27,False,81.9,142.0,34.6,7.11,8.4,published_peak_offpeak_only,0.758,True,pass,pass,urban,speed proxy 35 km/h at or below 60,,include,,Amap topology match 2026-08-21,high,900000077387,"restructured from Chongqing Rail Transit Group in April 2025, before the reference date. operator English name is a descriptive translation, an official English name was not verified","GB/T 44413-2024 clause 5.1 and Table 2 for the system type and capacity class, reconciled against CAMET 2025 annual report table 3 per-city mode kilometres (china_metro/data calibration/camet2025_table3_mode_km.csv)",,,大运能 (>=3 万人次/h),"Chongqing Rail Transit Operation Co., Ltd. (重庆轨道交通运营有限公司)"
Chongqing,9,18号线,Line 18,steel-wheel metro,"Urban rail transit, metro system, GB/T 44413-2024 Table 4 row 1",urban,19,False,52.3,96.0,32.7,7.55,8.0,published_interval_band_line,0.0,True,pass,pass,urban,speed proxy 33 km/h at or below 60,,include,,Amap topology match 2026-08-21,high,900000131216,"PPP company for Line 18 phase I. The later northern extension has other operating arrangements and is outside the reference date. operator English name is a descriptive translation, an official English name was not verified","GB/T 44413-2024 clause 5.1 and Table 2 for the system type and capacity class, reconciled against CAMET 2025 annual report table 3 per-city mode kilometres (china_metro/data calibration/camet2025_table3_mode_km.csv)",,,大运能 (>=3 万人次/h),"Chongqing Rail Line 18 Construction and Operation Co., Ltd. (重庆轨道十八号线建设运营有限公司)"
Chongqing,10,璧铜线,Bishan-Tongliang Line,steel-wheel metro,"Urban rail transit, suburban rapid rail system, GB/T 44413-2024 Table 4 row 9",suburban/regional,9,False,69.0,60.0,69.0,2.58,23.2,published_average_interval,0.0,True,pass,pass,metropolitan (Tier B),designated 市域 / regional line,,"include as Tier B (metropolitan scope), report in sensitivity sample",,Amap topology match 2026-08-21,medium,900000166176,"operations company commissioned by the PPP project owner (Chongqing Yuxi Express Line construction and operation company), established 2024, line opened 2025-01-02. operator English name is a descriptive translation, an official English name was not verified","GB/T 44413-2024 clause 5.1 and Table 2 for the system type and capacity class, reconciled against CAMET 2025 annual report table 3 per-city mode kilometres (china_metro/data calibration/camet2025_table3_mode_km.csv)",,,大运能 or 中运能 (GB/T Table 2 permits both),"Chongqing Bitong Line Rail Transit Operation Management Co., Ltd. (重庆璧铜线轨道交通运营管理有限公司)"
Chongqing,11,轨道交通国博线, International Expo line (Branch line of line 6) ,steel-wheel metro,"Urban rail transit, metro system, GB/T 44413-2024 Table 4 row 1",urban,13,False,48.4,68.0,42.7,4.4,13.6,published_peak_offpeak_only,0.401,True,pass,pass,urban,speed proxy 43 km/h at or below 60,,include,,Amap topology match 2026-08-21,high,500100022269,"restructured from Chongqing Rail Transit Group in April 2025, before the reference date. operator English name is a descriptive translation, an official English name was not verified","GB/T 44413-2024 clause 5.1 and Table 2 for the system type and capacity class, reconciled against CAMET 2025 annual report table 3 per-city mode kilometres (china_metro/data calibration/camet2025_table3_mode_km.csv)",,,大运能 (>=3 万人次/h),"Chongqing Rail Transit Operation Co., Ltd. (重庆轨道交通运营有限公司)"
Chongqing,12,环线,Loop line,steel-wheel metro,"Urban rail transit, metro system, GB/T 44413-2024 Table 4 row 1",urban,33,True,94.8,174.0,32.7,7.75,7.7,press_quoted_operator_notice,0.223,True,pass,pass,urban,speed proxy 33 km/h at or below 60,,include,13,Amap topology match 2026-08-21,high,900000055077,"same line name as route(s) 13: direction copy, extension segment or fragment. restructured from Chongqing Rail Transit Group in April 2025, before the reference date. operator English name is a descriptive translation, an official English name was not verified","GB/T 44413-2024 clause 5.1 and Table 2 for the system type and capacity class, reconciled against CAMET 2025 annual report table 3 per-city mode kilometres (china_metro/data calibration/camet2025_table3_mode_km.csv)",,,大运能 (>=3 万人次/h),"Chongqing Rail Transit Operation Co., Ltd. (重庆轨道交通运营有限公司)"
Chongqing,13,环线,Loop line,steel-wheel metro,"Urban rail transit, metro system, GB/T 44413-2024 Table 4 row 1",urban,37,True,104.4,190.0,33.0,7.75,7.7,press_quoted_operator_notice,0.221,True,pass,pass,urban,speed proxy 33 km/h at or below 60,,include,12,Amap topology match 2026-08-21,medium,900000055077,"same line name as route(s) 12: direction copy, extension segment or fragment. restructured from Chongqing Rail Transit Group in April 2025, before the reference date. operator English name is a descriptive translation, an official English name was not verified","GB/T 44413-2024 clause 5.1 and Table 2 for the system type and capacity class, reconciled against CAMET 2025 annual report table 3 per-city mode kilometres (china_metro/data calibration/camet2025_table3_mode_km.csv)",,,大运能 (>=3 万人次/h),"Chongqing Rail Transit Operation Co., Ltd. (重庆轨道交通运营有限公司)"
Chongqing,15,江跳线,Jiangjin-Tiaodeng Line,steel-wheel metro,"Urban rail transit, suburban rapid rail system, GB/T 44413-2024 Table 4 row 9",suburban/regional,7,False,51.6,50.0,61.9,3.52,17.1,published_interval_band_line,0.124,True,pass,pass,metropolitan (Tier B),designated 市域 / regional line,,"include as Tier B (metropolitan scope), report in sensitivity sample",,Amap topology match 2026-08-21,high,900000161792,"operations contractor of the concession company 重庆轨道江跳线建设运营有限公司. operator English name is a descriptive translation, an official English name was not verified","GB/T 44413-2024 clause 5.1 and Table 2 for the system type and capacity class, reconciled against CAMET 2025 annual report table 3 per-city mode kilometres (china_metro/data calibration/camet2025_table3_mode_km.csv)",,,大运能 or 中运能 (GB/T Table 2 permits both),"Chongqing Jiangtiao Line Rail Transit Operation Management Co., Ltd. (重庆江跳线轨道交通运营管理有限公司)"
Chongqing,17,4号线,Line 4,steel-wheel metro,"Urban rail transit, metro system, GB/T 44413-2024 Table 4 row 1",urban,24,False,91.5,134.0,41.0,4.11,14.6,published_average_interval,0.0,True,pass,pass,urban,speed proxy 41 km/h at or below 60,,include,,Amap topology match 2026-08-21,high,900000070644,"separate PPP company for the whole of Line 4. operator English name is a descriptive translation, an official English name was not verified","GB/T 44413-2024 clause 5.1 and Table 2 for the system type and capacity class, reconciled against CAMET 2025 annual report table 3 per-city mode kilometres (china_metro/data calibration/camet2025_table3_mode_km.csv)",,,大运能 (>=3 万人次/h),"Chongqing Rail Line 4 Construction and Operation Co., Ltd. (重庆轨道四号线建设运营有限公司)"
Daegu,1,1호선,Line 1,steel-wheel metro,"Urban railroad under the Urban Railroad Act, Article 2",urban,32,False,73.6,133.7,33.0,7.74,7.8,gtfs_weekday_trips,,True,pass,fail (안심~하양 section),urban,speed proxy 33 km/h at or below 60,,"include, truncated at 안심",,operator feed / hand-coded registry,exact,,"Line 1 truncated at 안심. The 안심~하양 section (대구한의대병원, 부호, 하양) is a designated 광역철도 (도시철도 연장형 광역철도), listed by MOLIT alongside 하남선, 진접선 and 별내선, and is excluded on the same ground. Line 2 to 경산 carries no designation and is retained, which is the controlled pair.","도시철도법 제2조 designation, with per-line station and length figures from the operator pages recorded in analysis/10_JP_KR_CALIBRATION.md",,,,Daegu Transportation Corporation (대구교통공사)
Daegu,2,2호선,Line 2,steel-wheel metro,"Urban railroad under the Urban Railroad Act, Article 2",urban,29,False,60.2,110.0,32.8,7.74,7.8,gtfs_weekday_trips,,True,pass,pass,urban,speed proxy 33 km/h at or below 60,,include,,operator feed / hand-coded registry,exact,,,"도시철도법 제2조 designation, with per-line station and length figures from the operator pages recorded in analysis/10_JP_KR_CALIBRATION.md",,,,Daegu Transportation Corporation (대구교통공사)
Daegu,3,3호선,Line 3,straddle-beam monorail,"Urban railroad under the Urban Railroad Act, Article 2",urban,30,False,44.8,97.0,27.7,8.21,7.3,gtfs_weekday_trips,,True,pass,pass,urban,speed proxy 28 km/h at or below 60,,include,,operator feed / hand-coded registry,exact,,"straddle monorail, fully elevated, 3-car","대구도시철도 3호선 모노레일 시스템 소개, 철도저널 18(4), 2015, https://koreascience.kr/article/JAKO201528040102377.pdf (straddle monorail, first monorail public transport line in Korea; 23.1 km operating, 30 stations) [accessed 2026-09-10]",6 cars,,,Daegu Transportation Corporation (대구교통공사)
Dalian,1,1号线,Line 1,steel-wheel metro,"Urban rail transit, metro system, GB/T 44413-2024 Table 4 row 1",urban,22,False,50.5,100.0,30.3,8.23,7.3,published_peak_offpeak_only,0.934,True,pass,pass,urban,speed proxy 30 km/h at or below 60,,include,,Amap topology match 2026-08-21,high,210200021331,"operating company of Dalian Metro Group. operator English name is a descriptive translation, an official English name was not verified","GB/T 44413-2024 clause 5.1 and Table 2 for the system type and capacity class, reconciled against CAMET 2025 annual report table 3 per-city mode kilometres (china_metro/data calibration/camet2025_table3_mode_km.csv)",,,大运能 (>=3 万人次/h),"Dalian Metro Operation Co., Ltd. (大连地铁运营有限公司)"
Dalian,2,2号线,Line 2,steel-wheel metro,"Urban rail transit, metro system, GB/T 44413-2024 Table 4 row 1",urban,29,False,69.8,134.0,31.3,8.98,6.7,published_peak_offpeak_only,0.83,True,pass,pass,urban,speed proxy 31 km/h at or below 60,,include,,Amap topology match 2026-08-21,high,210200021333,"operating company of Dalian Metro Group. operator English name is a descriptive translation, an official English name was not verified","GB/T 44413-2024 clause 5.1 and Table 2 for the system type and capacity class, reconciled against CAMET 2025 annual report table 3 per-city mode kilometres (china_metro/data calibration/camet2025_table3_mode_km.csv)",,,大运能 (>=3 万人次/h),"Dalian Metro Operation Co., Ltd. (大连地铁运营有限公司)"
Dalian,3,地铁3号线支线,Line 3 branch,steel-wheel light rail,"Urban rail transit, light rail system, GB/T 44413-2024 Table 4 row 2",urban,7,False,24.5,40.0,36.8,3.55,16.9,press_quoted_operator_notice,0.156,True,pass,pass,urban,speed proxy 37 km/h at or below 60,,include,,Amap topology match 2026-08-21,high,210200031356,"operating company of Dalian Metro Group. operator English name is a descriptive translation, an official English name was not verified. former technology label: steel-wheel light rail, fully segregated","GB/T 44413-2024 clause 5.1 and Table 2 for the system type and capacity class, reconciled against CAMET 2025 annual report table 3 per-city mode kilometres (china_metro/data calibration/camet2025_table3_mode_km.csv)",,,中运能 (1 to <3 万人次/h),"Dalian Metro Operation Co., Ltd. (大连地铁运营有限公司)"
Dalian,4,3号线,Line 3 (快轨3号线),steel-wheel light rail,"Urban rail transit, light rail system, GB/T 44413-2024 Table 4 row 2",urban,13,False,93.1,106.0,52.7,4.11,14.6,published_peak_offpeak_only,0.35,True,pass,pass,urban,speed proxy 53 km/h at or below 60,,include,,Amap topology match 2026-08-21,high,210200031346,"CAMET 2025 classifies the former 大连快轨 as 轻轨. operating company of Dalian Metro Group. operator English name is a descriptive translation, an official English name was not verified. former technology label: steel-wheel light rail, fully segregated","GB/T 44413-2024 clause 5.1 and Table 2 for the system type and capacity class, reconciled against CAMET 2025 annual report table 3 per-city mode kilometres (china_metro/data calibration/camet2025_table3_mode_km.csv)",,,中运能 (1 to <3 万人次/h),"Dalian Metro Operation Co., Ltd. (大连地铁运营有限公司)"
Dalian,5,5号线,Line 5,steel-wheel metro,"Urban rail transit, metro system, GB/T 44413-2024 Table 4 row 1",urban,18,False,50.0,78.0,38.5,6.48,9.3,published_peak_offpeak_only,0.273,True,pass,pass,urban,speed proxy 38 km/h at or below 60,,include,,Amap topology match 2026-08-21,high,900000094223,"China Railway PPP company, operating since the opening on 2023-03-17. operator English name is a descriptive translation, an official English name was not verified","GB/T 44413-2024 clause 5.1 and Table 2 for the system type and capacity class, reconciled against CAMET 2025 annual report table 3 per-city mode kilometres (china_metro/data calibration/camet2025_table3_mode_km.csv)",,,大运能 (>=3 万人次/h),"China Railway Dalian Metro Line 5 Co., Ltd. (中铁大连地铁五号线有限公司)"
Dalian,6,12号线,Line 12,steel-wheel light rail,"Urban rail transit, light rail system, GB/T 44413-2024 Table 4 row 2",urban,8,False,69.6,90.0,46.4,3.53,17.0,published_peak_offpeak_only,0.595,True,pass,pass,urban,speed proxy 46 km/h at or below 60,,include,,Amap topology match 2026-08-21,high,210200021329,"CAMET 2025 classifies Dalian's 103.80 km of 快轨 (Lines 3, 3 branch, 12) as 轻轨 and only Line 13 as 市域快轨; scope by speed proxy. operating company of Dalian Metro Group. operator English name is a descriptive translation, an official English name was not verified. former technology label: steel-wheel light rail, fully segregated","GB/T 44413-2024 clause 5.1 and Table 2 for the system type and capacity class, reconciled against CAMET 2025 annual report table 3 per-city mode kilometres (china_metro/data calibration/camet2025_table3_mode_km.csv)",,,中运能 (1 to <3 万人次/h),"Dalian Metro Operation Co., Ltd. (大连地铁运营有限公司)"
Dalian,7,13号线,Line 13,steel-wheel metro,"Urban rail transit, suburban rapid rail system, GB/T 44413-2024 Table 4 row 9",suburban/regional,12,False,80.8,94.0,51.6,4.3,14.0,transcription_2025_unsourced,,True,pass,pass,metropolitan (Tier B),designated 市域 / regional line,,"include as Tier B (metropolitan scope), report in sensitivity sample",,Amap topology match 2026-08-21,high,900000113424,"CAMET 2025: Dalian's one 市域快轨 line, 43.15 km. operating company of Dalian Metro Group. operator English name is a descriptive translation, an official English name was not verified","GB/T 44413-2024 clause 5.1 and Table 2 for the system type and capacity class, reconciled against CAMET 2025 annual report table 3 per-city mode kilometres (china_metro/data calibration/camet2025_table3_mode_km.csv)",,,大运能 or 中运能 (GB/T Table 2 permits both),"Dalian Metro Operation Co., Ltd. (大连地铁运营有限公司)"
Dongguan,1,2号线,Line 2,steel-wheel metro,"Urban rail transit, metro system, GB/T 44413-2024 Table 4 row 1",urban,15,False,72.6,84.0,51.8,7.04,8.5,press_quoted_operator_notice,0.0,True,pass,pass,urban,speed proxy 52 km/h at or below 60,,include,,Amap topology match 2026-08-21,high,900000039053,"the separate company 东莞市轨道交通运营有限公司 was established in 2026, after the reference date, and is not applied. operator English name is a descriptive translation, an official English name was not verified","GB/T 44413-2024 clause 5.1 and Table 2 for the system type and capacity class, reconciled against CAMET 2025 annual report table 3 per-city mode kilometres (china_metro/data calibration/camet2025_table3_mode_km.csv)",,,大运能 (>=3 万人次/h),"Dongguan Rail Transit Co., Ltd., Operations Branch (东莞市轨道交通有限公司运营分公司)"
Foshan,1,佛山2号线,Foshan Line 2,steel-wheel metro,"Urban rail transit, metro system, GB/T 44413-2024 Table 4 row 1",urban,17,False,60.5,82.0,44.2,6.19,9.7,published_interval_band_line,0.045,True,pass,pass,urban,speed proxy 44 km/h at or below 60,,include,,Amap topology match 2026-08-21,high,900000075494,"subsidiary of Foshan Metro Group. operator English name is a descriptive translation, an official English name was not verified","GB/T 44413-2024 clause 5.1 and Table 2 for the system type and capacity class, reconciled against CAMET 2025 annual report table 3 per-city mode kilometres (china_metro/data calibration/camet2025_table3_mode_km.csv)",,,大运能 (>=3 万人次/h),"Foshan Metro Operation Co., Ltd. (佛山市地铁运营有限公司)"
Foshan,2,广佛线, Guangfo Line (Foshan section from Xinchengdong to Jushu),steel-wheel metro,"Urban rail transit, metro system, GB/T 44413-2024 Table 4 row 1",urban,17,False,73.4,118.0,37.3,9.56,6.3,published_peak_offpeak_only,0.764,True,pass,pass,urban,speed proxy 37 km/h at or below 60,,"include, divided at the municipal boundary",,Amap topology match 2026-08-21,high,440600021959,"广佛线 divided at the Guangzhou/Foshan boundary. Foshan holds 新城东–菊树 (17 stations).. project owner is 广东广佛轨道交通有限公司. The subsidiary 广州地铁运营集团有限公司 was formed in January 2026, after the reference date, and is not applied. operator English name is a descriptive translation, an official English name was not verified","GB/T 44413-2024 clause 5.1 and Table 2 for the system type and capacity class, reconciled against CAMET 2025 annual report table 3 per-city mode kilometres (china_metro/data calibration/camet2025_table3_mode_km.csv)",,,大运能 (>=3 万人次/h),"Guangzhou Metro Group Co., Ltd. (广州地铁集团有限公司)"
Foshan,3,3号线,Line 3,steel-wheel metro,"Urban rail transit, metro system, GB/T 44413-2024 Table 4 row 1",urban,26,False,85.1,128.0,39.9,6.07,9.9,press_quoted_operator_notice,0.045,True,pass,pass,urban,speed proxy 40 km/h at or below 60,,include,,Amap topology match 2026-08-21,high,900000076108,"subsidiary of Foshan Metro Group. operator English name is a descriptive translation, an official English name was not verified","GB/T 44413-2024 clause 5.1 and Table 2 for the system type and capacity class, reconciled against CAMET 2025 annual report table 3 per-city mode kilometres (china_metro/data calibration/camet2025_table3_mode_km.csv)",,,大运能 (>=3 万人次/h),"Foshan Metro Operation Co., Ltd. (佛山市地铁运营有限公司)"
Foshan,4,南海有轨电车1号线,Nanhai Tram Line 1,steel-wheel tram,"Urban rail transit, tram system, GB/T 44413-2024 Table 4 row 6",urban,15,False,27.5,69.0,23.9,6.22,9.7,press_quoted_operator_notice (additions.py,,True,fail,pass,urban,speed proxy 24 km/h at or below 60,,exclude,,Amap topology match 2026-08-21,v2 rebuild (Amap station sequences),,"南海有轨电车1号线 excluded under T1. The admission in the v2 build rested on an in-house grade-separation derivation carrying no external citation, and the decisive fact, whether the 2.6 km at-grade section carries level crossings, could not be documented. The rule resolves an undocumented right of way against admission. Note that the register contains no rows for the Kaohsiung Circular, Danhai, Ankeng or MTR Light Rail, so this is not an alignment with recorded exclusions; those four cases remain to be brought into the register with their right-of-way evidence.. operator English name is a descriptive translation, an official English name was not verified. former technology label: light rail on a partly shared right of way","Operator and press sources compiled in analysis/10_JP_KR_CALIBRATION.md section 5 (14.3 km, of which 3.7 km underground, 7.6 km elevated and 2.6 km at grade behind barriers, 专属路权 / 通过隔离措施独享路权). Level crossings on the at-grade section are NOT documented in the sources consulted. CAMET 2025 classes the line 有轨电车 and 低运能 [accessed 2026-09-10]",3 modules,396,低运能 (0.5 to <1 万人次/h),"Foshan Metro Operation Co., Ltd. (佛山市地铁运营有限公司)"
Foshan,5,3号线(联和-佛山大学段),Line 3 (Lianhe–Foshan University section),steel-wheel metro,"Urban rail transit, metro system, GB/T 44413-2024 Table 4 row 1",urban,9,False,30.7,54.5,33.7,6.26,9.6,press_quoted_operator_notice (additions.py,,True,pass,pass,urban,speed proxy 34 km/h at or below 60,,"include, not represented in the network files (disconnected at the reference date)",,Amap topology match 2026-08-21,v2 rebuild (Amap station sequences),,"v2 addition (Foshan Line 3 north segment (联和-佛山大学)); isolated segment at the 2025-09-24 reference date, not connected to the largest connected component and not recognised in the connected-network accessibility indicators (cross-component pairs are unreachable) | 2026-09-15, correction 8: removed from the network files because the section is not connected to the rest of the network at the reference date (decision: keep only the largest connected component); the row stays as the record of the line. operator English name is a descriptive translation, an official English name was not verified","GB/T 44413-2024 clause 5.1 and Table 2 for the system type and capacity class, reconciled against CAMET 2025 annual report table 3 per-city mode kilometres (china_metro/data calibration/camet2025_table3_mode_km.csv)",,,大运能 (>=3 万人次/h),"Foshan Metro Operation Co., Ltd. (佛山市地铁运营有限公司)"
Fukuoka,1,空港線,Kuko (Airport) Line,steel-wheel metro,Type I railway business under the Railway Business Act; urban rapid railway under the City Planning Act; MLIT subway undertaking,urban,13,False,24.4,50.8,28.9,9.32,6.4,gtfs_weekday_trips,,True,pass,pass,urban,speed proxy 29 km/h at or below 60,,include,,operator feed / hand-coded registry,exact,,JR Chikuhi Line through services truncated at 姪浜,"Japan Subway Association (JAMETRO) 公営地下鉄一覧 and MLIT 地下鉄事業者 list, held at 'August - revision/How each country defines the metro/JP/JP.txt'. This roster covers the conventional municipal and Tokyo Metro subway undertakings ONLY and does not extend to the AGT and monorail lines, which carry their own operator sources",,,,Fukuoka City Transportation Bureau (福岡市交通局)
Fukuoka,2,箱崎線,Hakozaki Line,steel-wheel metro,Type I railway business under the Railway Business Act; urban rapid railway under the City Planning Act; MLIT subway undertaking,urban,7,False,9.5,20.2,28.2,6.84,8.8,gtfs_weekday_trips,,True,pass,pass,urban,speed proxy 28 km/h at or below 60,,include,,operator feed / hand-coded registry,exact,,,"Japan Subway Association (JAMETRO) 公営地下鉄一覧 and MLIT 地下鉄事業者 list, held at 'August - revision/How each country defines the metro/JP/JP.txt'. This roster covers the conventional municipal and Tokyo Metro subway undertakings ONLY and does not extend to the AGT and monorail lines, which carry their own operator sources",,,,Fukuoka City Transportation Bureau (福岡市交通局)
Fukuoka,3,七隈線,Nanakuma Line,steel-wheel linear-motor metro,Type I railway business under the Railway Business Act; urban rapid railway under the City Planning Act; MLIT subway undertaking,urban,18,False,26.1,57.0,27.5,8.84,6.8,gtfs_weekday_trips,,True,pass,pass,urban,speed proxy 28 km/h at or below 60,,include,,operator feed / hand-coded registry,exact,,includes the 2023 extension to 博多,"Japan Subway Association (JAMETRO) 公営地下鉄一覧 and MLIT 地下鉄事業者 list, held at 'August - revision/How each country defines the metro/JP/JP.txt'. This roster covers the conventional municipal and Tokyo Metro subway undertakings ONLY and does not extend to the AGT and monorail lines, which carry their own operator sources",,,,Fukuoka City Transportation Bureau (福岡市交通局)
Fuzhou,1,1号线,Line 1,steel-wheel metro,"Urban rail transit, metro system, GB/T 44413-2024 Table 4 row 1",urban,25,False,55.8,106.0,31.6,8.48,7.1,published_interval_band_line,0.083,True,pass,pass,urban,speed proxy 32 km/h at or below 60,,include,,Amap topology match 2026-08-21,high,350100020612,"operator English name is a descriptive translation, an official English name was not verified","GB/T 44413-2024 clause 5.1 and Table 2 for the system type and capacity class, reconciled against CAMET 2025 annual report table 3 per-city mode kilometres (china_metro/data calibration/camet2025_table3_mode_km.csv)",,,大运能 (>=3 万人次/h),"Fuzhou Metro Group Co., Ltd., Operations Branch (福州地铁集团有限公司运营分公司)"
Fuzhou,2,2号线,Line 2,steel-wheel metro,"Urban rail transit, metro system, GB/T 44413-2024 Table 4 row 1",urban,22,False,57.5,106.0,32.5,8.51,7.1,published_interval_band_line,0.0,True,pass,pass,urban,speed proxy 33 km/h at or below 60,,include,,Amap topology match 2026-08-21,high,350100020745,"the operations branch took over Line 2 from the CETC PPP company in December 2023. operator English name is a descriptive translation, an official English name was not verified","GB/T 44413-2024 clause 5.1 and Table 2 for the system type and capacity class, reconciled against CAMET 2025 annual report table 3 per-city mode kilometres (china_metro/data calibration/camet2025_table3_mode_km.csv)",,,大运能 (>=3 万人次/h),"Fuzhou Metro Group Co., Ltd., Operations Branch (福州地铁集团有限公司运营分公司)"
Fuzhou,3,4号线,Line 4,steel-wheel metro,"Urban rail transit, metro system, GB/T 44413-2024 Table 4 row 1",urban,23,False,53.4,96.0,33.4,8.07,7.4,press_quoted_operator_notice,0.0,True,pass,pass,urban,speed proxy 33 km/h at or below 60,,include,,Amap topology match 2026-08-21,high,900000090236,"operator English name is a descriptive translation, an official English name was not verified","GB/T 44413-2024 clause 5.1 and Table 2 for the system type and capacity class, reconciled against CAMET 2025 annual report table 3 per-city mode kilometres (china_metro/data calibration/camet2025_table3_mode_km.csv)",,,大运能 (>=3 万人次/h),"Fuzhou Metro Group Co., Ltd., Operations Branch (福州地铁集团有限公司运营分公司)"
Fuzhou,4,5号线,Line 5,steel-wheel metro,"Urban rail transit, metro system, GB/T 44413-2024 Table 4 row 1",urban,20,False,49.1,110.0,26.8,6.97,8.6,press_quoted_operator_notice,0.0,True,pass,pass,urban,speed proxy 27 km/h at or below 60,,include,,Amap topology match 2026-08-21,high,900000088653,"operator English name is a descriptive translation, an official English name was not verified","GB/T 44413-2024 clause 5.1 and Table 2 for the system type and capacity class, reconciled against CAMET 2025 annual report table 3 per-city mode kilometres (china_metro/data calibration/camet2025_table3_mode_km.csv)",,,大运能 (>=3 万人次/h),"Fuzhou Metro Group Co., Ltd., Operations Branch (福州地铁集团有限公司运营分公司)"
Fuzhou,5,6号线,Line 6,steel-wheel metro,"Urban rail transit, metro system, GB/T 44413-2024 Table 4 row 1",urban,14,False,58.9,84.0,42.1,5.31,11.3,published_interval_band_line,0.0,True,pass,pass,urban,speed proxy 42 km/h at or below 60,,include,,Amap topology match 2026-08-21,high,900000076581,"operator English name is a descriptive translation, an official English name was not verified","GB/T 44413-2024 clause 5.1 and Table 2 for the system type and capacity class, reconciled against CAMET 2025 annual report table 3 per-city mode kilometres (china_metro/data calibration/camet2025_table3_mode_km.csv)",,,大运能 (>=3 万人次/h),"Fuzhou Metro Group Co., Ltd., Operations Branch (福州地铁集团有限公司运营分公司)"
Guangzhou,1,1号线,Line 1,steel-wheel metro,"Urban rail transit, metro system, GB/T 44413-2024 Table 4 row 1",urban,16,False,34.6,58.0,35.8,12.0,5.0,transcription_2025_unsourced,,True,pass,pass,urban,speed proxy 36 km/h at or below 60,,include,,Amap topology match 2026-08-21,high,440100023049,"the subsidiary 广州地铁运营集团有限公司 was formed in January 2026, after the reference date, and is not applied. operator English name is a descriptive translation, an official English name was not verified","GB/T 44413-2024 clause 5.1 and Table 2 for the system type and capacity class, reconciled against CAMET 2025 annual report table 3 per-city mode kilometres (china_metro/data calibration/camet2025_table3_mode_km.csv)",,,大运能 (>=3 万人次/h),"Guangzhou Metro Group Co., Ltd. (广州地铁集团有限公司)"
Guangzhou,2,2号线,Line 2,steel-wheel metro,"Urban rail transit, metro system, GB/T 44413-2024 Table 4 row 1",urban,24,False,60.8,96.0,38.0,13.43,4.5,published_peak_offpeak_only,0.886,True,pass,pass,urban,speed proxy 38 km/h at or below 60,,include,,Amap topology match 2026-08-21,high,440100023308,"the subsidiary 广州地铁运营集团有限公司 was formed in January 2026, after the reference date, and is not applied. operator English name is a descriptive translation, an official English name was not verified","GB/T 44413-2024 clause 5.1 and Table 2 for the system type and capacity class, reconciled against CAMET 2025 annual report table 3 per-city mode kilometres (china_metro/data calibration/camet2025_table3_mode_km.csv)",,,大运能 (>=3 万人次/h),"Guangzhou Metro Group Co., Ltd. (广州地铁集团有限公司)"
Guangzhou,3,3号线,Line 3,steel-wheel metro,"Urban rail transit, metro system, GB/T 44413-2024 Table 4 row 1",urban,29,False,130.2,184.0,42.5,12.6,4.8,inherited_from_trunk,0.0,True,pass,pass,urban,speed proxy 42 km/h at or below 60,,include,,Amap topology match 2026-08-21,high,440100023033,"the subsidiary 广州地铁运营集团有限公司 was formed in January 2026, after the reference date, and is not applied. operator English name is a descriptive translation, an official English name was not verified","GB/T 44413-2024 clause 5.1 and Table 2 for the system type and capacity class, reconciled against CAMET 2025 annual report table 3 per-city mode kilometres (china_metro/data calibration/camet2025_table3_mode_km.csv)",,,大运能 (>=3 万人次/h),"Guangzhou Metro Group Co., Ltd. (广州地铁集团有限公司)"
Guangzhou,4,4号线,Line 4,steel-wheel metro,"Urban rail transit, metro system, GB/T 44413-2024 Table 4 row 1",urban,24,False,110.7,136.0,48.8,13.02,4.6,published_peak_offpeak_only,0.884,True,pass,pass,urban,speed proxy 49 km/h at or below 60,,include,,Amap topology match 2026-08-21,high,440100023035,"the subsidiary 广州地铁运营集团有限公司 was formed in January 2026, after the reference date, and is not applied. operator English name is a descriptive translation, an official English name was not verified","GB/T 44413-2024 clause 5.1 and Table 2 for the system type and capacity class, reconciled against CAMET 2025 annual report table 3 per-city mode kilometres (china_metro/data calibration/camet2025_table3_mode_km.csv)",,,大运能 (>=3 万人次/h),"Guangzhou Metro Group Co., Ltd. (广州地铁集团有限公司)"
Guangzhou,5,5号线,Line 5,steel-wheel metro,"Urban rail transit, metro system, GB/T 44413-2024 Table 4 row 1",urban,30,False,79.9,126.0,38.0,13.0,4.6,transcription_2025_unsourced,,True,pass,pass,urban,speed proxy 38 km/h at or below 60,,include,,Amap topology match 2026-08-21,high,440100023037,"the subsidiary 广州地铁运营集团有限公司 was formed in January 2026, after the reference date, and is not applied. operator English name is a descriptive translation, an official English name was not verified","GB/T 44413-2024 clause 5.1 and Table 2 for the system type and capacity class, reconciled against CAMET 2025 annual report table 3 per-city mode kilometres (china_metro/data calibration/camet2025_table3_mode_km.csv)",,,大运能 (>=3 万人次/h),"Guangzhou Metro Group Co., Ltd. (广州地铁集团有限公司)"
Guangzhou,6,6号线,Line 6,steel-wheel metro,"Urban rail transit, metro system, GB/T 44413-2024 Table 4 row 1",urban,32,False,79.2,132.0,36.0,7.43,8.1,amap_interval_band,0.0,True,pass,pass,urban,speed proxy 36 km/h at or below 60,,include,,Amap topology match 2026-08-21,high,440100023053,"the subsidiary 广州地铁运营集团有限公司 was formed in January 2026, after the reference date, and is not applied. operator English name is a descriptive translation, an official English name was not verified","GB/T 44413-2024 clause 5.1 and Table 2 for the system type and capacity class, reconciled against CAMET 2025 annual report table 3 per-city mode kilometres (china_metro/data calibration/camet2025_table3_mode_km.csv)",,,大运能 (>=3 万人次/h),"Guangzhou Metro Group Co., Ltd. (广州地铁集团有限公司)"
Guangzhou,7,7号线,Line 7,steel-wheel metro,"Urban rail transit, metro system, GB/T 44413-2024 Table 4 row 1",urban,28,False,98.6,178.0,33.3,9.33,6.4,published_peak_offpeak_only,0.827,True,pass,pass,urban,speed proxy 33 km/h at or below 60,,include,,Amap topology match 2026-08-21,high,900000043742,"the subsidiary 广州地铁运营集团有限公司 was formed in January 2026, after the reference date, and is not applied. operator English name is a descriptive translation, an official English name was not verified","GB/T 44413-2024 clause 5.1 and Table 2 for the system type and capacity class, reconciled against CAMET 2025 annual report table 3 per-city mode kilometres (china_metro/data calibration/camet2025_table3_mode_km.csv)",,,大运能 (>=3 万人次/h),"Guangzhou Metro Group Co., Ltd. (广州地铁集团有限公司)"
Guangzhou,8,8号线,Line 8,steel-wheel metro,"Urban rail transit, metro system, GB/T 44413-2024 Table 4 row 1",urban,28,False,62.7,126.0,29.9,11.27,5.3,published_peak_offpeak_only,0.768,True,pass,pass,urban,speed proxy 30 km/h at or below 60,,include,,Amap topology match 2026-08-21,medium,440100023047,"the subsidiary 广州地铁运营集团有限公司 was formed in January 2026, after the reference date, and is not applied. operator English name is a descriptive translation, an official English name was not verified","GB/T 44413-2024 clause 5.1 and Table 2 for the system type and capacity class, reconciled against CAMET 2025 annual report table 3 per-city mode kilometres (china_metro/data calibration/camet2025_table3_mode_km.csv)",,,大运能 (>=3 万人次/h),"Guangzhou Metro Group Co., Ltd. (广州地铁集团有限公司)"
Guangzhou,9,9号线,Line 9,steel-wheel metro,"Urban rail transit, metro system, GB/T 44413-2024 Table 4 row 1",urban,11,False,36.3,60.0,36.3,8.21,7.3,amap_interval_band,0.0,True,pass,pass,urban,speed proxy 36 km/h at or below 60,,include,,Amap topology match 2026-08-21,high,900000043839,"the subsidiary 广州地铁运营集团有限公司 was formed in January 2026, after the reference date, and is not applied. operator English name is a descriptive translation, an official English name was not verified","GB/T 44413-2024 clause 5.1 and Table 2 for the system type and capacity class, reconciled against CAMET 2025 annual report table 3 per-city mode kilometres (china_metro/data calibration/camet2025_table3_mode_km.csv)",,,大运能 (>=3 万人次/h),"Guangzhou Metro Group Co., Ltd. (广州地铁集团有限公司)"
Guangzhou,10,10号线,Line 10,steel-wheel metro,"Urban rail transit, metro system, GB/T 44413-2024 Table 4 row 1",urban,21,False,70.4,116.0,36.4,8.41,7.1,published_peak_offpeak_only,0.404,True,pass,pass,urban,speed proxy 36 km/h at or below 60,,include,,Amap topology match 2026-08-21,low,900000094220,"the subsidiary 广州地铁运营集团有限公司 was formed in January 2026, after the reference date, and is not applied. operator English name is a descriptive translation, an official English name was not verified","GB/T 44413-2024 clause 5.1 and Table 2 for the system type and capacity class, reconciled against CAMET 2025 annual report table 3 per-city mode kilometres (china_metro/data calibration/camet2025_table3_mode_km.csv)",,,大运能 (>=3 万人次/h),"Guangzhou Metro Group Co., Ltd. (广州地铁集团有限公司)"
Guangzhou,11,11号线,Line 11,steel-wheel metro,"Urban rail transit, metro system, GB/T 44413-2024 Table 4 row 1",urban,31,True,81.2,160.0,30.5,7.86,7.6,published_interval_band_line,0.0,True,pass,pass,urban,speed proxy 30 km/h at or below 60,,include,12,Amap topology match 2026-08-21,high,900000074491,"same line name as route(s) 12: direction copy, extension segment or fragment. the subsidiary 广州地铁运营集团有限公司 was formed in January 2026, after the reference date, and is not applied. operator English name is a descriptive translation, an official English name was not verified","GB/T 44413-2024 clause 5.1 and Table 2 for the system type and capacity class, reconciled against CAMET 2025 annual report table 3 per-city mode kilometres (china_metro/data calibration/camet2025_table3_mode_km.csv)",,,大运能 (>=3 万人次/h),"Guangzhou Metro Group Co., Ltd. (广州地铁集团有限公司)"
Guangzhou,12,11号线,Line 11,steel-wheel metro,"Urban rail transit, metro system, GB/T 44413-2024 Table 4 row 1",urban,31,True,81.2,160.0,30.5,7.86,7.6,published_interval_band_line,0.0,True,pass,pass,urban,speed proxy 30 km/h at or below 60,,include,11,Amap topology match 2026-08-21,high,900000074491,"same line name as route(s) 11: direction copy, extension segment or fragment. the subsidiary 广州地铁运营集团有限公司 was formed in January 2026, after the reference date, and is not applied. operator English name is a descriptive translation, an official English name was not verified","GB/T 44413-2024 clause 5.1 and Table 2 for the system type and capacity class, reconciled against CAMET 2025 annual report table 3 per-city mode kilometres (china_metro/data calibration/camet2025_table3_mode_km.csv)",,,大运能 (>=3 万人次/h),"Guangzhou Metro Group Co., Ltd. (广州地铁集团有限公司)"
Guangzhou,13,12号线,Line 12,steel-wheel metro,"Urban rail transit, metro system, GB/T 44413-2024 Table 4 row 1",urban,9,False,21.1,58.0,21.8,8.3,7.2,published_peak_offpeak_only,0.538,True,pass,pass,urban,speed proxy 22 km/h at or below 60,,include,14,Amap topology match 2026-08-21,low,900000099784,"same line name as route(s) 14: direction copy, extension segment or fragment. the subsidiary 广州地铁运营集团有限公司 was formed in January 2026, after the reference date, and is not applied. operator English name is a descriptive translation, an official English name was not verified","GB/T 44413-2024 clause 5.1 and Table 2 for the system type and capacity class, reconciled against CAMET 2025 annual report table 3 per-city mode kilometres (china_metro/data calibration/camet2025_table3_mode_km.csv)",,,大运能 (>=3 万人次/h),"Guangzhou Metro Group Co., Ltd. (广州地铁集团有限公司)"
Guangzhou,14,12号线,Line 12,steel-wheel metro,"Urban rail transit, metro system, GB/T 44413-2024 Table 4 row 1",urban,8,False,27.0,42.0,38.6,9.0,6.7,transcription_2025_unsourced,,True,pass,pass,urban,speed proxy 39 km/h at or below 60,,include,13,Amap topology match 2026-08-21,medium,900000099784,"same line name as route(s) 13: direction copy, extension segment or fragment. the subsidiary 广州地铁运营集团有限公司 was formed in January 2026, after the reference date, and is not applied. operator English name is a descriptive translation, an official English name was not verified","GB/T 44413-2024 clause 5.1 and Table 2 for the system type and capacity class, reconciled against CAMET 2025 annual report table 3 per-city mode kilometres (china_metro/data calibration/camet2025_table3_mode_km.csv)",,,大运能 (>=3 万人次/h),"Guangzhou Metro Group Co., Ltd. (广州地铁集团有限公司)"
Guangzhou,15,3号线 (天河客运站支线),"Line 3, Tianhe branch (Tiyu Xilu–Tianhe Coach Terminal)",steel-wheel metro,"Urban rail transit, metro system, GB/T 44413-2024 Table 4 row 1",urban,6,False,12.9,30.0,25.7,12.63,4.8,amap_interval_band,0.0,True,pass,pass,urban,speed proxy 26 km/h at or below 60,,include,,Amap topology match 2026-08-21 with manual override,medium,440100023033,"route 15 holds the 6-station 3号线 Tianhe branch. 13号线 (鱼珠–新沙) is route 22, separated from it on the Amap station sequences. the subsidiary 广州地铁运营集团有限公司 was formed in January 2026, after the reference date, and is not applied. operator English name is a descriptive translation, an official English name was not verified","GB/T 44413-2024 clause 5.1 and Table 2 for the system type and capacity class, reconciled against CAMET 2025 annual report table 3 per-city mode kilometres (china_metro/data calibration/camet2025_table3_mode_km.csv)",,,大运能 (>=3 万人次/h),"Guangzhou Metro Group Co., Ltd. (广州地铁集团有限公司)"
Guangzhou,16,14号线,Line 14,steel-wheel metro,"Urban rail transit, metro system, GB/T 44413-2024 Table 4 row 1",urban,13,False,102.5,112.0,54.9,6.79,8.8,published_peak_offpeak_only,0.441,True,pass,pass,urban,speed proxy 55 km/h at or below 60,,include,,Amap topology match 2026-08-21,low,900000074701,"the subsidiary 广州地铁运营集团有限公司 was formed in January 2026, after the reference date, and is not applied. operator English name is a descriptive translation, an official English name was not verified","GB/T 44413-2024 clause 5.1 and Table 2 for the system type and capacity class, reconciled against CAMET 2025 annual report table 3 per-city mode kilometres (china_metro/data calibration/camet2025_table3_mode_km.csv)",,,大运能 (>=3 万人次/h),"Guangzhou Metro Group Co., Ltd. (广州地铁集团有限公司)"
Guangzhou,17,18号线,Line 18,steel-wheel metro,"Urban rail transit, metro system, GB/T 44413-2024 Table 4 row 1",urban,8,False,109.8,92.0,71.6,2.8,21.4,published_interval_band_line,0.0,True,pass,pass,metropolitan (Tier B),"Line 18, 160 km/h express to Nansha; proxy unreliable (mislocated stations)",,"include as Tier B (metropolitan scope), report in sensitivity sample",,Amap topology match 2026-08-21,medium,900000075991,"subsidiary of Guangzhou Metro Group. operator English name is a descriptive translation, an official English name was not verified","GB/T 44413-2024 clause 5.1 and Table 2 for the system type and capacity class, reconciled against CAMET 2025 annual report table 3 per-city mode kilometres (china_metro/data calibration/camet2025_table3_mode_km.csv)",,,大运能 (>=3 万人次/h),"Guangdong Intercity Railway Operation Co., Ltd. (广东城际铁路运营有限公司)"
Guangzhou,18,21号线,Line 21,steel-wheel metro,"Urban rail transit, metro system, GB/T 44413-2024 Table 4 row 1",urban,20,False,112.3,142.0,47.5,6.0,10.0,transcription_2025_unsourced,,True,pass,pass,urban,speed proxy 47 km/h at or below 60,,include,,Amap topology match 2026-08-21,high,900000046003,"the subsidiary 广州地铁运营集团有限公司 was formed in January 2026, after the reference date, and is not applied. operator English name is a descriptive translation, an official English name was not verified","GB/T 44413-2024 clause 5.1 and Table 2 for the system type and capacity class, reconciled against CAMET 2025 annual report table 3 per-city mode kilometres (china_metro/data calibration/camet2025_table3_mode_km.csv)",,,大运能 (>=3 万人次/h),"Guangzhou Metro Group Co., Ltd. (广州地铁集团有限公司)"
Guangzhou,19,22号线,Line 22,steel-wheel metro,"Urban rail transit, metro system, GB/T 44413-2024 Table 4 row 1",urban,4,False,32.5,38.0,51.4,5.8,10.3,published_peak_offpeak_only,0.765,True,pass,pass,metropolitan (Tier B),"Line 22, 160 km/h express; proxy unreliable (mislocated stations)",,"include as Tier B (metropolitan scope), report in sensitivity sample",,Amap topology match 2026-08-21,medium,900000078763,"subsidiary of Guangzhou Metro Group. operator English name is a descriptive translation, an official English name was not verified","GB/T 44413-2024 clause 5.1 and Table 2 for the system type and capacity class, reconciled against CAMET 2025 annual report table 3 per-city mode kilometres (china_metro/data calibration/camet2025_table3_mode_km.csv)",,,大运能 (>=3 万人次/h),"Guangdong Intercity Railway Operation Co., Ltd. (广东城际铁路运营有限公司)"
Guangzhou,20,APM线,Zhujiang New Town APM,rubber-tyred automated guideway transit,"Urban rail transit, automated guideway transit system, GB/T 44413-2024 Table 4 row 5",urban,9,False,7.6,18.0,25.2,18.0,3.3,transcription_2025_unsourced,,True,pass,pass,urban,speed proxy 25 km/h at or below 60,,include,,Amap topology match 2026-08-21,high,440100023025,"the subsidiary 广州地铁运营集团有限公司 was formed in January 2026, after the reference date, and is not applied. operator English name is a descriptive translation, an official English name was not verified","GB/T 44413-2024 clause 5.1 and Table 2 for the system type and capacity class, reconciled against CAMET 2025 annual report table 3 per-city mode kilometres (china_metro/data calibration/camet2025_table3_mode_km.csv)",,,中运能 or 低运能 (GB/T Table 2 permits both),"Guangzhou Metro Group Co., Ltd. (广州地铁集团有限公司)"
Guangzhou,21,广佛线,"Guangfo Line, Guangzhou section 西塱–沥滘",steel-wheel metro,"Urban rail transit, metro system, GB/T 44413-2024 Table 4 row 1",urban,8,False,73.4,128.0,34.4,11.16,5.4,published_peak_offpeak_only,0.765,True,pass,pass,urban,speed proxy 34 km/h at or below 60,,"include, divided at the municipal boundary",,Amap topology match 2026-08-21,high,440100023043,"广佛线 divided at the Guangzhou/Foshan boundary between 菊树 and 西塱. Guangzhou holds 西塱–沥滘 (8 stations) and Foshan holds 新城东–菊树 (17). Previously all 25 stations were held twice. line_en corrected from an erroneous ""Zhujiang New Town APM"".. the subsidiary 广州地铁运营集团有限公司 was formed in January 2026, after the reference date, and is not applied. project owner is 广东广佛轨道交通有限公司. operator English name is a descriptive translation, an official English name was not verified","GB/T 44413-2024 clause 5.1 and Table 2 for the system type and capacity class, reconciled against CAMET 2025 annual report table 3 per-city mode kilometres (china_metro/data calibration/camet2025_table3_mode_km.csv)",,,大运能 (>=3 万人次/h),"Guangzhou Metro Group Co., Ltd. (广州地铁集团有限公司)"
Guangzhou,22,13号线,Line 13,steel-wheel metro,"Urban rail transit, metro system, GB/T 44413-2024 Table 4 row 1",urban,11,False,48.5,70.0,41.6,8.07,7.4,published_peak_offpeak_only,0.761,True,pass,pass,urban,speed proxy 42 km/h at or below 60,,include,,Amap topology match 2026-08-21 with manual override,high,900000071578,"separated from route 15 on the Amap station sequences. Eight stations 双岗–新沙 carried rounded coordinates 1 to 4 km off: seven corrected from the 2026 Amap capture, 沙村 from CPTOND-2025 and Amap 2026, which agree. the subsidiary 广州地铁运营集团有限公司 was formed in January 2026, after the reference date, and is not applied. operator English name is a descriptive translation, an official English name was not verified","GB/T 44413-2024 clause 5.1 and Table 2 for the system type and capacity class, reconciled against CAMET 2025 annual report table 3 per-city mode kilometres (china_metro/data calibration/camet2025_table3_mode_km.csv)",,,大运能 (>=3 万人次/h),"Guangzhou Metro Group Co., Ltd. (广州地铁集团有限公司)"
Guiyang,1,1号线,Line 1,steel-wheel metro,"Urban rail transit, metro system, GB/T 44413-2024 Table 4 row 1",urban,25,False,64.4,120.0,32.2,6.39,9.4,press_quoted_operator_notice,0.02,True,pass,pass,urban,speed proxy 32 km/h at or below 60,,include,,Amap topology match 2026-08-21,high,900000068716,"company established in July 2022. operator English name is a descriptive translation, an official English name was not verified","GB/T 44413-2024 clause 5.1 and Table 2 for the system type and capacity class, reconciled against CAMET 2025 annual report table 3 per-city mode kilometres (china_metro/data calibration/camet2025_table3_mode_km.csv)",,,大运能 (>=3 万人次/h),"Guiyang Urban Rail Transit Operation Co., Ltd. (贵阳市城市轨道交通运营有限公司)"
Guiyang,2,S1线,S1 Line,steel-wheel metro,"Urban rail transit, metro system, GB/T 44413-2024 Table 4 row 1",urban,13,False,56.9,72.0,47.4,5.54,10.8,published_peak_offpeak_only,0.88,True,pass,pass,urban,speed proxy 47 km/h at or below 60,,include,,Amap topology match 2026-08-21,high,900000172285,"named S1 but CAMET 2025 counts all 146.47 km of Guiyang as 地铁 and lists no 市域快轨 for the city; scope by speed proxy. operator unresolved as of 2025-09-24. The PPP concessionaire is 贵阳畅达轨道交通建设有限责任公司, which delegated passenger operations by tender P52010020240001YG (award not found). A CRCC recruitment notice says 中铁建交通运营集团有限公司 handles operations management, but the concessionaire also hires drivers directly","GB/T 44413-2024 clause 5.1 and Table 2 for the system type and capacity class, reconciled against CAMET 2025 annual report table 3 per-city mode kilometres (china_metro/data calibration/camet2025_table3_mode_km.csv)",,,大运能 (>=3 万人次/h),
Guiyang,3,2号线,Line 2,steel-wheel metro,"Urban rail transit, metro system, GB/T 44413-2024 Table 4 row 1",urban,32,False,72.4,142.0,30.6,7.53,8.0,press_quoted_operator_notice,0.033,True,pass,pass,urban,speed proxy 31 km/h at or below 60,,include,,Amap topology match 2026-08-21,high,900000066417,"company established in July 2022. operator English name is a descriptive translation, an official English name was not verified","GB/T 44413-2024 clause 5.1 and Table 2 for the system type and capacity class, reconciled against CAMET 2025 annual report table 3 per-city mode kilometres (china_metro/data calibration/camet2025_table3_mode_km.csv)",,,大运能 (>=3 万人次/h),"Guiyang Urban Rail Transit Operation Co., Ltd. (贵阳市城市轨道交通运营有限公司)"
Guiyang,4,3号线,Line 3,steel-wheel metro,"Urban rail transit, metro system, GB/T 44413-2024 Table 4 row 1",urban,29,False,81.6,130.0,37.7,7.49,8.0,press_quoted_operator_notice,0.057,True,pass,pass,urban,speed proxy 38 km/h at or below 60,,include,,Amap topology match 2026-08-21,high,900000132329,"PPP company, runs the line through its operations branch. operator English name is a descriptive translation, an official English name was not verified","GB/T 44413-2024 clause 5.1 and Table 2 for the system type and capacity class, reconciled against CAMET 2025 annual report table 3 per-city mode kilometres (china_metro/data calibration/camet2025_table3_mode_km.csv)",,,大运能 (>=3 万人次/h),"Guiyang Rail Transit Line 3 Construction and Operation Co., Ltd. (贵阳轨道交通三号线建设运营有限公司)"
Hangzhou,1,1号线,Line 1,steel-wheel metro,"Urban rail transit, metro system, GB/T 44413-2024 Table 4 row 1",urban,33,False,98.7,168.3,35.2,11.95,5.0,amap_interval_band,0.0,True,pass,pass,urban,speed proxy 35 km/h at or below 60,,include,,Amap topology match 2026-08-21,high,330100023133,,"GB/T 44413-2024 clause 5.1 and Table 2 for the system type and capacity class, reconciled against CAMET 2025 annual report table 3 per-city mode kilometres (china_metro/data calibration/camet2025_table3_mode_km.csv)",,,大运能 (>=3 万人次/h),Hangzhou MTR Corporation Limited (杭州杭港地铁有限公司)
Hangzhou,2,2号线,Line 2,steel-wheel metro,"Urban rail transit, metro system, GB/T 44413-2024 Table 4 row 1",urban,33,False,82.7,154.0,32.2,11.84,5.1,published_peak_offpeak_only,0.855,True,pass,pass,urban,speed proxy 32 km/h at or below 60,,include,,Amap topology match 2026-08-21,high,330100020003,"operating subsidiary of Hangzhou Metro Group. operator English name as written in a bilingual CRRC exchange filing of 2024-06-17, not confirmed as the company's own English name","GB/T 44413-2024 clause 5.1 and Table 2 for the system type and capacity class, reconciled against CAMET 2025 annual report table 3 per-city mode kilometres (china_metro/data calibration/camet2025_table3_mode_km.csv)",,,大运能 (>=3 万人次/h),"Hangzhou Metro Operation Co., Ltd. (杭州地铁运营有限公司)"
Hangzhou,3,4号线,Line 4,steel-wheel metro,"Urban rail transit, metro system, GB/T 44413-2024 Table 4 row 1",urban,33,False,83.4,164.0,30.5,9.9,6.1,press_quoted_operator_notice,0.167,True,pass,pass,urban,speed proxy 31 km/h at or below 60,,include,,Amap topology match 2026-08-21,high,900000029624,"operating subsidiary of Hangzhou Metro Group. operator English name as written in a bilingual CRRC exchange filing of 2024-06-17, not confirmed as the company's own English name","GB/T 44413-2024 clause 5.1 and Table 2 for the system type and capacity class, reconciled against CAMET 2025 annual report table 3 per-city mode kilometres (china_metro/data calibration/camet2025_table3_mode_km.csv)",,,大运能 (>=3 万人次/h),"Hangzhou Metro Operation Co., Ltd. (杭州地铁运营有限公司)"
Hangzhou,4,5号线,Line 5,steel-wheel metro,"Urban rail transit, metro system, GB/T 44413-2024 Table 4 row 1",urban,40,False,107.0,204.0,31.5,13.42,4.5,published_peak_offpeak_only,0.942,True,pass,pass,urban,speed proxy 31 km/h at or below 60,,include,,Amap topology match 2026-08-21,high,900000065767,MTR joint venture legally separate from the Line 1 company,"GB/T 44413-2024 clause 5.1 and Table 2 for the system type and capacity class, reconciled against CAMET 2025 annual report table 3 per-city mode kilometres (china_metro/data calibration/camet2025_table3_mode_km.csv)",,,大运能 (>=3 万人次/h),Hangzhou MTR Line 5 Corporation Limited (杭州杭港地铁五号线有限公司)
Hangzhou,5,7号线,Line 7,steel-wheel metro,"Urban rail transit, metro system, GB/T 44413-2024 Table 4 row 1",urban,24,False,88.6,124.0,42.9,8.51,7.1,published_peak_offpeak_only,0.882,True,pass,pass,urban,speed proxy 43 km/h at or below 60,,include,,Amap topology match 2026-08-21,high,900000099060,"operating subsidiary of Hangzhou Metro Group. operator English name as written in a bilingual CRRC exchange filing of 2024-06-17, not confirmed as the company's own English name","GB/T 44413-2024 clause 5.1 and Table 2 for the system type and capacity class, reconciled against CAMET 2025 annual report table 3 per-city mode kilometres (china_metro/data calibration/camet2025_table3_mode_km.csv)",,,大运能 (>=3 万人次/h),"Hangzhou Metro Operation Co., Ltd. (杭州地铁运营有限公司)"
Hangzhou,6,8号线,Line 8,steel-wheel metro,"Urban rail transit, metro system, GB/T 44413-2024 Table 4 row 1",urban,9,False,32.5,44.0,44.4,6.63,9.0,published_peak_offpeak_only,0.292,True,pass,pass,urban,speed proxy 44 km/h at or below 60,,include,,Amap topology match 2026-08-21,high,900000099066,"operating subsidiary of Hangzhou Metro Group. operator English name as written in a bilingual CRRC exchange filing of 2024-06-17, not confirmed as the company's own English name","GB/T 44413-2024 clause 5.1 and Table 2 for the system type and capacity class, reconciled against CAMET 2025 annual report table 3 per-city mode kilometres (china_metro/data calibration/camet2025_table3_mode_km.csv)",,,大运能 (>=3 万人次/h),"Hangzhou Metro Operation Co., Ltd. (杭州地铁运营有限公司)"
Hangzhou,7,9号线,Line 9,steel-wheel metro,"Urban rail transit, metro system, GB/T 44413-2024 Table 4 row 1",urban,21,False,56.2,92.0,36.6,9.64,6.2,published_peak_offpeak_only,0.849,True,pass,pass,urban,speed proxy 37 km/h at or below 60,,include,14,Amap topology match 2026-08-21,high,900000166808,"same line name as route(s) 14: direction copy, extension segment or fragment. operating subsidiary of Hangzhou Metro Group. operator English name as written in a bilingual CRRC exchange filing of 2024-06-17, not confirmed as the company's own English name","GB/T 44413-2024 clause 5.1 and Table 2 for the system type and capacity class, reconciled against CAMET 2025 annual report table 3 per-city mode kilometres (china_metro/data calibration/camet2025_table3_mode_km.csv)",,,大运能 (>=3 万人次/h),"Hangzhou Metro Operation Co., Ltd. (杭州地铁运营有限公司)"
Hangzhou,8,10号线,Line 10,steel-wheel metro,"Urban rail transit, metro system, GB/T 44413-2024 Table 4 row 1",urban,12,False,26.4,56.0,28.2,7.76,7.7,published_peak_offpeak_only,0.299,True,pass,pass,urban,speed proxy 28 km/h at or below 60,,include,,Amap topology match 2026-08-21,high,900000122963,"operating subsidiary of Hangzhou Metro Group. operator English name as written in a bilingual CRRC exchange filing of 2024-06-17, not confirmed as the company's own English name","GB/T 44413-2024 clause 5.1 and Table 2 for the system type and capacity class, reconciled against CAMET 2025 annual report table 3 per-city mode kilometres (china_metro/data calibration/camet2025_table3_mode_km.csv)",,,大运能 (>=3 万人次/h),"Hangzhou Metro Operation Co., Ltd. (杭州地铁运营有限公司)"
Hangzhou,9,16号线,Line 16,steel-wheel metro,"Urban rail transit, metro system, GB/T 44413-2024 Table 4 row 1",urban,12,False,64.5,72.0,53.7,7.72,7.8,published_peak_offpeak_only,0.696,True,pass,pass,urban,speed proxy 54 km/h at or below 60,,include,,Amap topology match 2026-08-21,high,900000130963,"operating subsidiary of Hangzhou Metro Group. operator English name as written in a bilingual CRRC exchange filing of 2024-06-17, not confirmed as the company's own English name","GB/T 44413-2024 clause 5.1 and Table 2 for the system type and capacity class, reconciled against CAMET 2025 annual report table 3 per-city mode kilometres (china_metro/data calibration/camet2025_table3_mode_km.csv)",,,大运能 (>=3 万人次/h),"Hangzhou Metro Operation Co., Ltd. (杭州地铁运营有限公司)"
Hangzhou,10,6号线,Line 6,steel-wheel metro,"Urban rail transit, metro system, GB/T 44413-2024 Table 4 row 1",urban,33,False,99.9,166.0,36.1,9.41,6.4,published_peak_offpeak_only,0.785,True,pass,pass,urban,speed proxy 36 km/h at or below 60,,include,11,Amap topology match 2026-08-21,high,900000073754,"same line name as route(s) 11: direction copy, extension segment or fragment. operating subsidiary of Hangzhou Metro Group. operator English name as written in a bilingual CRRC exchange filing of 2024-06-17, not confirmed as the company's own English name","GB/T 44413-2024 clause 5.1 and Table 2 for the system type and capacity class, reconciled against CAMET 2025 annual report table 3 per-city mode kilometres (china_metro/data calibration/camet2025_table3_mode_km.csv)",,,大运能 (>=3 万人次/h),"Hangzhou Metro Operation Co., Ltd. (杭州地铁运营有限公司)"
Hangzhou,11,6号线,Line 6,steel-wheel metro,"Urban rail transit, metro system, GB/T 44413-2024 Table 4 row 1",urban,4,False,9.5,18.0,31.6,6.15,9.8,press_quoted_operator_notice,0.0,True,pass,pass,urban,speed proxy 32 km/h at or below 60,,include,10,Amap topology match 2026-08-21,high,900000073754,"same line name as route(s) 10: direction copy, extension segment or fragment. operating subsidiary of Hangzhou Metro Group. operator English name as written in a bilingual CRRC exchange filing of 2024-06-17, not confirmed as the company's own English name","GB/T 44413-2024 clause 5.1 and Table 2 for the system type and capacity class, reconciled against CAMET 2025 annual report table 3 per-city mode kilometres (china_metro/data calibration/camet2025_table3_mode_km.csv)",,,大运能 (>=3 万人次/h),"Hangzhou Metro Operation Co., Ltd. (杭州地铁运营有限公司)"
Hangzhou,12,3号线,Line 3,steel-wheel metro,"Urban rail transit, metro system, GB/T 44413-2024 Table 4 row 1",urban,33,False,88.0,164.0,32.2,9.44,6.4,published_peak_offpeak_only,0.39,True,pass,pass,urban,speed proxy 32 km/h at or below 60,,include,13,Amap topology match 2026-08-21,high,900000092651,"same line name as route(s) 13: direction copy, extension segment or fragment. operating subsidiary of Hangzhou Metro Group. operator English name as written in a bilingual CRRC exchange filing of 2024-06-17, not confirmed as the company's own English name","GB/T 44413-2024 clause 5.1 and Table 2 for the system type and capacity class, reconciled against CAMET 2025 annual report table 3 per-city mode kilometres (china_metro/data calibration/camet2025_table3_mode_km.csv)",,,大运能 (>=3 万人次/h),"Hangzhou Metro Operation Co., Ltd. (杭州地铁运营有限公司)"
Hangzhou,13,3号线,Line 3,steel-wheel metro,"Urban rail transit, metro system, GB/T 44413-2024 Table 4 row 1",urban,5,False,14.5,24.0,36.2,9.53,6.3,published_peak_offpeak_only,0.529,True,pass,pass,urban,speed proxy 36 km/h at or below 60,,include,12,Amap topology match 2026-08-21,high,900000092651,"same line name as route(s) 12: direction copy, extension segment or fragment. operating subsidiary of Hangzhou Metro Group. operator English name as written in a bilingual CRRC exchange filing of 2024-06-17, not confirmed as the company's own English name","GB/T 44413-2024 clause 5.1 and Table 2 for the system type and capacity class, reconciled against CAMET 2025 annual report table 3 per-city mode kilometres (china_metro/data calibration/camet2025_table3_mode_km.csv)",,,大运能 (>=3 万人次/h),"Hangzhou Metro Operation Co., Ltd. (杭州地铁运营有限公司)"
Hangzhou,14,9号线,Line 9,steel-wheel metro,"Urban rail transit, metro system, GB/T 44413-2024 Table 4 row 1",urban,21,False,56.2,92.0,36.6,9.64,6.2,published_peak_offpeak_only,0.849,True,pass,pass,urban,speed proxy 37 km/h at or below 60,,include,7,Amap topology match 2026-08-21,high,900000166808,"same line name as route(s) 7: direction copy, extension segment or fragment. operating subsidiary of Hangzhou Metro Group. operator English name as written in a bilingual CRRC exchange filing of 2024-06-17, not confirmed as the company's own English name","GB/T 44413-2024 clause 5.1 and Table 2 for the system type and capacity class, reconciled against CAMET 2025 annual report table 3 per-city mode kilometres (china_metro/data calibration/camet2025_table3_mode_km.csv)",,,大运能 (>=3 万人次/h),"Hangzhou Metro Operation Co., Ltd. (杭州地铁运营有限公司)"
Hangzhou,15,19号线,Line 19,steel-wheel metro,"Urban rail transit, metro system, GB/T 44413-2024 Table 4 row 1",urban,17,False,102.6,112.0,55.0,8.47,7.1,published_peak_offpeak_only,0.321,True,pass,pass,urban,speed proxy 55 km/h at or below 60,,include,,Amap topology match 2026-08-21,medium,900000101230,"operating subsidiary of Hangzhou Metro Group. operator English name as written in a bilingual CRRC exchange filing of 2024-06-17, not confirmed as the company's own English name","GB/T 44413-2024 clause 5.1 and Table 2 for the system type and capacity class, reconciled against CAMET 2025 annual report table 3 per-city mode kilometres (china_metro/data calibration/camet2025_table3_mode_km.csv)",,,大运能 (>=3 万人次/h),"Hangzhou Metro Operation Co., Ltd. (杭州地铁运营有限公司)"
Harbin,1,1号线,Line 1,steel-wheel metro,"Urban rail transit, metro system, GB/T 44413-2024 Table 4 row 1",urban,23,False,50.4,92.0,32.9,8.29,7.2,press_quoted_operator_notice,0.132,True,pass,pass,urban,speed proxy 33 km/h at or below 60,,include,,Amap topology match 2026-08-21,high,230100020502,"the group runs the lines through its 运营事业总部 (运营总公司). The Line 2 and Line 3 project companies are not the operator. operator English name is a descriptive translation, an official English name was not verified","GB/T 44413-2024 clause 5.1 and Table 2 for the system type and capacity class, reconciled against CAMET 2025 annual report table 3 per-city mode kilometres (china_metro/data calibration/camet2025_table3_mode_km.csv)",,,大运能 (>=3 万人次/h),"Harbin Metro Group Co., Ltd. (哈尔滨地铁集团有限公司)"
Harbin,2,2号线,Line 2,steel-wheel metro,"Urban rail transit, metro system, GB/T 44413-2024 Table 4 row 1",urban,19,False,53.5,91.3,35.1,8.16,7.4,press_quoted_operator_notice,0.142,True,pass,pass,urban,speed proxy 35 km/h at or below 60,,include,,Amap topology match 2026-08-21,high,900000066208,"the group runs the lines through its 运营事业总部 (运营总公司). The Line 2 and Line 3 project companies are not the operator. operator English name is a descriptive translation, an official English name was not verified","GB/T 44413-2024 clause 5.1 and Table 2 for the system type and capacity class, reconciled against CAMET 2025 annual report table 3 per-city mode kilometres (china_metro/data calibration/camet2025_table3_mode_km.csv)",,,大运能 (>=3 万人次/h),"Harbin Metro Group Co., Ltd. (哈尔滨地铁集团有限公司)"
Harbin,3,3号线,Line 3,steel-wheel metro,"Urban rail transit, metro system, GB/T 44413-2024 Table 4 row 1",urban,36,True,71.8,150.0,28.7,8.88,6.8,published_peak_offpeak_only,0.316,True,pass,pass,urban,speed proxy 29 km/h at or below 60,,include,"4,5",Amap topology match 2026-08-21,high,900000074906,"same line name as route(s) 4,5: direction copy, extension segment or fragment. the group runs the lines through its 运营事业总部 (运营总公司). The Line 2 and Line 3 project companies are not the operator. operator English name is a descriptive translation, an official English name was not verified","GB/T 44413-2024 clause 5.1 and Table 2 for the system type and capacity class, reconciled against CAMET 2025 annual report table 3 per-city mode kilometres (china_metro/data calibration/camet2025_table3_mode_km.csv)",,,大运能 (>=3 万人次/h),"Harbin Metro Group Co., Ltd. (哈尔滨地铁集团有限公司)"
Harbin,4,3号线,Line 3,steel-wheel metro,"Urban rail transit, metro system, GB/T 44413-2024 Table 4 row 1",urban,36,True,71.8,150.0,28.7,8.88,6.8,published_peak_offpeak_only,0.316,True,pass,pass,urban,speed proxy 29 km/h at or below 60,,include,"3,5",Amap topology match 2026-08-21,high,900000074906,"same line name as route(s) 3,5: direction copy, extension segment or fragment. the group runs the lines through its 运营事业总部 (运营总公司). The Line 2 and Line 3 project companies are not the operator. operator English name is a descriptive translation, an official English name was not verified","GB/T 44413-2024 clause 5.1 and Table 2 for the system type and capacity class, reconciled against CAMET 2025 annual report table 3 per-city mode kilometres (china_metro/data calibration/camet2025_table3_mode_km.csv)",,,大运能 (>=3 万人次/h),"Harbin Metro Group Co., Ltd. (哈尔滨地铁集团有限公司)"
Harbin,5,3号线,Line 3,steel-wheel metro,"Urban rail transit, metro system, GB/T 44413-2024 Table 4 row 1",urban,6,True,8.7,18.0,28.9,8.85,6.8,published_peak_offpeak_only,0.298,True,pass,pass,urban,speed proxy 29 km/h at or below 60,,include,"3,4",Amap topology match 2026-08-21,high,900000074906,"same line name as route(s) 3,4: direction copy, extension segment or fragment. the group runs the lines through its 运营事业总部 (运营总公司). The Line 2 and Line 3 project companies are not the operator. operator English name is a descriptive translation, an official English name was not verified","GB/T 44413-2024 clause 5.1 and Table 2 for the system type and capacity class, reconciled against CAMET 2025 annual report table 3 per-city mode kilometres (china_metro/data calibration/camet2025_table3_mode_km.csv)",,,大运能 (>=3 万人次/h),"Harbin Metro Group Co., Ltd. (哈尔滨地铁集团有限公司)"
Hefei,1,1号线,Line 1,steel-wheel metro,"Urban rail transit, metro system, GB/T 44413-2024 Table 4 row 1",urban,26,False,55.5,108.0,30.8,9.01,6.7,published_interval_band_line,0.0,True,pass,pass,urban,speed proxy 31 km/h at or below 60,,include,,Amap topology match 2026-08-21,high,900000039731,"operating subsidiary formed in 2024 from the group operations branch. operator English name is a descriptive translation, an official English name was not verified","GB/T 44413-2024 clause 5.1 and Table 2 for the system type and capacity class, reconciled against CAMET 2025 annual report table 3 per-city mode kilometres (china_metro/data calibration/camet2025_table3_mode_km.csv)",,,大运能 (>=3 万人次/h),"Hefei Rail Transit Group Operation Co., Ltd. (合肥市轨道交通集团运营有限公司)"
Hefei,2,2号线,Line 2,steel-wheel metro,"Urban rail transit, metro system, GB/T 44413-2024 Table 4 row 1",urban,35,False,81.5,144.0,34.0,8.6,7.0,published_interval_band_line,0.0,True,pass,pass,urban,speed proxy 34 km/h at or below 60,,include,,Amap topology match 2026-08-21,high,900000039729,"operating subsidiary formed in 2024 from the group operations branch. operator English name is a descriptive translation, an official English name was not verified","GB/T 44413-2024 clause 5.1 and Table 2 for the system type and capacity class, reconciled against CAMET 2025 annual report table 3 per-city mode kilometres (china_metro/data calibration/camet2025_table3_mode_km.csv)",,,大运能 (>=3 万人次/h),"Hefei Rail Transit Group Operation Co., Ltd. (合肥市轨道交通集团运营有限公司)"
Hefei,3,3号线,Line 3,steel-wheel metro,"Urban rail transit, metro system, GB/T 44413-2024 Table 4 row 1",urban,41,False,91.4,178.0,30.8,8.39,7.2,published_interval_band_line,0.0,True,pass,pass,urban,speed proxy 31 km/h at or below 60,,include,,Amap topology match 2026-08-21,high,900000055586,"operating subsidiary formed in 2024 from the group operations branch. operator English name is a descriptive translation, an official English name was not verified","GB/T 44413-2024 clause 5.1 and Table 2 for the system type and capacity class, reconciled against CAMET 2025 annual report table 3 per-city mode kilometres (china_metro/data calibration/camet2025_table3_mode_km.csv)",,,大运能 (>=3 万人次/h),"Hefei Rail Transit Group Operation Co., Ltd. (合肥市轨道交通集团运营有限公司)"
Hefei,4,4号线,Line 4,steel-wheel metro,"Urban rail transit, metro system, GB/T 44413-2024 Table 4 row 1",urban,38,False,101.9,172.0,35.6,7.29,8.2,published_interval_band_line,0.0,True,pass,pass,urban,speed proxy 36 km/h at or below 60,,include,,Amap topology match 2026-08-21,v2 rebuild (Amap station sequences),,"operating subsidiary formed in 2024 from the group operations branch. operator English name is a descriptive translation, an official English name was not verified","GB/T 44413-2024 clause 5.1 and Table 2 for the system type and capacity class, reconciled against CAMET 2025 annual report table 3 per-city mode kilometres (china_metro/data calibration/camet2025_table3_mode_km.csv)",,,大运能 (>=3 万人次/h),"Hefei Rail Transit Group Operation Co., Ltd. (合肥市轨道交通集团运营有限公司)"
Hefei,5,5号线,Line 5,steel-wheel metro,"Urban rail transit, metro system, GB/T 44413-2024 Table 4 row 1",urban,33,False,76.0,136.0,33.5,7.23,8.3,published_interval_band_line,0.0,True,pass,pass,urban,speed proxy 34 km/h at or below 60,,include,,Amap topology match 2026-08-21,high,900000072420,"operating subsidiary formed in 2024 from the group operations branch. operator English name is a descriptive translation, an official English name was not verified","GB/T 44413-2024 clause 5.1 and Table 2 for the system type and capacity class, reconciled against CAMET 2025 annual report table 3 per-city mode kilometres (china_metro/data calibration/camet2025_table3_mode_km.csv)",,,大运能 (>=3 万人次/h),"Hefei Rail Transit Group Operation Co., Ltd. (合肥市轨道交通集团运营有限公司)"
Hefei,6,8号线,Line 8,steel-wheel metro,"Urban rail transit, metro system, GB/T 44413-2024 Table 4 row 1",urban,12,False,41.8,70.0,35.9,7.19,8.3,published_interval_band_line,0.0,True,pass,pass,urban,speed proxy 36 km/h at or below 60,,include,,Amap topology match 2026-08-21,high,900000152690,"operating subsidiary formed in 2024 from the group operations branch. operator English name is a descriptive translation, an official English name was not verified","GB/T 44413-2024 clause 5.1 and Table 2 for the system type and capacity class, reconciled against CAMET 2025 annual report table 3 per-city mode kilometres (china_metro/data calibration/camet2025_table3_mode_km.csv)",,,大运能 (>=3 万人次/h),"Hefei Rail Transit Group Operation Co., Ltd. (合肥市轨道交通集团运营有限公司)"
Hohhot,1,1号线 / ᠬᠦᠬᠡᠬᠤᠳᠠ ᠶᠢᠨ ᠮᠧᠲ᠋ᠷᠣ᠋ ᠶᠢᠨ ᠑ ᠨᠤᠮᠧᠷᠳᠤ ᠱᠤᠭᠤᠮ,Line 1,steel-wheel metro,"Urban rail transit, metro system, GB/T 44413-2024 Table 4 row 1",urban,20,False,45.4,84.0,32.5,5.74,10.5,press_quoted_operator_notice,0.0,True,pass,pass,urban,speed proxy 32 km/h at or below 60,,include,,Amap topology match 2026-08-21,high,900000077532,"operator English name is a descriptive translation, an official English name was not verified","GB/T 44413-2024 clause 5.1 and Table 2 for the system type and capacity class, reconciled against CAMET 2025 annual report table 3 per-city mode kilometres (china_metro/data calibration/camet2025_table3_mode_km.csv)",,,大运能 (>=3 万人次/h),"Hohhot Metro Operation Co., Ltd. (呼和浩特市地铁运营有限公司)"
Hohhot,2,2号线 / ᠬᠦᠬᠡᠬᠤᠳᠠ ᠶᠢᠨ ᠮᠧᠲ᠋ᠷᠣ᠋ ᠶᠢᠨ ᠒ ᠨᠤᠮᠧᠷᠳᠤ ᠱᠤᠭᠤᠮ,Line 2 ,steel-wheel metro,"Urban rail transit, metro system, GB/T 44413-2024 Table 4 row 1",urban,24,False,52.0,94.0,33.2,5.76,10.4,press_quoted_operator_notice,0.0,True,pass,pass,urban,speed proxy 33 km/h at or below 60,,include,,Amap topology match 2026-08-21,high,900000077536,"operator English name is a descriptive translation, an official English name was not verified","GB/T 44413-2024 clause 5.1 and Table 2 for the system type and capacity class, reconciled against CAMET 2025 annual report table 3 per-city mode kilometres (china_metro/data calibration/camet2025_table3_mode_km.csv)",,,大运能 (>=3 万人次/h),"Hohhot Metro Operation Co., Ltd. (呼和浩特市地铁运营有限公司)"
Hong Kong,1,迪士尼线,Disneyland Resort Line,steel-wheel metro,"MTR franchise under the Mass Transit Railway Ordinance, Cap. 556",urban,2,False,4.9,10.0,29.7,6.86,8.8,published_interval_band_line,0.0,False,pass,pass,urban (proxy unreliable),speed proxy unreliable: fewer than 4 stations,,include,,Amap topology match 2026-08-21,high,810000020815,,MTR franchise under the Mass Transit Railway Ordinance Cap. 556 and the Rail Merger Ordinance 2007,,,,MTR Corporation Limited (香港鐵路有限公司)
Hong Kong,2,东铁线,East Rail Line,steel-wheel metro,"MTR franchise under the Mass Transit Railway Ordinance, Cap. 556",urban,14,False,67.3,86.0,47.0,10.64,5.6,published_interval_band_section,0.0,True,pass,pass,urban,trunk section is urban; the cross-boundary stretch 上水-罗湖/落马洲 is commuter in scope,,include,,Amap topology match 2026-08-21,high,810000020810,cross-boundary section 上水–罗湖/落马洲 is commuter in scope; trunk classified urban,MTR franchise under the Mass Transit Railway Ordinance Cap. 556 and the Rail Merger Ordinance 2007,,,,MTR Corporation Limited (香港鐵路有限公司)
Hong Kong,3,东涌线,Tung Chung Line,steel-wheel metro,"MTR franchise under the Mass Transit Railway Ordinance, Cap. 556",urban,8,False,59.3,66.0,53.9,8.4,7.1,published_interval_band_section,0.0,True,pass,pass,urban,speed proxy 54 km/h at or below 60,,include,,Amap topology match 2026-08-21,high,810000020807,,MTR franchise under the Mass Transit Railway Ordinance Cap. 556 and the Rail Merger Ordinance 2007,,,,MTR Corporation Limited (香港鐵路有限公司)
Hong Kong,4,港岛线,Island Line,steel-wheel metro,"MTR franchise under the Mass Transit Railway Ordinance, Cap. 556",urban,17,False,28.2,64.0,26.4,16.01,3.7,published_interval_band_line,0.0,True,pass,pass,urban,speed proxy 26 km/h at or below 60,,include,,Amap topology match 2026-08-21,high,810000020817,,MTR franchise under the Mass Transit Railway Ordinance Cap. 556 and the Rail Merger Ordinance 2007,,,,MTR Corporation Limited (香港鐵路有限公司)
Hong Kong,5,观塘线,Kwun Tong Line,steel-wheel metro,"MTR franchise under the Mass Transit Railway Ordinance, Cap. 556",urban,17,False,31.8,72.0,26.5,15.48,3.9,published_interval_band_section,0.0,True,pass,pass,urban,speed proxy 26 km/h at or below 60,,include,,Amap topology match 2026-08-21,high,810000020821,,MTR franchise under the Mass Transit Railway Ordinance Cap. 556 and the Rail Merger Ordinance 2007,,,,MTR Corporation Limited (香港鐵路有限公司)
Hong Kong,6,机场快线,Airport Express,steel-wheel metro,"MTR franchise under the Mass Transit Railway Ordinance, Cap. 556",dedicated airport express,5,False,59.0,66.0,53.7,5.63,10.7,published_interval_band_line,0.0,True,pass,pass,urban,speed proxy 54 km/h at or below 60,premium separate fare,"include, flagged: premium fare not integrated (UITP precedent: KLIA Express excluded)",,Amap topology match 2026-08-21,high,810000010813,premium separate fare; UITP names the KLIA Express as the precedent exclusion,MTR franchise under the Mass Transit Railway Ordinance Cap. 556 and the Rail Merger Ordinance 2007,,,,MTR Corporation Limited (香港鐵路有限公司)
Hong Kong,7,将军澳线,Tseung Kwan O Line,steel-wheel metro,"MTR franchise under the Mass Transit Railway Ordinance, Cap. 556",urban,6,False,16.4,44.0,22.3,9.56,6.3,published_interval_band_section,0.0,True,pass,pass,urban,speed proxy 22 km/h at or below 60,,include,,Amap topology match 2026-08-21,high,810000020804,,MTR franchise under the Mass Transit Railway Ordinance Cap. 556 and the Rail Merger Ordinance 2007,,,,MTR Corporation Limited (香港鐵路有限公司)
Hong Kong,8,南港岛线,South Island Line,steel-wheel metro,"MTR franchise under the Mass Transit Railway Ordinance, Cap. 556",urban,5,False,12.4,22.0,33.7,10.61,5.7,published_interval_band_line,0.0,True,pass,pass,urban,speed proxy 34 km/h at or below 60,,include,,Amap topology match 2026-08-21,high,900000072541,,MTR franchise under the Mass Transit Railway Ordinance Cap. 556 and the Rail Merger Ordinance 2007,,,,MTR Corporation Limited (香港鐵路有限公司)
Hong Kong,9,荃湾线,Tsuen Wan Line,steel-wheel metro,"MTR franchise under the Mass Transit Railway Ordinance, Cap. 556",urban,16,False,30.1,60.0,30.1,15.76,3.8,published_interval_band_line,0.0,True,pass,pass,urban,speed proxy 30 km/h at or below 60,,include,,Amap topology match 2026-08-21,high,810000020823,,MTR franchise under the Mass Transit Railway Ordinance Cap. 556 and the Rail Merger Ordinance 2007,,,,MTR Corporation Limited (香港鐵路有限公司)
Hong Kong,10,屯马线,Tuen Ma Line,steel-wheel metro,"MTR franchise under the Mass Transit Railway Ordinance, Cap. 556",urban,27,False,107.1,164.0,39.2,10.58,5.7,published_interval_band_line,0.0,True,pass,pass,urban,speed proxy 39 km/h at or below 60,,include,,Amap topology match 2026-08-21,high,810000020825,,MTR franchise under the Mass Transit Railway Ordinance Cap. 556 and the Rail Merger Ordinance 2007,,,,MTR Corporation Limited (香港鐵路有限公司)
Hong Kong,11,东铁线 (落马洲支线),"East Rail Line, Lok Ma Chau spur",steel-wheel metro,"MTR franchise under the Mass Transit Railway Ordinance, Cap. 556",urban,2,False,13.0,20.0,39.1,4.0,15.0,published_peak_offpeak_only,0.938,False,pass,pass,urban (proxy unreliable),speed proxy unreliable: fewer than 4 stations,,include,,Amap topology match 2026-08-21 with manual override,high,810000020810,,MTR franchise under the Mass Transit Railway Ordinance Cap. 556 and the Rail Merger Ordinance 2007,,,,MTR Corporation Limited (香港鐵路有限公司)
Hong Kong,12,将军澳线 (康城支线),"Tseung Kwan O Line, LOHAS Park branch",steel-wheel metro,"MTR franchise under the Mass Transit Railway Ordinance, Cap. 556",urban,3,False,4.1,8.0,30.9,3.81,15.8,published_peak_offpeak_only,0.944,False,pass,pass,urban (proxy unreliable),speed proxy unreliable: fewer than 4 stations,,include,,Amap topology match 2026-08-21 with manual override,high,810000020804,,MTR franchise under the Mass Transit Railway Ordinance Cap. 556 and the Rail Merger Ordinance 2007,,,,MTR Corporation Limited (香港鐵路有限公司)
Incheon,2,인천1호선,Incheon Line 1,steel-wheel metro,"Urban railroad under the Urban Railroad Act, Article 2",urban,33,False,73.0,126.9,34.5,7.95,7.6,gtfs_weekday_trips,,True,pass,pass,urban,speed proxy 35 km/h at or below 60,,include,,operator feed / hand-coded registry,exact,,,"도시철도법 제2조 designation, with per-line station and length figures from the operator pages recorded in analysis/10_JP_KR_CALIBRATION.md",,,,Incheon Transit Corporation (인천교통공사)
Incheon,3,인천2호선,Incheon Line 2,steel-wheel metro,"Urban railroad under the Urban Railroad Act, Article 2",urban,27,False,55.4,106.0,31.3,11.97,5.0,gtfs_weekday_trips,,True,pass,pass,urban,speed proxy 31 km/h at or below 60,,include,,operator feed / hand-coded registry,exact,,former technology label: steel-wheel driverless light metro,"인천교통공사, 도시철도 주요시설 2호선 전동차현황, https://www.ictr.or.kr/main/railway/major_facility/electric2.jsp (철제차륜 경량전철, third rail, fully driverless with no cab, expandable to 4 cars) [accessed 2026-09-10]",2 cars (up to 4),,,Incheon Transit Corporation (인천교통공사)
Incheon,7,7호선 (부천·인천 구간),"Line 7, Bucheon-Incheon section 까치울–석남",steel-wheel metro,"Urban railroad under the Urban Railroad Act, Article 2",urban,11,False,23.9,40.0,35.9,6.47,9.3,gtfs_weekday_trips,,True,pass,pass,urban,speed proxy 36 km/h at or below 60,,include,,operator feed / hand-coded registry,exact,,"the same 11 stations appear in the Seoul file; route ids inherit Seoul numbering. Incheon Transit Corporation runs the Kkachiul to Seoknam section since January 2022, renewed in March 2023. Trains run through to the Seoul Metro section","도시철도법 제2조 designation, with per-line station and length figures from the operator pages recorded in analysis/10_JP_KR_CALIBRATION.md",,,,Incheon Transit Corporation (인천교통공사)
Jinan,1,1号线,Line 1,steel-wheel metro,"Urban rail transit, metro system, GB/T 44413-2024 Table 4 row 1",urban,11,False,47.8,66.0,43.4,5.89,10.2,amap_interval_band,0.0,True,pass,pass,urban,speed proxy 43 km/h at or below 60,,include,,Amap topology match 2026-08-21,high,900000071030,"operator English name is a descriptive translation, an official English name was not verified","GB/T 44413-2024 clause 5.1 and Table 2 for the system type and capacity class, reconciled against CAMET 2025 annual report table 3 per-city mode kilometres (china_metro/data calibration/camet2025_table3_mode_km.csv)",,,大运能 (>=3 万人次/h),"Jinan Rail Transit Group No. 1 Operation Co., Ltd. (济南轨道交通集团第一运营有限公司)"
Jinan,2,2号线,Line 2,steel-wheel metro,"Urban rail transit, metro system, GB/T 44413-2024 Table 4 row 1",urban,19,False,69.2,108.0,38.4,8.04,7.5,press_quoted_operator_notice,0.235,True,pass,pass,urban,speed proxy 38 km/h at or below 60,,include,,Amap topology match 2026-08-21,high,900000073474,"operator English name is a descriptive translation, an official English name was not verified","GB/T 44413-2024 clause 5.1 and Table 2 for the system type and capacity class, reconciled against CAMET 2025 annual report table 3 per-city mode kilometres (china_metro/data calibration/camet2025_table3_mode_km.csv)",,,大运能 (>=3 万人次/h),"Jinan Rail Transit Group No. 1 Operation Co., Ltd. (济南轨道交通集团第一运营有限公司)"
Jinan,3,3号线,Line 3,steel-wheel metro,"Urban rail transit, metro system, GB/T 44413-2024 Table 4 row 1",urban,18,False,62.6,104.0,36.1,7.03,8.5,press_quoted_operator_notice,0.11,True,pass,pass,urban,speed proxy 36 km/h at or below 60,,include,,Amap topology match 2026-08-21,high,900000066599,"operator English name is a descriptive translation, an official English name was not verified","GB/T 44413-2024 clause 5.1 and Table 2 for the system type and capacity class, reconciled against CAMET 2025 annual report table 3 per-city mode kilometres (china_metro/data calibration/camet2025_table3_mode_km.csv)",,,大运能 (>=3 万人次/h),"Jinan Rail Transit Group No. 1 Operation Co., Ltd. (济南轨道交通集团第一运营有限公司)"
Jinhua,1,金义东线金义段,"Jinyidong Line, Jinyi section",steel-wheel metro,"Urban rail transit, suburban rapid rail system, GB/T 44413-2024 Table 4 row 9",suburban/regional,17,False,109.8,108.0,61.0,3.96,15.2,published_peak_offpeak_only,0.865,True,pass,pass,metropolitan (Tier B),designated 市域 / regional line,,"include as Tier B (metropolitan scope), report in sensitivity sample",,Amap topology match 2026-08-21,high,900000167204,"CAMET 2025: 金义东线 is one 市域快轨 line of 98.95 km, 100 percent of Jinhua's network. runs both Jinyi and Yidong sections. The parent was restructured in August 2025 and the later name 金华市轨道交通控股集团运营有限公司 (in use by October 2025) is not applied. operator English name is a descriptive translation, an official English name was not verified","GB/T 44413-2024 clause 5.1 and Table 2 for the system type and capacity class, reconciled against CAMET 2025 annual report table 3 per-city mode kilometres (china_metro/data calibration/camet2025_table3_mode_km.csv)",,,大运能 or 中运能 (GB/T Table 2 permits both),"Jinhua Rail Transit Group Operation Co., Ltd. (金华市轨道交通集团运营有限公司)"
Jinhua,2,金义东线义东段,"Jinyidong Line, Yidong section",steel-wheel metro,"Urban rail transit, suburban rapid rail system, GB/T 44413-2024 Table 4 row 9",suburban/regional,14,False,79.0,90.0,52.7,4.22,14.2,published_peak_offpeak_only,0.87,True,pass,pass,metropolitan (Tier B),designated 市域 / regional line,,"include as Tier B (metropolitan scope), report in sensitivity sample",,Amap topology match 2026-08-21,high,900000167206,"CAMET 2025: 金义东线 is one 市域快轨 line of 98.95 km, 100 percent of Jinhua's network. runs both Jinyi and Yidong sections. The parent was restructured in August 2025 and the later name 金华市轨道交通控股集团运营有限公司 (in use by October 2025) is not applied. operator English name is a descriptive translation, an official English name was not verified","GB/T 44413-2024 clause 5.1 and Table 2 for the system type and capacity class, reconciled against CAMET 2025 annual report table 3 per-city mode kilometres (china_metro/data calibration/camet2025_table3_mode_km.csv)",,,大运能 or 中运能 (GB/T Table 2 permits both),"Jinhua Rail Transit Group Operation Co., Ltd. (金华市轨道交通集团运营有限公司)"
Kaohsiung,1,紅線,Red Line,steel-wheel metro,"Mass rapid transit system with a fully exclusive right of way under the Mass Rapid Transit Act, Article 3",urban,25,False,58.0,100.0,34.8,8.16,7.3,tdx_frequency_bands,,True,pass,pass,urban,speed proxy 35 km/h at or below 60,,include,,operator feed / hand-coded registry,exact,,includes the 2024 extension to 岡山車站,"大眾捷運法 第3條 designation, with per-line figures from the TDX rebuild recorded in analysis/17_TW_TDX_REBUILD.md",,,,Kaohsiung Rapid Transit Corporation (高雄捷運股份有限公司)
Kaohsiung,2,橘線,Orange Line,steel-wheel metro,"Mass rapid transit system with a fully exclusive right of way under the Mass Rapid Transit Act, Article 3",urban,14,False,24.5,48.0,30.6,8.16,7.3,tdx_frequency_bands,,True,pass,pass,urban,speed proxy 31 km/h at or below 60,,include,,operator feed / hand-coded registry,exact,,,"大眾捷運法 第3條 designation, with per-line figures from the TDX rebuild recorded in analysis/17_TW_TDX_REBUILD.md",,,,Kaohsiung Rapid Transit Corporation (高雄捷運股份有限公司)
Kobe,1,西神・山手線,Seishin-Yamate Line,steel-wheel metro,Type I railway business under the Railway Business Act; urban rapid railway under the City Planning Act; MLIT subway undertaking,urban,17,False,57.2,87.3,39.3,8.95,6.7,gtfs_weekday_trips,,True,pass,pass,urban,speed proxy 39 km/h at or below 60,,include,,operator feed / hand-coded registry,exact,,"includes the former Hokushin Line 谷上–新神戸, municipal since 2020; DATA VINTAGE: this file is a byte-identical copy of the Vijlbrief 2006 GTFS build","Japan Subway Association (JAMETRO) 公営地下鉄一覧 and MLIT 地下鉄事業者 list, held at 'August - revision/How each country defines the metro/JP/JP.txt'. This roster covers the conventional municipal and Tokyo Metro subway undertakings ONLY and does not extend to the AGT and monorail lines, which carry their own operator sources",,,,Kobe City Transportation Bureau (神戸市交通局)
Kobe,2,海岸線,Kaigan Line,steel-wheel linear-motor metro,Type I railway business under the Railway Business Act; urban rapid railway under the City Planning Act; MLIT subway undertaking,urban,10,False,15.6,29.3,32.0,6.16,9.7,gtfs_weekday_trips,,True,pass,pass,urban,speed proxy 32 km/h at or below 60,,include,,operator feed / hand-coded registry,exact,,,"Japan Subway Association (JAMETRO) 公営地下鉄一覧 and MLIT 地下鉄事業者 list, held at 'August - revision/How each country defines the metro/JP/JP.txt'. This roster covers the conventional municipal and Tokyo Metro subway undertakings ONLY and does not extend to the AGT and monorail lines, which carry their own operator sources",,,,Kobe City Transportation Bureau (神戸市交通局)
Kunming,1,1号线,Line 1,steel-wheel metro,"Urban rail transit, metro system, GB/T 44413-2024 Table 4 row 1",urban,18,False,55.8,94.0,35.6,5.96,10.1,inherited_from_trunk,0.261,True,pass,pass,urban,speed proxy 36 km/h at or below 60,,include,6,Amap topology match 2026-08-21,high,530100021492,"same line name as route(s) 6: direction copy, extension segment or fragment. operating subsidiary of Kunming Rail Transit Group. operator English name is a descriptive translation, an official English name was not verified","GB/T 44413-2024 clause 5.1 and Table 2 for the system type and capacity class, reconciled against CAMET 2025 annual report table 3 per-city mode kilometres (china_metro/data calibration/camet2025_table3_mode_km.csv)",,,大运能 (>=3 万人次/h),"Kunming Metro Operation Co., Ltd. (昆明地铁运营有限公司)"
Kunming,2,3号线,Line 3,steel-wheel metro,"Urban rail transit, metro system, GB/T 44413-2024 Table 4 row 1",urban,20,False,44.4,86.0,31.0,7.79,7.7,published_peak_offpeak_only,0.784,True,pass,pass,urban,speed proxy 31 km/h at or below 60,,include,,Amap topology match 2026-08-21,high,900000040209,"operating subsidiary of Kunming Rail Transit Group. operator English name is a descriptive translation, an official English name was not verified","GB/T 44413-2024 clause 5.1 and Table 2 for the system type and capacity class, reconciled against CAMET 2025 annual report table 3 per-city mode kilometres (china_metro/data calibration/camet2025_table3_mode_km.csv)",,,大运能 (>=3 万人次/h),"Kunming Metro Operation Co., Ltd. (昆明地铁运营有限公司)"
Kunming,3,4号线,Line 4,steel-wheel metro,"Urban rail transit, metro system, GB/T 44413-2024 Table 4 row 1",urban,29,False,81.8,148.0,33.1,7.05,8.5,amap_interval_band,0.0,True,pass,pass,urban,speed proxy 33 km/h at or below 60,,include,,Amap topology match 2026-08-21,high,900000071083,"PPP company of Beijing Urban Construction Group, runs Line 4 since its opening. operator English name is a descriptive translation, an official English name was not verified","GB/T 44413-2024 clause 5.1 and Table 2 for the system type and capacity class, reconciled against CAMET 2025 annual report table 3 per-city mode kilometres (china_metro/data calibration/camet2025_table3_mode_km.csv)",,,大运能 (>=3 万人次/h),"Yunnan Jingjian Rail Transit Investment and Construction Co., Ltd. (云南京建轨道交通投资建设有限公司)"
Kunming,4,5号线,Line 5,steel-wheel metro,"Urban rail transit, metro system, GB/T 44413-2024 Table 4 row 1",urban,22,False,49.4,98.0,30.2,7.09,8.5,amap_interval_band,0.0,True,pass,pass,urban,speed proxy 30 km/h at or below 60,,include,,Amap topology match 2026-08-21,high,900000071162,"concessionaire 昆明轨道交通五号线建设运营有限公司 delegated passenger operations to this branch from 2022, source published 2025-09-30. operator English name is a descriptive translation, an official English name was not verified","GB/T 44413-2024 clause 5.1 and Table 2 for the system type and capacity class, reconciled against CAMET 2025 annual report table 3 per-city mode kilometres (china_metro/data calibration/camet2025_table3_mode_km.csv)",,,大运能 (>=3 万人次/h),"Kunming Metro Operation Co., Ltd., Line 5 Operations Branch (昆明地铁运营有限公司五号线运营分公司)"
Kunming,5,6号线,Line 6,steel-wheel metro,"Urban rail transit, metro system, GB/T 44413-2024 Table 4 row 1",urban,8,False,46.7,58.0,48.3,5.05,11.9,press_quoted_operator_notice,0.0,True,pass,pass,urban,speed proxy 48 km/h at or below 60,,include,,Amap topology match 2026-08-21,high,530100020528,"operating subsidiary of Kunming Rail Transit Group. operator English name is a descriptive translation, an official English name was not verified","GB/T 44413-2024 clause 5.1 and Table 2 for the system type and capacity class, reconciled against CAMET 2025 annual report table 3 per-city mode kilometres (china_metro/data calibration/camet2025_table3_mode_km.csv)",,,大运能 (>=3 万人次/h),"Kunming Metro Operation Co., Ltd. (昆明地铁运营有限公司)"
Kunming,6,1号线,Line 1,steel-wheel metro,"Urban rail transit, metro system, GB/T 44413-2024 Table 4 row 1",urban,5,False,8.6,22.0,23.4,6.28,9.6,published_peak_offpeak_only,0.901,True,pass,pass,urban,speed proxy 23 km/h at or below 60,,include,1,Amap topology match 2026-08-21,high,530100021492,"same line name as route(s) 1: direction copy, extension segment or fragment. operating subsidiary of Kunming Rail Transit Group. operator English name is a descriptive translation, an official English name was not verified","GB/T 44413-2024 clause 5.1 and Table 2 for the system type and capacity class, reconciled against CAMET 2025 annual report table 3 per-city mode kilometres (china_metro/data calibration/camet2025_table3_mode_km.csv)",,,大运能 (>=3 万人次/h),"Kunming Metro Operation Co., Ltd. (昆明地铁运营有限公司)"
Kunming,7,2号线,Line 2,steel-wheel metro,"Urban rail transit, metro system, GB/T 44413-2024 Table 4 row 1",urban,14,False,24.1,56.0,25.8,8.49,7.1,amap_interval_band,0.0,True,pass,pass,urban,speed proxy 26 km/h at or below 60,,include,,Amap topology match 2026-08-21,high,530100021490,"operating subsidiary of Kunming Rail Transit Group. operator English name is a descriptive translation, an official English name was not verified","GB/T 44413-2024 clause 5.1 and Table 2 for the system type and capacity class, reconciled against CAMET 2025 annual report table 3 per-city mode kilometres (china_metro/data calibration/camet2025_table3_mode_km.csv)",,,大运能 (>=3 万人次/h),"Kunming Metro Operation Co., Ltd. (昆明地铁运营有限公司)"
Kyoto,1,烏丸線,Karasuma Line,steel-wheel metro,Type I railway business under the Railway Business Act; urban rapid railway under the City Planning Act; MLIT subway undertaking,urban,15,False,26.5,53.8,29.6,8.74,6.9,gtfs_weekday_trips,,True,pass,pass,urban,speed proxy 30 km/h at or below 60,,include,,operator feed / hand-coded registry,exact,,Kintetsu through services truncated at 竹田,"Japan Subway Association (JAMETRO) 公営地下鉄一覧 and MLIT 地下鉄事業者 list, held at 'August - revision/How each country defines the metro/JP/JP.txt'. This roster covers the conventional municipal and Tokyo Metro subway undertakings ONLY and does not extend to the AGT and monorail lines, which carry their own operator sources",,,,Kyoto Municipal Transportation Bureau (京都市交通局)
Kyoto,2,東西線,Tozai Line,steel-wheel metro,Type I railway business under the Railway Business Act; urban rapid railway under the City Planning Act; MLIT subway undertaking,urban,17,False,33.8,67.9,29.9,7.05,8.5,gtfs_weekday_trips,,True,pass,pass,urban,speed proxy 30 km/h at or below 60,,include,,operator feed / hand-coded registry,exact,,Keihan Keishin Line through services truncated at 御陵,"Japan Subway Association (JAMETRO) 公営地下鉄一覧 and MLIT 地下鉄事業者 list, held at 'August - revision/How each country defines the metro/JP/JP.txt'. This roster covers the conventional municipal and Tokyo Metro subway undertakings ONLY and does not extend to the AGT and monorail lines, which carry their own operator sources",,,,Kyoto Municipal Transportation Bureau (京都市交通局)
Lanzhou,1,1号线,Line 1,steel-wheel metro,"Urban rail transit, metro system, GB/T 44413-2024 Table 4 row 1",urban,20,False,49.6,90.0,33.1,6.3,9.5,published_interval_band_line,0.001,True,pass,pass,urban,speed proxy 33 km/h at or below 60,,include,,Amap topology match 2026-08-21,high,900000028566,"distinct from 兰州轨交城市运营管理有限公司, which provides property services. operator English name is a descriptive translation, an official English name was not verified","GB/T 44413-2024 clause 5.1 and Table 2 for the system type and capacity class, reconciled against CAMET 2025 annual report table 3 per-city mode kilometres (china_metro/data calibration/camet2025_table3_mode_km.csv)",,,大运能 (>=3 万人次/h),"Lanzhou Rail Transit Co., Ltd., Operations Branch (兰州市轨道交通有限公司运营分公司)"
Lanzhou,2,2号线,Line 2,steel-wheel metro,"Urban rail transit, metro system, GB/T 44413-2024 Table 4 row 1",urban,9,False,14.8,34.0,26.1,6.24,9.6,press_quoted_operator_notice,0.0,True,pass,pass,urban,speed proxy 26 km/h at or below 60,,include,,Amap topology match 2026-08-21,high,900000077514,"distinct from 兰州轨交城市运营管理有限公司, which provides property services. operator English name is a descriptive translation, an official English name was not verified","GB/T 44413-2024 clause 5.1 and Table 2 for the system type and capacity class, reconciled against CAMET 2025 annual report table 3 per-city mode kilometres (china_metro/data calibration/camet2025_table3_mode_km.csv)",,,大运能 (>=3 万人次/h),"Lanzhou Rail Transit Co., Ltd., Operations Branch (兰州市轨道交通有限公司运营分公司)"
Luoyang,1,1号线,Line 1,steel-wheel metro,"Urban rail transit, metro system, GB/T 44413-2024 Table 4 row 1",urban,19,False,47.9,86.0,33.4,5.35,11.2,published_interval_band_line,0.0,True,pass,pass,urban,speed proxy 33 km/h at or below 60,,include,,Amap topology match 2026-08-21,high,900000076062,"operator English name is a descriptive translation, an official English name was not verified","GB/T 44413-2024 clause 5.1 and Table 2 for the system type and capacity class, reconciled against CAMET 2025 annual report table 3 per-city mode kilometres (china_metro/data calibration/camet2025_table3_mode_km.csv)",,,大运能 (>=3 万人次/h),"Luoyang Rail Transit Group Co., Ltd., Operations Branch (洛阳市轨道交通集团有限责任公司运营分公司)"
Luoyang,2,2号线,Line 2,steel-wheel metro,"Urban rail transit, metro system, GB/T 44413-2024 Table 4 row 1",urban,15,False,32.9,60.0,32.9,5.44,11.0,published_interval_band_line,0.0,True,pass,pass,urban,speed proxy 33 km/h at or below 60,,include,,Amap topology match 2026-08-21,high,900000076079,"operator English name is a descriptive translation, an official English name was not verified","GB/T 44413-2024 clause 5.1 and Table 2 for the system type and capacity class, reconciled against CAMET 2025 annual report table 3 per-city mode kilometres (china_metro/data calibration/camet2025_table3_mode_km.csv)",,,大运能 (>=3 万人次/h),"Luoyang Rail Transit Group Co., Ltd., Operations Branch (洛阳市轨道交通集团有限责任公司运营分公司)"
Macau,1,氹仔线,Taipa Line,rubber-tyred automated guideway transit,Light rapid transit system under Law 18/2019,urban,13,False,19.2,56.0,20.6,7.13,8.4,published_average_interval,0.0,True,pass,pass,urban,speed proxy 21 km/h at or below 60,,include,,Amap topology match 2026-08-21,high,900000126430,"the company took over operations in April 2024, MTR (Macau) assistance ended in December 2024","Law 18/2019 輕軌交通系統. The Macau LRT is a rubber-tyred automated people mover despite the statutory name 輕軌, corrected in the 2 September rebuild",,,,"Macao Light Rapid Transit Corporation, Limited (澳門輕軌股份有限公司)"
Macau,2,石排湾线,Seac Pai Van Line,rubber-tyred automated guideway transit,Light rapid transit system under Law 18/2019,urban,2,False,1.7,3.0,33.7,9.21,6.5,published_average_interval,0.0,False,pass,pass,urban (proxy unreliable),speed proxy unreliable: fewer than 4 stations,,include,,Amap topology match 2026-08-21,high,900000213458,"the company took over operations in April 2024, MTR (Macau) assistance ended in December 2024","Law 18/2019 輕軌交通系統. The Macau LRT is a rubber-tyred automated people mover despite the statutory name 輕軌, corrected in the 2 September rebuild",,,,"Macao Light Rapid Transit Corporation, Limited (澳門輕軌股份有限公司)"
Macau,3,横琴线,Hengqin Line,rubber-tyred automated guideway transit,Light rapid transit system under Law 18/2019,urban,2,False,3.2,4.0,47.6,9.21,6.5,published_average_interval,0.0,False,pass,pass,urban (proxy unreliable),speed proxy unreliable: fewer than 4 stations,,include,,Amap topology match 2026-08-21 with manual override,medium,900000126430,"opened 2024-12-02; the automatic vote named it 氹仔线 because 莲花 is shared. the company took over operations in April 2024, MTR (Macau) assistance ended in December 2024","Law 18/2019 輕軌交通系統. The Macau LRT is a rubber-tyred automated people mover despite the statutory name 輕軌, corrected in the 2 September rebuild",,,,"Macao Light Rapid Transit Corporation, Limited (澳門輕軌股份有限公司)"
Nanchang,1,1号线,Line 1,steel-wheel metro,"Urban rail transit, metro system, GB/T 44413-2024 Table 4 row 1",urban,3,False,8.1,8.0,60.4,10.9,5.5,published_peak_offpeak_only,0.3,False,pass,pass,urban (proxy unreliable),speed proxy unreliable: fewer than 4 stations,,include,"2,3",Amap topology match 2026-08-21,high,360100020431,"same line name as route(s) 2,3: direction copy, extension segment or fragment. operator English name is a descriptive translation, an official English name was not verified","GB/T 44413-2024 clause 5.1 and Table 2 for the system type and capacity class, reconciled against CAMET 2025 annual report table 3 per-city mode kilometres (china_metro/data calibration/camet2025_table3_mode_km.csv)",,,大运能 (>=3 万人次/h),"Nanchang Rail Transit Group Co., Ltd., Operations Branch (南昌轨道交通集团有限公司运营分公司)"
Nanchang,2,1号线,Line 1,steel-wheel metro,"Urban rail transit, metro system, GB/T 44413-2024 Table 4 row 1",urban,24,False,55.2,112.0,29.5,10.37,5.8,published_peak_offpeak_only,0.252,True,pass,pass,urban,speed proxy 30 km/h at or below 60,,include,"1,3",Amap topology match 2026-08-21,high,360100020431,"same line name as route(s) 1,3: direction copy, extension segment or fragment. operator English name is a descriptive translation, an official English name was not verified","GB/T 44413-2024 clause 5.1 and Table 2 for the system type and capacity class, reconciled against CAMET 2025 annual report table 3 per-city mode kilometres (china_metro/data calibration/camet2025_table3_mode_km.csv)",,,大运能 (>=3 万人次/h),"Nanchang Rail Transit Group Co., Ltd., Operations Branch (南昌轨道交通集团有限公司运营分公司)"
Nanchang,3,1号线,Line 1,steel-wheel metro,"Urban rail transit, metro system, GB/T 44413-2024 Table 4 row 1",urban,9,False,31.3,44.0,42.7,11.33,5.3,published_peak_offpeak_only,0.322,True,pass,pass,urban,speed proxy 43 km/h at or below 60,,include,"1,2",Amap topology match 2026-08-21,high,360100020431,"same line name as route(s) 1,2: direction copy, extension segment or fragment. operator English name is a descriptive translation, an official English name was not verified","GB/T 44413-2024 clause 5.1 and Table 2 for the system type and capacity class, reconciled against CAMET 2025 annual report table 3 per-city mode kilometres (china_metro/data calibration/camet2025_table3_mode_km.csv)",,,大运能 (>=3 万人次/h),"Nanchang Rail Transit Group Co., Ltd., Operations Branch (南昌轨道交通集团有限公司运营分公司)"
Nanchang,4,2号线,Line 2,steel-wheel metro,"Urban rail transit, metro system, GB/T 44413-2024 Table 4 row 1",urban,10,False,19.5,38.0,30.7,9.68,6.2,published_peak_offpeak_only,0.774,True,pass,pass,urban,speed proxy 31 km/h at or below 60,,include,5,Amap topology match 2026-08-21,high,360100020563,"same line name as route(s) 5: direction copy, extension segment or fragment. operator English name is a descriptive translation, an official English name was not verified","GB/T 44413-2024 clause 5.1 and Table 2 for the system type and capacity class, reconciled against CAMET 2025 annual report table 3 per-city mode kilometres (china_metro/data calibration/camet2025_table3_mode_km.csv)",,,大运能 (>=3 万人次/h),"Nanchang Rail Transit Group Co., Ltd., Operations Branch (南昌轨道交通集团有限公司运营分公司)"
Nanchang,5,2号线,Line 2,steel-wheel metro,"Urban rail transit, metro system, GB/T 44413-2024 Table 4 row 1",urban,28,False,58.8,114.0,30.9,7.7,7.8,published_peak_offpeak_only,0.743,True,pass,pass,urban,speed proxy 31 km/h at or below 60,,include,4,Amap topology match 2026-08-21,high,360100020563,"same line name as route(s) 4: direction copy, extension segment or fragment. operator English name is a descriptive translation, an official English name was not verified","GB/T 44413-2024 clause 5.1 and Table 2 for the system type and capacity class, reconciled against CAMET 2025 annual report table 3 per-city mode kilometres (china_metro/data calibration/camet2025_table3_mode_km.csv)",,,大运能 (>=3 万人次/h),"Nanchang Rail Transit Group Co., Ltd., Operations Branch (南昌轨道交通集团有限公司运营分公司)"
Nanchang,6,3号线,Line 3,steel-wheel metro,"Urban rail transit, metro system, GB/T 44413-2024 Table 4 row 1",urban,22,False,54.7,96.0,34.2,8.92,6.7,published_interval_band_line,0.0,True,pass,pass,urban,speed proxy 34 km/h at or below 60,,include,,Amap topology match 2026-08-21,high,900000057035,"separate PPP company for Line 3. operator English name is a descriptive translation, an official English name was not verified","GB/T 44413-2024 clause 5.1 and Table 2 for the system type and capacity class, reconciled against CAMET 2025 annual report table 3 per-city mode kilometres (china_metro/data calibration/camet2025_table3_mode_km.csv)",,,大运能 (>=3 万人次/h),"Nanchang CREC-Suicheng Rail Transit Construction and Operation Co., Ltd. (南昌中铁穗城轨道交通建设运营有限公司)"
Nanchang,7,4号线,Line 4,steel-wheel metro,"Urban rail transit, metro system, GB/T 44413-2024 Table 4 row 1",urban,29,False,75.2,132.0,34.2,8.21,7.3,published_interval_band_line,0.0,True,pass,pass,urban,speed proxy 34 km/h at or below 60,,include,,Amap topology match 2026-08-21,high,900000068673,"operator English name is a descriptive translation, an official English name was not verified","GB/T 44413-2024 clause 5.1 and Table 2 for the system type and capacity class, reconciled against CAMET 2025 annual report table 3 per-city mode kilometres (china_metro/data calibration/camet2025_table3_mode_km.csv)",,,大运能 (>=3 万人次/h),"Nanchang Rail Transit Group Co., Ltd., Operations Branch (南昌轨道交通集团有限公司运营分公司)"
Nanjing,1,1号线,Line 1,steel-wheel metro,"Urban rail transit, metro system, GB/T 44413-2024 Table 4 row 1",urban,32,False,84.7,150.0,33.9,16.99,3.5,amap_interval_band,0.0,True,pass,pass,urban,speed proxy 34 km/h at or below 60,,include,,Amap topology match 2026-08-21,high,320100022330,"operating subsidiary of Nanjing Metro Group. operator English name is a descriptive translation, an official English name was not verified","GB/T 44413-2024 clause 5.1 and Table 2 for the system type and capacity class, reconciled against CAMET 2025 annual report table 3 per-city mode kilometres (china_metro/data calibration/camet2025_table3_mode_km.csv)",,,大运能 (>=3 万人次/h),"Nanjing Metro Operation Co., Ltd. (南京地铁运营有限责任公司)"
Nanjing,2,2号线,Line 2,steel-wheel metro,"Urban rail transit, metro system, GB/T 44413-2024 Table 4 row 1",urban,30,False,79.6,136.0,35.1,12.14,4.9,published_peak_offpeak_only,0.768,True,pass,pass,urban,speed proxy 35 km/h at or below 60,,include,,Amap topology match 2026-08-21,high,320100021495,"operating subsidiary of Nanjing Metro Group. operator English name is a descriptive translation, an official English name was not verified","GB/T 44413-2024 clause 5.1 and Table 2 for the system type and capacity class, reconciled against CAMET 2025 annual report table 3 per-city mode kilometres (china_metro/data calibration/camet2025_table3_mode_km.csv)",,,大运能 (>=3 万人次/h),"Nanjing Metro Operation Co., Ltd. (南京地铁运营有限责任公司)"
Nanjing,3,3号线,Line 3,steel-wheel metro,"Urban rail transit, metro system, GB/T 44413-2024 Table 4 row 1",urban,29,False,83.6,140.0,35.8,10.5,5.7,transcription_2025_unsourced,,True,pass,pass,urban,speed proxy 36 km/h at or below 60,,include,,Amap topology match 2026-08-21,high,320100021573,"operating subsidiary of Nanjing Metro Group. operator English name is a descriptive translation, an official English name was not verified","GB/T 44413-2024 clause 5.1 and Table 2 for the system type and capacity class, reconciled against CAMET 2025 annual report table 3 per-city mode kilometres (china_metro/data calibration/camet2025_table3_mode_km.csv)",,,大运能 (>=3 万人次/h),"Nanjing Metro Operation Co., Ltd. (南京地铁运营有限责任公司)"
Nanjing,4,4号线,Line 4,steel-wheel metro,"Urban rail transit, metro system, GB/T 44413-2024 Table 4 row 1",urban,18,False,61.7,90.0,41.1,9.05,6.6,published_peak_offpeak_only,0.53,True,pass,pass,urban,speed proxy 41 km/h at or below 60,,include,,Amap topology match 2026-08-21,high,320100021293,"operating subsidiary of Nanjing Metro Group. operator English name is a descriptive translation, an official English name was not verified","GB/T 44413-2024 clause 5.1 and Table 2 for the system type and capacity class, reconciled against CAMET 2025 annual report table 3 per-city mode kilometres (china_metro/data calibration/camet2025_table3_mode_km.csv)",,,大运能 (>=3 万人次/h),"Nanjing Metro Operation Co., Ltd. (南京地铁运营有限责任公司)"
Nanjing,5,5号线,Line 5,steel-wheel metro,"Urban rail transit, metro system, GB/T 44413-2024 Table 4 row 1",urban,30,False,67.5,126.0,32.2,7.2,8.3,transcription_2025_unsourced,,True,pass,pass,urban,speed proxy 32 km/h at or below 60,,include,,Amap topology match 2026-08-21,high,320100021571,"operating subsidiary of Nanjing Metro Group. operator English name is a descriptive translation, an official English name was not verified","GB/T 44413-2024 clause 5.1 and Table 2 for the system type and capacity class, reconciled against CAMET 2025 annual report table 3 per-city mode kilometres (china_metro/data calibration/camet2025_table3_mode_km.csv)",,,大运能 (>=3 万人次/h),"Nanjing Metro Operation Co., Ltd. (南京地铁运营有限责任公司)"
Nanjing,6,7号线,Line 7,steel-wheel metro,"Urban rail transit, metro system, GB/T 44413-2024 Table 4 row 1",urban,27,False,66.9,120.0,33.4,7.12,8.4,amap_interval_band,0.0,True,pass,pass,urban,speed proxy 33 km/h at or below 60,,include,,Amap topology match 2026-08-21,high,320100021299,"operating subsidiary of Nanjing Metro Group. operator English name is a descriptive translation, an official English name was not verified","GB/T 44413-2024 clause 5.1 and Table 2 for the system type and capacity class, reconciled against CAMET 2025 annual report table 3 per-city mode kilometres (china_metro/data calibration/camet2025_table3_mode_km.csv)",,,大运能 (>=3 万人次/h),"Nanjing Metro Operation Co., Ltd. (南京地铁运营有限责任公司)"
Nanjing,7,10号线,Line 10,steel-wheel metro,"Urban rail transit, metro system, GB/T 44413-2024 Table 4 row 1",urban,14,False,40.3,68.0,35.6,8.59,7.0,amap_interval_band,0.0,True,pass,pass,urban,speed proxy 36 km/h at or below 60,,include,,Amap topology match 2026-08-21,high,320100022437,"operating subsidiary of Nanjing Metro Group. operator English name is a descriptive translation, an official English name was not verified","GB/T 44413-2024 clause 5.1 and Table 2 for the system type and capacity class, reconciled against CAMET 2025 annual report table 3 per-city mode kilometres (china_metro/data calibration/camet2025_table3_mode_km.csv)",,,大运能 (>=3 万人次/h),"Nanjing Metro Operation Co., Ltd. (南京地铁运营有限责任公司)"
Nanjing,11,S1号线(机场线),S1 Line (Airport Line),steel-wheel metro,"Urban rail transit, suburban rapid rail system, GB/T 44413-2024 Table 4 row 9",suburban/regional,9,False,62.1,76.0,49.0,11.7,5.1,transcription_2025_unsourced,,True,pass,pass,metropolitan (Tier B),designated 市域 / regional line,,"include as Tier B (metropolitan scope), report in sensitivity sample",,Amap topology match 2026-08-21,high,320100022467,"市域 S-line to Lukou Airport on standard metro fares, not a premium airport express. operating subsidiary of Nanjing Metro Group. operator English name is a descriptive translation, an official English name was not verified","GB/T 44413-2024 clause 5.1 and Table 2 for the system type and capacity class, reconciled against CAMET 2025 annual report table 3 per-city mode kilometres (china_metro/data calibration/camet2025_table3_mode_km.csv)",,,大运能 or 中运能 (GB/T Table 2 permits both),"Nanjing Metro Operation Co., Ltd. (南京地铁运营有限责任公司)"
Nanjing,12,S3号线(宁和线),Line S3 (Ninghe Line),steel-wheel metro,"Urban rail transit, suburban rapid rail system, GB/T 44413-2024 Table 4 row 9",suburban/regional,19,False,66.1,96.0,41.3,6.3,9.5,transcription_2025_unsourced,,True,pass,pass,metropolitan (Tier B),designated 市域 / regional line,,"include as Tier B (metropolitan scope), report in sensitivity sample",,Amap topology match 2026-08-21,high,320100021307,"operating subsidiary of Nanjing Metro Group. operator English name is a descriptive translation, an official English name was not verified","GB/T 44413-2024 clause 5.1 and Table 2 for the system type and capacity class, reconciled against CAMET 2025 annual report table 3 per-city mode kilometres (china_metro/data calibration/camet2025_table3_mode_km.csv)",,,大运能 or 中运能 (GB/T Table 2 permits both),"Nanjing Metro Operation Co., Ltd. (南京地铁运营有限责任公司)"
Nanjing,13,S6号线(宁句线),Line S6 (Ningju Line),steel-wheel metro,"Urban rail transit, suburban rapid rail system, GB/T 44413-2024 Table 4 row 9",suburban/regional,13,False,78.6,80.0,59.0,5.64,10.6,published_peak_offpeak_only,0.36,True,pass,pass,metropolitan (Tier B),designated 市域 / regional line,,"include as Tier B (metropolitan scope), report in sensitivity sample",,Amap topology match 2026-08-21,high,320100021313,"operating subsidiary of Nanjing Metro Group. Concession company is 江苏宁句轨道交通有限公司. operator English name is a descriptive translation, an official English name was not verified","GB/T 44413-2024 clause 5.1 and Table 2 for the system type and capacity class, reconciled against CAMET 2025 annual report table 3 per-city mode kilometres (china_metro/data calibration/camet2025_table3_mode_km.csv)",,,大运能 or 中运能 (GB/T Table 2 permits both),"Nanjing Metro Operation Co., Ltd. (南京地铁运营有限责任公司)"
Nanjing,14,S7号线(宁溧线),Line S7 (Ningli Line),steel-wheel metro,"Urban rail transit, suburban rapid rail system, GB/T 44413-2024 Table 4 row 9",suburban/regional,9,False,53.0,64.0,49.7,3.6,16.6,amap_interval_band,0.0,True,pass,pass,metropolitan (Tier B),designated 市域 / regional line,,"include as Tier B (metropolitan scope), report in sensitivity sample",,Amap topology match 2026-08-21,high,900000075073,"operating subsidiary of Nanjing Metro Group. operator English name is a descriptive translation, an official English name was not verified","GB/T 44413-2024 clause 5.1 and Table 2 for the system type and capacity class, reconciled against CAMET 2025 annual report table 3 per-city mode kilometres (china_metro/data calibration/camet2025_table3_mode_km.csv)",,,大运能 or 中运能 (GB/T Table 2 permits both),"Nanjing Metro Operation Co., Ltd. (南京地铁运营有限责任公司)"
Nanjing,15,S8号线(宁天线),Line S8 (Ningtian Line),steel-wheel metro,"Urban rail transit, suburban rapid rail system, GB/T 44413-2024 Table 4 row 9",suburban/regional,19,False,92.1,112.0,49.3,6.44,9.3,published_peak_offpeak_only,0.876,True,pass,pass,metropolitan (Tier B),designated 市域 / regional line,,"include as Tier B (metropolitan scope), report in sensitivity sample",,Amap topology match 2026-08-21,high,320100022469,"operating subsidiary of Nanjing Metro Group. operator English name is a descriptive translation, an official English name was not verified","GB/T 44413-2024 clause 5.1 and Table 2 for the system type and capacity class, reconciled against CAMET 2025 annual report table 3 per-city mode kilometres (china_metro/data calibration/camet2025_table3_mode_km.csv)",,,大运能 or 中运能 (GB/T Table 2 permits both),"Nanjing Metro Operation Co., Ltd. (南京地铁运营有限责任公司)"
Nanjing,16,S9号线(宁高线),Line S9 (Ninggao Line),steel-wheel metro,"Urban rail transit, suburban rapid rail system, GB/T 44413-2024 Table 4 row 9",suburban/regional,6,False,96.6,78.0,74.3,4.21,14.3,amap_interval_band,0.0,True,pass,pass,metropolitan (Tier B),designated 市域 / regional line,,"include as Tier B (metropolitan scope), report in sensitivity sample",,Amap topology match 2026-08-21,high,900000075091,"operating subsidiary of Nanjing Metro Group. operator English name is a descriptive translation, an official English name was not verified","GB/T 44413-2024 clause 5.1 and Table 2 for the system type and capacity class, reconciled against CAMET 2025 annual report table 3 per-city mode kilometres (china_metro/data calibration/camet2025_table3_mode_km.csv)",,,大运能 or 中运能 (GB/T Table 2 permits both),"Nanjing Metro Operation Co., Ltd. (南京地铁运营有限责任公司)"
Nanning,1,1号线,Line 1,steel-wheel metro,"Urban rail transit, metro system, GB/T 44413-2024 Table 4 row 1",urban,25,False,60.1,109.0,33.1,8.41,7.1,press_quoted_operator_notice,0.0,True,pass,pass,urban,speed proxy 33 km/h at or below 60,,include,,Amap topology match 2026-08-21,high,900000058314,"operating subsidiary of Nanning Rail Transit Group, established 2022. operator English name is a descriptive translation, an official English name was not verified","GB/T 44413-2024 clause 5.1 and Table 2 for the system type and capacity class, reconciled against CAMET 2025 annual report table 3 per-city mode kilometres (china_metro/data calibration/camet2025_table3_mode_km.csv)",,,大运能 (>=3 万人次/h),"Nanning Rail Transit Operation Co., Ltd. (南宁轨道交通运营有限公司)"
Nanning,2,2号线,Line 2,steel-wheel metro,"Urban rail transit, metro system, GB/T 44413-2024 Table 4 row 1",urban,23,False,52.3,95.4,32.9,8.45,7.1,press_quoted_operator_notice,0.0,True,pass,pass,urban,speed proxy 33 km/h at or below 60,,include,,Amap topology match 2026-08-21,high,900000060985,"operating subsidiary of Nanning Rail Transit Group, established 2022. operator English name is a descriptive translation, an official English name was not verified","GB/T 44413-2024 clause 5.1 and Table 2 for the system type and capacity class, reconciled against CAMET 2025 annual report table 3 per-city mode kilometres (china_metro/data calibration/camet2025_table3_mode_km.csv)",,,大运能 (>=3 万人次/h),"Nanning Rail Transit Operation Co., Ltd. (南宁轨道交通运营有限公司)"
Nanning,3,3号线,Line 3,steel-wheel metro,"Urban rail transit, metro system, GB/T 44413-2024 Table 4 row 1",urban,23,False,52.7,93.8,33.7,8.5,7.1,press_quoted_operator_notice,0.0,True,pass,pass,urban,speed proxy 34 km/h at or below 60,,include,,Amap topology match 2026-08-21,high,900000067049,"operating subsidiary of Nanning Rail Transit Group, established 2022. operator English name is a descriptive translation, an official English name was not verified","GB/T 44413-2024 clause 5.1 and Table 2 for the system type and capacity class, reconciled against CAMET 2025 annual report table 3 per-city mode kilometres (china_metro/data calibration/camet2025_table3_mode_km.csv)",,,大运能 (>=3 万人次/h),"Nanning Rail Transit Operation Co., Ltd. (南宁轨道交通运营有限公司)"
Nanning,4,4号线,Line 4,steel-wheel metro,"Urban rail transit, metro system, GB/T 44413-2024 Table 4 row 1",urban,16,False,39.7,65.9,36.2,7.38,8.1,press_quoted_operator_notice,0.0,True,pass,pass,urban,speed proxy 36 km/h at or below 60,,include,,Amap topology match 2026-08-21,high,900000073499,"operating subsidiary of Nanning Rail Transit Group, established 2022. operator English name is a descriptive translation, an official English name was not verified","GB/T 44413-2024 clause 5.1 and Table 2 for the system type and capacity class, reconciled against CAMET 2025 annual report table 3 per-city mode kilometres (china_metro/data calibration/camet2025_table3_mode_km.csv)",,,大运能 (>=3 万人次/h),"Nanning Rail Transit Operation Co., Ltd. (南宁轨道交通运营有限公司)"
Nanning,5,5号线,Line 5,steel-wheel metro,"Urban rail transit, metro system, GB/T 44413-2024 Table 4 row 1",urban,17,False,39.0,72.2,32.4,7.01,8.6,press_quoted_operator_notice,0.0,True,pass,pass,urban,speed proxy 32 km/h at or below 60,,include,,Amap topology match 2026-08-21,high,900000087801,"operating subsidiary of Nanning Rail Transit Group, established 2022. operator English name is a descriptive translation, an official English name was not verified","GB/T 44413-2024 clause 5.1 and Table 2 for the system type and capacity class, reconciled against CAMET 2025 annual report table 3 per-city mode kilometres (china_metro/data calibration/camet2025_table3_mode_km.csv)",,,大运能 (>=3 万人次/h),"Nanning Rail Transit Operation Co., Ltd. (南宁轨道交通运营有限公司)"
Nantong,1,1号线,Line 1,steel-wheel metro,"Urban rail transit, metro system, GB/T 44413-2024 Table 4 row 1",urban,28,False,72.6,132.0,33.0,6.24,9.6,published_interval_band_line,0.0,True,pass,pass,urban,speed proxy 33 km/h at or below 60,,include,,Amap topology match 2026-08-21,v2 rebuild (Amap station sequences),,"operator English name is a descriptive translation, an official English name was not verified","GB/T 44413-2024 clause 5.1 and Table 2 for the system type and capacity class, reconciled against CAMET 2025 annual report table 3 per-city mode kilometres (china_metro/data calibration/camet2025_table3_mode_km.csv)",,,大运能 (>=3 万人次/h),"Nantong Rail Transit Group Co., Ltd., Operations Branch (南通轨道交通集团有限公司运营分公司)"
Nantong,2,2号线,Line 2,steel-wheel metro,"Urban rail transit, metro system, GB/T 44413-2024 Table 4 row 1",urban,16,False,39.8,64.0,37.3,5.84,10.3,press_quoted_operator_notice,0.0,True,pass,pass,urban,speed proxy 37 km/h at or below 60,,include,,Amap topology match 2026-08-21,v2 rebuild (Amap station sequences),,"operator English name is a descriptive translation, an official English name was not verified","GB/T 44413-2024 clause 5.1 and Table 2 for the system type and capacity class, reconciled against CAMET 2025 annual report table 3 per-city mode kilometres (china_metro/data calibration/camet2025_table3_mode_km.csv)",,,大运能 (>=3 万人次/h),"Nantong Rail Transit Group Co., Ltd., Operations Branch (南通轨道交通集团有限公司运营分公司)"
Ningbo,1,1号线,Line 1,steel-wheel metro,"Urban rail transit, metro system, GB/T 44413-2024 Table 4 row 1",urban,29,False,88.3,134.0,39.5,7.75,7.7,press_quoted_operator_notice,0.0,True,pass,pass,urban,speed proxy 40 km/h at or below 60,,include,,Amap topology match 2026-08-21,high,330200021803,"operator English name as the operator's recruitment website heading writes it, capitalisation kept","GB/T 44413-2024 clause 5.1 and Table 2 for the system type and capacity class, reconciled against CAMET 2025 annual report table 3 per-city mode kilometres (china_metro/data calibration/camet2025_table3_mode_km.csv)",,,大运能 (>=3 万人次/h),Operation branch of Ningbo Rail Transit Group Co. Ltd (宁波市轨道交通集团有限公司运营分公司)
Ningbo,2,2号线,Line 2,steel-wheel metro,"Urban rail transit, metro system, GB/T 44413-2024 Table 4 row 1",urban,27,False,68.4,120.0,34.2,9.33,6.4,published_interval_band_line,0.0,True,pass,pass,urban,speed proxy 34 km/h at or below 60,,include,,Amap topology match 2026-08-21,high,330200021780,"operator English name as the operator's recruitment website heading writes it, capitalisation kept","GB/T 44413-2024 clause 5.1 and Table 2 for the system type and capacity class, reconciled against CAMET 2025 annual report table 3 per-city mode kilometres (china_metro/data calibration/camet2025_table3_mode_km.csv)",,,大运能 (>=3 万人次/h),Operation branch of Ningbo Rail Transit Group Co. Ltd (宁波市轨道交通集团有限公司运营分公司)
Ningbo,3,3号线,Line 3,steel-wheel metro,"Urban rail transit, metro system, GB/T 44413-2024 Table 4 row 1",urban,24,False,72.3,112.0,38.8,5.64,10.6,press_quoted_operator_notice,0.0,True,pass,pass,urban,trunk is 地铁; CAMET counts only the 21.53 km 宁奉 tail as 市域快轨,,include,,Amap topology match 2026-08-21,high,900000067955,"CAMET 2025 counts only the 21.53 km 宁奉 tail as 市域快轨 and the rest as 地铁; classified on the trunk. operator English name as the operator's recruitment website heading writes it, capitalisation kept","GB/T 44413-2024 clause 5.1 and Table 2 for the system type and capacity class, reconciled against CAMET 2025 annual report table 3 per-city mode kilometres (china_metro/data calibration/camet2025_table3_mode_km.csv)",,,大运能 (>=3 万人次/h),Operation branch of Ningbo Rail Transit Group Co. Ltd (宁波市轨道交通集团有限公司运营分公司)
Ningbo,4,4号线,Line 4,steel-wheel metro,"Urban rail transit, metro system, GB/T 44413-2024 Table 4 row 1",urban,27,False,74.6,128.0,35.0,8.09,7.4,press_quoted_operator_notice,0.0,True,pass,pass,urban,speed proxy 35 km/h at or below 60,,include,,Amap topology match 2026-08-21,high,900000067964,"operator English name as the operator's recruitment website heading writes it, capitalisation kept","GB/T 44413-2024 clause 5.1 and Table 2 for the system type and capacity class, reconciled against CAMET 2025 annual report table 3 per-city mode kilometres (china_metro/data calibration/camet2025_table3_mode_km.csv)",,,大运能 (>=3 万人次/h),Operation branch of Ningbo Rail Transit Group Co. Ltd (宁波市轨道交通集团有限公司运营分公司)
Ningbo,5,5号线,Line 5,steel-wheel metro,"Urban rail transit, metro system, GB/T 44413-2024 Table 4 row 1",urban,27,False,69.4,126.0,33.0,8.5,7.1,press_quoted_operator_notice,0.0,True,pass,pass,urban,speed proxy 33 km/h at or below 60,,include,,Amap topology match 2026-08-21,high,900000071573,"operator English name is a descriptive translation, an official English name was not verified","GB/T 44413-2024 clause 5.1 and Table 2 for the system type and capacity class, reconciled against CAMET 2025 annual report table 3 per-city mode kilometres (china_metro/data calibration/camet2025_table3_mode_km.csv)",,,大运能 (>=3 万人次/h),"Ningbo Rail Transit Group Co., Ltd., Smart Operations Branch (宁波市轨道交通集团有限公司智慧运营分公司)"
Ningbo,6,8号线,Line 8,steel-wheel metro,"Urban rail transit, metro system, GB/T 44413-2024 Table 4 row 1",urban,19,False,44.9,80.0,33.7,6.53,9.2,press_quoted_operator_notice,0.0,True,pass,pass,urban,speed proxy 34 km/h at or below 60,,include,,Amap topology match 2026-08-21,high,900000164407,"operator English name is a descriptive translation, an official English name was not verified","GB/T 44413-2024 clause 5.1 and Table 2 for the system type and capacity class, reconciled against CAMET 2025 annual report table 3 per-city mode kilometres (china_metro/data calibration/camet2025_table3_mode_km.csv)",,,大运能 (>=3 万人次/h),"Ningbo Rail Transit Group Co., Ltd., Smart Operations Branch (宁波市轨道交通集团有限公司智慧运营分公司)"
Ningbo,7,轨道交通7号线,Line 7,steel-wheel metro,"Urban rail transit, metro system, GB/T 44413-2024 Table 4 row 1",urban,25,False,74.9,123.0,36.6,6.55,9.2,amap_interval_band (additions.py,,True,pass,pass,urban,speed proxy 37 km/h at or below 60,,include,,Amap topology match 2026-08-21,v2 rebuild (Amap station sequences),,"v2 addition (Ningbo Line 7 (轨道交通7号线)). operator English name is a descriptive translation, an official English name was not verified","GB/T 44413-2024 clause 5.1 and Table 2 for the system type and capacity class, reconciled against CAMET 2025 annual report table 3 per-city mode kilometres (china_metro/data calibration/camet2025_table3_mode_km.csv)",,,大运能 (>=3 万人次/h),"Ningbo Rail Transit Group Co., Ltd., Smart Operations Branch (宁波市轨道交通集团有限公司智慧运营分公司)"
Qingdao,1,1号线,Line 1,steel-wheel metro,"Urban rail transit, metro system, GB/T 44413-2024 Table 4 row 1",urban,41,False,115.0,190.0,36.3,8.24,7.3,press_quoted_operator_notice,0.012,True,pass,pass,urban,speed proxy 36 km/h at or below 60,,include,,Amap topology match 2026-08-21,high,900000073472,"operating subsidiary of Qingdao Metro Group. operator English name is a descriptive translation, an official English name was not verified","GB/T 44413-2024 clause 5.1 and Table 2 for the system type and capacity class, reconciled against CAMET 2025 annual report table 3 per-city mode kilometres (china_metro/data calibration/camet2025_table3_mode_km.csv)",,,大运能 (>=3 万人次/h),"Qingdao Metro Operation Co., Ltd. (青岛地铁运营有限公司)"
Qingdao,2,2号线,Line 2,steel-wheel metro,"Urban rail transit, metro system, GB/T 44413-2024 Table 4 row 1",urban,25,False,53.6,104.0,30.9,8.94,6.7,press_quoted_operator_notice,0.033,True,pass,pass,urban,speed proxy 31 km/h at or below 60,,include,,Amap topology match 2026-08-21,high,900000030291,"operating subsidiary of Qingdao Metro Group. operator English name is a descriptive translation, an official English name was not verified","GB/T 44413-2024 clause 5.1 and Table 2 for the system type and capacity class, reconciled against CAMET 2025 annual report table 3 per-city mode kilometres (china_metro/data calibration/camet2025_table3_mode_km.csv)",,,大运能 (>=3 万人次/h),"Qingdao Metro Operation Co., Ltd. (青岛地铁运营有限公司)"
Qingdao,3,3号线,Line 3,steel-wheel metro,"Urban rail transit, metro system, GB/T 44413-2024 Table 4 row 1",urban,22,False,46.8,92.0,30.5,8.65,6.9,press_quoted_operator_notice,0.036,True,pass,pass,urban,speed proxy 31 km/h at or below 60,,include,7,Amap topology match 2026-08-21,high,900000030289,"same line name as route(s) 7: direction copy, extension segment or fragment. operating subsidiary of Qingdao Metro Group. operator English name is a descriptive translation, an official English name was not verified","GB/T 44413-2024 clause 5.1 and Table 2 for the system type and capacity class, reconciled against CAMET 2025 annual report table 3 per-city mode kilometres (china_metro/data calibration/camet2025_table3_mode_km.csv)",,,大运能 (>=3 万人次/h),"Qingdao Metro Operation Co., Ltd. (青岛地铁运营有限公司)"
Qingdao,4,4号线,Line 4,steel-wheel metro,"Urban rail transit, metro system, GB/T 44413-2024 Table 4 row 1",urban,25,False,58.1,102.0,34.2,7.4,8.1,press_quoted_operator_notice,0.058,True,pass,pass,urban,speed proxy 34 km/h at or below 60,,include,,Amap topology match 2026-08-21,high,900000071917,"operating subsidiary of Qingdao Metro Group. operator English name is a descriptive translation, an official English name was not verified","GB/T 44413-2024 clause 5.1 and Table 2 for the system type and capacity class, reconciled against CAMET 2025 annual report table 3 per-city mode kilometres (china_metro/data calibration/camet2025_table3_mode_km.csv)",,,大运能 (>=3 万人次/h),"Qingdao Metro Operation Co., Ltd. (青岛地铁运营有限公司)"
Qingdao,5,6号线,Line 6,steel-wheel metro,"Urban rail transit, metro system, GB/T 44413-2024 Table 4 row 1",urban,21,False,57.5,96.0,35.9,4.13,14.5,press_quoted_operator_notice,0.041,True,pass,pass,urban,speed proxy 36 km/h at or below 60,,include,,Amap topology match 2026-08-21,high,900000156786,"operating subsidiary of Qingdao Metro Group. operator English name is a descriptive translation, an official English name was not verified","GB/T 44413-2024 clause 5.1 and Table 2 for the system type and capacity class, reconciled against CAMET 2025 annual report table 3 per-city mode kilometres (china_metro/data calibration/camet2025_table3_mode_km.csv)",,,大运能 (>=3 万人次/h),"Qingdao Metro Operation Co., Ltd. (青岛地铁运营有限公司)"
Qingdao,6,8号线,Line 8,steel-wheel metro,"Urban rail transit, suburban rapid rail system, GB/T 44413-2024 Table 4 row 9",suburban/regional,11,False,82.0,84.0,58.5,4.52,13.3,press_quoted_operator_notice,0.022,True,pass,pass,metropolitan (Tier B),designated 市域 / regional line,,"include as Tier B (metropolitan scope), report in sensitivity sample",,Amap topology match 2026-08-21,high,900000154759,"CAMET 2025 lists three 市域快轨 lines for Qingdao (176.80 km): 8号线 together with 蓝谷快线 and 西海岸快线. operating subsidiary of Qingdao Metro Group. operator English name is a descriptive translation, an official English name was not verified","GB/T 44413-2024 clause 5.1 and Table 2 for the system type and capacity class, reconciled against CAMET 2025 annual report table 3 per-city mode kilometres (china_metro/data calibration/camet2025_table3_mode_km.csv)",,,大运能 or 中运能 (GB/T Table 2 permits both),"Qingdao Metro Operation Co., Ltd. (青岛地铁运营有限公司)"
Qingdao,7,3号线,Line 3,steel-wheel metro,"Urban rail transit, metro system, GB/T 44413-2024 Table 4 row 1",urban,8,False,27.3,28.0,58.4,8.64,6.9,press_quoted_operator_notice,0.0,True,pass,pass,urban,speed proxy 58 km/h at or below 60,,include,3,Amap topology match 2026-08-21,low,900000030289,"same line name as route(s) 3: direction copy, extension segment or fragment. operating subsidiary of Qingdao Metro Group. operator English name is a descriptive translation, an official English name was not verified","GB/T 44413-2024 clause 5.1 and Table 2 for the system type and capacity class, reconciled against CAMET 2025 annual report table 3 per-city mode kilometres (china_metro/data calibration/camet2025_table3_mode_km.csv)",,,大运能 (>=3 万人次/h),"Qingdao Metro Operation Co., Ltd. (青岛地铁运营有限公司)"
Qingdao,8,蓝谷快线,Blue Valley Express (Line 11),steel-wheel metro,"Urban rail transit, suburban rapid rail system, GB/T 44413-2024 Table 4 row 9",suburban/regional,21,False,105.5,114.0,55.5,5.59,10.7,press_quoted_operator_notice,0.027,True,pass,pass,metropolitan (Tier B),designated 市域 / regional line,,"include as Tier B (metropolitan scope), report in sensitivity sample",,Amap topology match 2026-08-21,high,900000071655,"operating subsidiary of Qingdao Metro Group. operator English name is a descriptive translation, an official English name was not verified","GB/T 44413-2024 clause 5.1 and Table 2 for the system type and capacity class, reconciled against CAMET 2025 annual report table 3 per-city mode kilometres (china_metro/data calibration/camet2025_table3_mode_km.csv)",,,大运能 or 中运能 (GB/T Table 2 permits both),"Qingdao Metro Operation Co., Ltd. (青岛地铁运营有限公司)"
Qingdao,9,西海岸快线,West Coast Express (Line 13),steel-wheel metro,"Urban rail transit, suburban rapid rail system, GB/T 44413-2024 Table 4 row 9",suburban/regional,23,False,130.9,152.0,51.7,2.87,20.9,press_quoted_operator_notice,0.029,True,pass,pass,metropolitan (Tier B),designated 市域 / regional line,,"include as Tier B (metropolitan scope), report in sensitivity sample",,Amap topology match 2026-08-21,high,900000071736,"operating subsidiary of Qingdao Metro Group. operator English name is a descriptive translation, an official English name was not verified","GB/T 44413-2024 clause 5.1 and Table 2 for the system type and capacity class, reconciled against CAMET 2025 annual report table 3 per-city mode kilometres (china_metro/data calibration/camet2025_table3_mode_km.csv)",,,大运能 or 中运能 (GB/T Table 2 permits both),"Qingdao Metro Operation Co., Ltd. (青岛地铁运营有限公司)"
Sapporo,1,南北線,Namboku Line,rubber-tyred metro with central guide rail,Type I railway business under the Railway Business Act; urban rapid railway under the City Planning Act; MLIT subway undertaking,urban,16,False,28.0,55.8,30.1,8.89,6.7,gtfs_weekday_trips,,True,pass,pass,urban,speed proxy 30 km/h at or below 60,,include,,operator feed / hand-coded registry,exact,,timetable feed is GTFS version 1.000 with calendar 2020-01-01 to 2020-12-31 (2020 timetable); the network has not changed since 1999,"札幌市交通局, 地下鉄（高速電車）の概要, https://www.city.sapporo.jp/st/subway/gaiyo/gaiyo.html (中央案内軌条式鉄道: 案内軌条をゴムタイヤにより両側を挟み操行するとともに、走行輪にもゴムタイヤを使用した鉄道. All three lines share the system. Namboku 12.1 km 16 stations, Tozai 14.3 km 19 stations, Toho 13.6 km 14 stations) [accessed 2026-09-10]",,,,Sapporo City Transportation Bureau (札幌市交通局)
Sapporo,2,東西線,Tozai Line,rubber-tyred metro with central guide rail,Type I railway business under the Railway Business Act; urban rapid railway under the City Planning Act; MLIT subway undertaking,urban,19,False,38.8,70.1,33.2,8.79,6.8,gtfs_weekday_trips,,True,pass,pass,urban,speed proxy 33 km/h at or below 60,,include,,operator feed / hand-coded registry,exact,,,"札幌市交通局, 地下鉄（高速電車）の概要, https://www.city.sapporo.jp/st/subway/gaiyo/gaiyo.html (中央案内軌条式鉄道: 案内軌条をゴムタイヤにより両側を挟み操行するとともに、走行輪にもゴムタイヤを使用した鉄道. All three lines share the system. Namboku 12.1 km 16 stations, Tozai 14.3 km 19 stations, Toho 13.6 km 14 stations) [accessed 2026-09-10]",,,,Sapporo City Transportation Bureau (札幌市交通局)
Sapporo,3,東豊線,Toho Line,rubber-tyred metro with central guide rail,Type I railway business under the Railway Business Act; urban rapid railway under the City Planning Act; MLIT subway undertaking,urban,14,False,26.2,50.5,31.1,8.26,7.3,gtfs_weekday_trips,,True,pass,pass,urban,speed proxy 31 km/h at or below 60,,include,,operator feed / hand-coded registry,exact,,,"札幌市交通局, 地下鉄（高速電車）の概要, https://www.city.sapporo.jp/st/subway/gaiyo/gaiyo.html (中央案内軌条式鉄道: 案内軌条をゴムタイヤにより両側を挟み操行するとともに、走行輪にもゴムタイヤを使用した鉄道. All three lines share the system. Namboku 12.1 km 16 stations, Tozai 14.3 km 19 stations, Toho 13.6 km 14 stations) [accessed 2026-09-10]",,,,Sapporo City Transportation Bureau (札幌市交通局)
Sendai,1,南北線,Namboku Line,steel-wheel metro,Type I railway business under the Railway Business Act; urban rapid railway under the City Planning Act; MLIT subway undertaking,urban,17,False,27.7,56.9,29.2,8.26,7.3,gtfs_weekday_trips,,True,pass,pass,urban,speed proxy 29 km/h at or below 60,,include,,operator feed / hand-coded registry,exact,,,"Japan Subway Association (JAMETRO) 公営地下鉄一覧 and MLIT 地下鉄事業者 list, held at 'August - revision/How each country defines the metro/JP/JP.txt'. This roster covers the conventional municipal and Tokyo Metro subway undertakings ONLY and does not extend to the AGT and monorail lines, which carry their own operator sources",,,,Sendai City Transportation Bureau (仙台市交通局)
Sendai,2,東西線,Tozai Line,steel-wheel linear-motor metro,Type I railway business under the Railway Business Act; urban rapid railway under the City Planning Act; MLIT subway undertaking,urban,13,False,24.4,53.0,27.6,7.37,8.1,gtfs_weekday_trips,,True,pass,pass,urban,speed proxy 28 km/h at or below 60,,include,,operator feed / hand-coded registry,exact,,,"Japan Subway Association (JAMETRO) 公営地下鉄一覧 and MLIT 地下鉄事業者 list, held at 'August - revision/How each country defines the metro/JP/JP.txt'. This roster covers the conventional municipal and Tokyo Metro subway undertakings ONLY and does not extend to the AGT and monorail lines, which carry their own operator sources",,,,Sendai City Transportation Bureau (仙台市交通局)
Seoul,1,1호선 (서울교통공사 구간),"Line 1, Seoul Metro section (Seoul Station–Cheongnyangni)",steel-wheel metro,"Urban railroad under the Urban Railroad Act, Article 2",urban,10,False,15.2,37.9,24.2,12.53,4.8,gtfs_weekday_trips,,True,pass,pass,urban,speed proxy 24 km/h at or below 60,,include,,operator feed / hand-coded registry,exact,,Korail-operated 경부선/경인선/경원선 sections beyond both ends are 일반철도 and excluded,"도시철도법 제2조 designation, with per-line station and length figures from the operator pages recorded in analysis/10_JP_KR_CALIBRATION.md",,,,Seoul Metro (서울교통공사)
Seoul,2,2호선 본선,Line 2 main loop,steel-wheel metro,"Urban railroad under the Urban Railroad Act, Article 2",urban,43,True,94.2,180.7,31.3,12.0,5.0,v1_value_kept_feed_incomplete,,True,pass,pass,urban,speed proxy 31 km/h at or below 60,,include,,operator feed / hand-coded registry,exact,,,"도시철도법 제2조 designation, with per-line station and length figures from the operator pages recorded in analysis/10_JP_KR_CALIBRATION.md",,,,Seoul Metro (서울교통공사)
Seoul,3,2호선 성수지선,Line 2 Seongsu branch,steel-wheel metro,"Urban railroad under the Urban Railroad Act, Article 2",urban,5,False,10.1,18.0,33.5,5.74,10.5,gtfs_weekday_trips,,True,pass,pass,urban,speed proxy 34 km/h at or below 60,,include,,operator feed / hand-coded registry,exact,,,"도시철도법 제2조 designation, with per-line station and length figures from the operator pages recorded in analysis/10_JP_KR_CALIBRATION.md",,,,Seoul Metro (서울교통공사)
Seoul,4,2호선 신정지선,Line 2 Sinjeong branch,steel-wheel metro,"Urban railroad under the Urban Railroad Act, Article 2",urban,5,False,10.6,22.0,29.0,5.58,10.8,gtfs_weekday_trips,,True,pass,pass,urban,speed proxy 29 km/h at or below 60,,include,,operator feed / hand-coded registry,exact,,,"도시철도법 제2조 designation, with per-line station and length figures from the operator pages recorded in analysis/10_JP_KR_CALIBRATION.md",,,,Seoul Metro (서울교통공사)
Seoul,5,3호선,"Line 3, Seoul Metro section 지축–오금",steel-wheel metro,"Urban railroad under the Urban Railroad Act, Article 2",urban,34,False,72.7,134.8,32.4,9.74,6.2,gtfs_weekday_trips,,True,pass,pass,urban,speed proxy 32 km/h at or below 60,,include,,operator feed / hand-coded registry,exact,,Korail 일산선 beyond 지축 excluded,"도시철도법 제2조 designation, with per-line station and length figures from the operator pages recorded in analysis/10_JP_KR_CALIBRATION.md",,,,Seoul Metro (서울교통공사)
Seoul,6,4호선,"Line 4, Seoul Metro section 당고개–남태령",steel-wheel metro,"Urban railroad under the Urban Railroad Act, Article 2",urban,26,False,59.4,110.7,32.2,12.05,5.0,gtfs_weekday_trips,,True,pass,pass,urban,speed proxy 32 km/h at or below 60,,include,,operator feed / hand-coded registry,exact,,Korail 과천선/안산선 beyond 남태령 excluded,"도시철도법 제2조 designation, with per-line station and length figures from the operator pages recorded in analysis/10_JP_KR_CALIBRATION.md",,,,Seoul Metro (서울교통공사)
Seoul,7,5호선 본선,Line 5 main,steel-wheel metro,"Urban railroad under the Urban Railroad Act, Article 2",urban,44,False,86.7,168.4,30.9,10.11,5.9,gtfs_weekday_trips,,True,pass,pass,urban,speed proxy 31 km/h at or below 60,,include,,operator feed / hand-coded registry,exact,,,"도시철도법 제2조 designation, with per-line station and length figures from the operator pages recorded in analysis/10_JP_KR_CALIBRATION.md",,,,Seoul Metro (서울교통공사)
Seoul,8,5호선 마천지선,Line 5 Macheon branch,steel-wheel metro,"Urban railroad under the Urban Railroad Act, Article 2",urban,8,False,13.0,27.0,29.0,5.45,11.0,gtfs_weekday_trips,,True,pass,pass,urban,speed proxy 29 km/h at or below 60,,include,,operator feed / hand-coded registry,exact,,,"도시철도법 제2조 designation, with per-line station and length figures from the operator pages recorded in analysis/10_JP_KR_CALIBRATION.md",,,,Seoul Metro (서울교통공사)
Seoul,9,6호선,Line 6,steel-wheel metro,"Urban railroad under the Urban Railroad Act, Article 2",urban,39,False,71.2,147.2,29.0,8.47,7.1,gtfs_weekday_trips,,True,pass,pass,urban,speed proxy 29 km/h at or below 60,,include,,operator feed / hand-coded registry,exact,,,"도시철도법 제2조 designation, with per-line station and length figures from the operator pages recorded in analysis/10_JP_KR_CALIBRATION.md",,,,Seoul Metro (서울교통공사)
Seoul,10,7호선,"Line 7, Seoul section 장암–온수",steel-wheel metro,"Urban railroad under the Urban Railroad Act, Article 2",urban,42,False,119.9,220.2,32.7,10.11,5.9,gtfs_weekday_trips,,True,pass,pass,urban,speed proxy 33 km/h at or below 60,,"include, truncated at 온수",,operator feed / hand-coded registry,exact,,"Line 7 truncated at 온수, the boundary of the Seoul designated system. The 까치울~석남 section belongs to the Incheon designated urban railway and is held once, in the Incheon network. City assignment, not an eligibility decision.. Seoul Metro runs the Jangam to Onsu section in this record. Trains run through to the Incheon Transit Corporation section","도시철도법 제2조 designation, with per-line station and length figures from the operator pages recorded in analysis/10_JP_KR_CALIBRATION.md",,,,Seoul Metro (서울교통공사)
Seoul,11,8호선,Line 8,steel-wheel metro,"Urban railroad under the Urban Railroad Act, Article 2",urban,18,False,34.8,65.3,32.0,7.42,8.1,gtfs_weekday_trips,,True,pass,pass,urban,speed proxy 32 km/h at or below 60,,include,,operator feed / hand-coded registry,exact,,,"도시철도법 제2조 designation, with per-line station and length figures from the operator pages recorded in analysis/10_JP_KR_CALIBRATION.md",,,,Seoul Metro (서울교통공사)
Seoul,12,9호선,Line 9,steel-wheel metro,"Urban railroad under the Urban Railroad Act, Article 2",urban,38,False,73.9,180.6,24.5,6.05,9.9,gtfs_weekday_trips,,True,pass,pass,urban,speed proxy 25 km/h at or below 60,,include,,operator feed / hand-coded registry,exact,,"privately operated yet 도시철도: the test is legal designation, not ownership. Seoul Metro Line 9 Corporation runs phase 1 (Gaehwa to Sinnonhyeon) as a private concession. Seoul Metro runs phases 2 and 3 (Eonju to VHS Medical Center). Seoul Metro Line 9 Corporation is the conventional English name, its own English spelling was not retrieved","도시철도법 제2조 designation, with per-line station and length figures from the operator pages recorded in analysis/10_JP_KR_CALIBRATION.md",,,,Seoul Metro Line 9 Corporation (서울시메트로9호선㈜); Seoul Metro (서울교통공사)
Seoul,13,신림선,Sillim Line,rubber-tyred automated guideway transit,"Urban railroad under the Urban Railroad Act, Article 2",urban,11,False,13.5,31.0,26.2,9.53,6.3,gtfs_weekday_trips,,True,pass,pass,urban,speed proxy 26 km/h at or below 60,,include,,operator feed / hand-coded registry,exact,,"3-car rubber-tyred light metro, fully segregated. concessionaire 남서울경전철㈜ (Namseoul Light Rail, private BTO) contracts operation and maintenance to Rotem SRS. Rotem SRS is the company's English brand, its full English legal name was not verified","대한민국 정책브리핑 (korea.kr), 신림선 개통, https://www.korea.kr/news/policyNewsView.do?newsId=148901919 (K-AGT 고무차륜 AGT, DC 750 V third rail, driverless) [accessed 2026-09-10]",3 cars,158 to 237,,Rotem SRS (로템에스알에스㈜)
Seoul,14,우이신설선,Ui-Sinseol Line,steel-wheel metro,"Urban railroad under the Urban Railroad Act, Article 2",urban,13,False,21.5,45.4,28.5,13.37,4.5,gtfs_weekday_trips,,True,pass,pass,urban,speed proxy 28 km/h at or below 60,,include,,operator feed / hand-coded registry,exact,,"operation and maintenance company. Concessionaire is 우이신설도시철도㈜ since 2025-03-28, before that 우이신설경전철㈜ (private BTO). operator English name is a descriptive translation, an official English name was not verified. former technology label: steel-wheel driverless light metro","서울시 내 손안에 서울 (mediahub.seoul.go.kr), 우이신설선, https://mediahub.seoul.go.kr/archives/1065231 (철제차륜 경전철, 궤간 1,435 mm, DC 750 V, driverless; car width 2.65 m) [accessed 2026-09-10]",2 cars,174,,"Ui-Sinseol Light Rail Transit Operation Co., Ltd. (우이신설경전철운영㈜)"
Shanghai,1,1号线,Line 1,steel-wheel metro,"Urban rail transit, metro system, GB/T 44413-2024 Table 4 row 1",urban,28,False,72.0,130.0,33.2,12.28,4.9,published_interval_band_section,0.0,True,pass,pass,urban,speed proxy 33 km/h at or below 60,,include,,Amap topology match 2026-08-21,high,310100025685,"operating subsidiary of 上海申通地铁集团有限公司. operator English name is a descriptive translation, an official English name was not verified","GB/T 44413-2024 clause 5.1 and Table 2 for the system type and capacity class, reconciled against CAMET 2025 annual report table 3 per-city mode kilometres (china_metro/data calibration/camet2025_table3_mode_km.csv)",,,大运能 (>=3 万人次/h),"Shanghai Metro No. 1 Operation Co., Ltd. (上海地铁第一运营有限公司)"
Shanghai,2,2号线,Line 2,steel-wheel metro,"Urban rail transit, metro system, GB/T 44413-2024 Table 4 row 1",urban,30,False,153.0,256.0,35.9,10.79,5.6,published_interval_band_section,0.0,True,pass,pass,urban,speed proxy 36 km/h at or below 60,,include,,Amap topology match 2026-08-21,high,310100025693,"operating subsidiary of 上海申通地铁集团有限公司. operator English name is a descriptive translation, an official English name was not verified","GB/T 44413-2024 clause 5.1 and Table 2 for the system type and capacity class, reconciled against CAMET 2025 annual report table 3 per-city mode kilometres (china_metro/data calibration/camet2025_table3_mode_km.csv)",,,大运能 (>=3 万人次/h),"Shanghai Metro No. 2 Operation Co., Ltd. (上海地铁第二运营有限公司)"
Shanghai,3,3号线,Line 3,steel-wheel metro,"Urban rail transit, metro system, GB/T 44413-2024 Table 4 row 1",urban,29,False,78.4,140.0,33.6,7.66,7.8,published_interval_band_section,0.0,True,pass,pass,urban,speed proxy 34 km/h at or below 60,,include,,Amap topology match 2026-08-21,high,310100034534,"operating subsidiary of 上海申通地铁集团有限公司. operator English name is a descriptive translation, an official English name was not verified","GB/T 44413-2024 clause 5.1 and Table 2 for the system type and capacity class, reconciled against CAMET 2025 annual report table 3 per-city mode kilometres (china_metro/data calibration/camet2025_table3_mode_km.csv)",,,大运能 (>=3 万人次/h),"Shanghai Metro No. 3 Operation Co., Ltd. (上海地铁第三运营有限公司)"
Shanghai,4,4号线,Line 4,steel-wheel metro,"Urban rail transit, metro system, GB/T 44413-2024 Table 4 row 1",urban,26,True,65.4,124.0,31.6,7.4,8.1,published_interval_band_section,0.0,True,pass,pass,urban,speed proxy 32 km/h at or below 60,,include,5,Amap topology match 2026-08-21,high,310100034536,"same line name as route(s) 5: direction copy, extension segment or fragment. operating subsidiary of 上海申通地铁集团有限公司. operator English name is a descriptive translation, an official English name was not verified","GB/T 44413-2024 clause 5.1 and Table 2 for the system type and capacity class, reconciled against CAMET 2025 annual report table 3 per-city mode kilometres (china_metro/data calibration/camet2025_table3_mode_km.csv)",,,大运能 (>=3 万人次/h),"Shanghai Metro No. 3 Operation Co., Ltd. (上海地铁第三运营有限公司)"
Shanghai,5,4号线,Line 4,steel-wheel metro,"Urban rail transit, metro system, GB/T 44413-2024 Table 4 row 1",urban,26,True,65.4,124.0,31.6,7.4,8.1,published_interval_band_section,0.0,True,pass,pass,urban,speed proxy 32 km/h at or below 60,,include,4,Amap topology match 2026-08-21,high,310100034536,"same line name as route(s) 4: direction copy, extension segment or fragment. operating subsidiary of 上海申通地铁集团有限公司. operator English name is a descriptive translation, an official English name was not verified","GB/T 44413-2024 clause 5.1 and Table 2 for the system type and capacity class, reconciled against CAMET 2025 annual report table 3 per-city mode kilometres (china_metro/data calibration/camet2025_table3_mode_km.csv)",,,大运能 (>=3 万人次/h),"Shanghai Metro No. 3 Operation Co., Ltd. (上海地铁第三运营有限公司)"
Shanghai,6,5号线,Line 5,steel-wheel metro,"Urban rail transit, metro system, GB/T 44413-2024 Table 4 row 1",urban,19,False,62.9,152.0,24.8,7.33,8.2,published_interval_band_section,0.0,True,pass,pass,urban,speed proxy 25 km/h at or below 60,,include,,Amap topology match 2026-08-21,high,310100034538,"operating subsidiary of 上海申通地铁集团有限公司. operator English name is a descriptive translation, an official English name was not verified","GB/T 44413-2024 clause 5.1 and Table 2 for the system type and capacity class, reconciled against CAMET 2025 annual report table 3 per-city mode kilometres (china_metro/data calibration/camet2025_table3_mode_km.csv)",,,大运能 (>=3 万人次/h),"Shanghai Metro No. 1 Operation Co., Ltd. (上海地铁第一运营有限公司)"
Shanghai,7,6号线,Line 6,steel-wheel metro,"Urban rail transit, metro system, GB/T 44413-2024 Table 4 row 1",urban,28,False,62.5,128.0,29.3,9.91,6.1,published_interval_band_section,0.0,True,pass,pass,urban,speed proxy 29 km/h at or below 60,,include,,Amap topology match 2026-08-21,high,310100024540,"operating subsidiary of 上海申通地铁集团有限公司. operator English name is a descriptive translation, an official English name was not verified","GB/T 44413-2024 clause 5.1 and Table 2 for the system type and capacity class, reconciled against CAMET 2025 annual report table 3 per-city mode kilometres (china_metro/data calibration/camet2025_table3_mode_km.csv)",,,大运能 (>=3 万人次/h),"Shanghai Metro No. 4 Operation Co., Ltd. (上海地铁第四运营有限公司)"
Shanghai,8,7号线,Line 7,steel-wheel metro,"Urban rail transit, metro system, GB/T 44413-2024 Table 4 row 1",urban,33,False,82.4,156.0,31.7,9.82,6.1,published_interval_band_section,0.0,True,pass,pass,urban,speed proxy 32 km/h at or below 60,,include,,Amap topology match 2026-08-21,high,310100024542,"operating subsidiary of 上海申通地铁集团有限公司. operator English name is a descriptive translation, an official English name was not verified","GB/T 44413-2024 clause 5.1 and Table 2 for the system type and capacity class, reconciled against CAMET 2025 annual report table 3 per-city mode kilometres (china_metro/data calibration/camet2025_table3_mode_km.csv)",,,大运能 (>=3 万人次/h),"Shanghai Metro No. 3 Operation Co., Ltd. (上海地铁第三运营有限公司)"
Shanghai,9,8号线,Line 8,steel-wheel metro,"Urban rail transit, metro system, GB/T 44413-2024 Table 4 row 1",urban,30,False,71.0,130.0,32.8,9.81,6.1,published_interval_band_section,0.0,True,pass,pass,urban,speed proxy 33 km/h at or below 60,,include,,Amap topology match 2026-08-21,high,310100025709,"operating subsidiary of 上海申通地铁集团有限公司. operator English name is a descriptive translation, an official English name was not verified","GB/T 44413-2024 clause 5.1 and Table 2 for the system type and capacity class, reconciled against CAMET 2025 annual report table 3 per-city mode kilometres (china_metro/data calibration/camet2025_table3_mode_km.csv)",,,大运能 (>=3 万人次/h),"Shanghai Metro No. 4 Operation Co., Ltd. (上海地铁第四运营有限公司)"
Shanghai,10,9号线,Line 9,steel-wheel metro,"Urban rail transit, metro system, GB/T 44413-2024 Table 4 row 1",urban,35,False,123.2,204.0,36.2,9.44,6.4,published_interval_band_section,0.0,True,pass,pass,urban,speed proxy 36 km/h at or below 60,,include,,Amap topology match 2026-08-21,high,310100024546,"operating subsidiary of 上海申通地铁集团有限公司. operator English name is a descriptive translation, an official English name was not verified","GB/T 44413-2024 clause 5.1 and Table 2 for the system type and capacity class, reconciled against CAMET 2025 annual report table 3 per-city mode kilometres (china_metro/data calibration/camet2025_table3_mode_km.csv)",,,大运能 (>=3 万人次/h),"Shanghai Metro No. 1 Operation Co., Ltd. (上海地铁第一运营有限公司)"
Shanghai,11,13号线,Line 13,steel-wheel metro,"Urban rail transit, metro system, GB/T 44413-2024 Table 4 row 1",urban,31,False,74.5,144.0,31.0,10.28,5.8,published_interval_band_section,0.0,True,pass,pass,urban,speed proxy 31 km/h at or below 60,,include,,Amap topology match 2026-08-21,high,310100024524,"operating subsidiary of 上海申通地铁集团有限公司. operator English name is a descriptive translation, an official English name was not verified","GB/T 44413-2024 clause 5.1 and Table 2 for the system type and capacity class, reconciled against CAMET 2025 annual report table 3 per-city mode kilometres (china_metro/data calibration/camet2025_table3_mode_km.csv)",,,大运能 (>=3 万人次/h),"Shanghai Metro No. 2 Operation Co., Ltd. (上海地铁第二运营有限公司)"
Shanghai,12,14号线,Line 14,steel-wheel metro,"Urban rail transit, metro system, GB/T 44413-2024 Table 4 row 1",urban,31,False,72.8,134.0,32.6,6.78,8.8,published_interval_band_section,0.0,True,pass,pass,urban,speed proxy 33 km/h at or below 60,,include,,Amap topology match 2026-08-21,high,310100027599,"operating subsidiary of 上海申通地铁集团有限公司. operator English name is a descriptive translation, an official English name was not verified","GB/T 44413-2024 clause 5.1 and Table 2 for the system type and capacity class, reconciled against CAMET 2025 annual report table 3 per-city mode kilometres (china_metro/data calibration/camet2025_table3_mode_km.csv)",,,大运能 (>=3 万人次/h),"Shanghai Metro No. 4 Operation Co., Ltd. (上海地铁第四运营有限公司)"
Shanghai,13,15号线,Line 15,steel-wheel metro,"Urban rail transit, metro system, GB/T 44413-2024 Table 4 row 1",urban,30,False,79.7,132.0,36.2,8.57,7.0,published_interval_band_section,0.0,True,pass,pass,urban,speed proxy 36 km/h at or below 60,,include,,Amap topology match 2026-08-21,high,900000070795,"operating subsidiary of 上海申通地铁集团有限公司. operator English name is a descriptive translation, an official English name was not verified","GB/T 44413-2024 clause 5.1 and Table 2 for the system type and capacity class, reconciled against CAMET 2025 annual report table 3 per-city mode kilometres (china_metro/data calibration/camet2025_table3_mode_km.csv)",,,大运能 (>=3 万人次/h),"Shanghai Metro No. 3 Operation Co., Ltd. (上海地铁第三运营有限公司)"
Shanghai,14,16号线,Line 16,steel-wheel metro,"Urban rail transit, metro system, GB/T 44413-2024 Table 4 row 1",urban,13,False,109.4,140.0,46.9,10.22,5.9,published_interval_band_section,0.0,True,pass,pass,urban,speed proxy 47 km/h at or below 60,,include,,Amap topology match 2026-08-21,high,310100024526,"subsidiary of 上海申通地铁集团有限公司, operates conventional Lines 16 and 18 as well as the maglev. operator English name is a descriptive translation, an official English name was not verified","GB/T 44413-2024 clause 5.1 and Table 2 for the system type and capacity class, reconciled against CAMET 2025 annual report table 3 per-city mode kilometres (china_metro/data calibration/camet2025_table3_mode_km.csv)",,,大运能 (>=3 万人次/h),"Shanghai Maglev Transportation Development Co., Ltd. (上海磁浮交通发展有限公司)"
Shanghai,15,17号线,Line 17,steel-wheel metro,"Urban rail transit, metro system, GB/T 44413-2024 Table 4 row 1",urban,14,False,77.9,90.0,51.9,8.64,6.9,published_interval_band_section,0.0,True,pass,pass,urban,speed proxy 52 km/h at or below 60,,include,,Amap topology match 2026-08-21,high,900000039799,"operating subsidiary of 上海申通地铁集团有限公司. operator English name is a descriptive translation, an official English name was not verified","GB/T 44413-2024 clause 5.1 and Table 2 for the system type and capacity class, reconciled against CAMET 2025 annual report table 3 per-city mode kilometres (china_metro/data calibration/camet2025_table3_mode_km.csv)",,,大运能 (>=3 万人次/h),"Shanghai Metro No. 2 Operation Co., Ltd. (上海地铁第二运营有限公司)"
Shanghai,16,18号线,Line 18,steel-wheel metro,"Urban rail transit, metro system, GB/T 44413-2024 Table 4 row 1",urban,26,False,70.5,112.0,37.8,8.24,7.3,published_interval_band_section,0.0,True,pass,pass,urban,speed proxy 38 km/h at or below 60,,include,,Amap topology match 2026-08-21,high,900000059773,"subsidiary of 上海申通地铁集团有限公司, operates conventional Lines 16 and 18 as well as the maglev. operator English name is a descriptive translation, an official English name was not verified","GB/T 44413-2024 clause 5.1 and Table 2 for the system type and capacity class, reconciled against CAMET 2025 annual report table 3 per-city mode kilometres (china_metro/data calibration/camet2025_table3_mode_km.csv)",,,大运能 (>=3 万人次/h),"Shanghai Maglev Transportation Development Co., Ltd. (上海磁浮交通发展有限公司)"
Shanghai,17,浦江线,Pujiang Line (APM),rubber-tyred automated guideway transit,"Urban rail transit, automated guideway transit system, GB/T 44413-2024 Table 4 row 5",urban,6,False,10.8,24.0,26.9,6.85,8.8,published_interval_band_section,0.0,True,pass,pass,urban,speed proxy 27 km/h at or below 60,,include,,Amap topology match 2026-08-21,high,900000039797,"Shentong and Keolis joint venture operating the Pujiang Line. operator English name is a translation of the legal name, Shanghai Keolis is the established English brand","GB/T 44413-2024 clause 5.1 and Table 2 for the system type and capacity class, reconciled against CAMET 2025 annual report table 3 per-city mode kilometres (china_metro/data calibration/camet2025_table3_mode_km.csv)",,,中运能 or 低运能 (GB/T Table 2 permits both),"Shanghai Keolis Public Transport Operation Management Co., Ltd. (上海申凯公共交通运营管理有限公司)"
Shanghai,18,10号线,Line 10,steel-wheel metro,"Urban rail transit, metro system, GB/T 44413-2024 Table 4 row 1",urban,4,False,8.3,16.0,31.0,5.19,11.6,published_interval_band_section,0.0,True,pass,pass,urban,speed proxy 31 km/h at or below 60,,include,19,Amap topology match 2026-08-21,high,310100027703,"same line name as route(s) 19: direction copy, extension segment or fragment. operating subsidiary of 上海申通地铁集团有限公司. operator English name is a descriptive translation, an official English name was not verified","GB/T 44413-2024 clause 5.1 and Table 2 for the system type and capacity class, reconciled against CAMET 2025 annual report table 3 per-city mode kilometres (china_metro/data calibration/camet2025_table3_mode_km.csv)",,,大运能 (>=3 万人次/h),"Shanghai Metro No. 1 Operation Co., Ltd. (上海地铁第一运营有限公司)"
Shanghai,19,10号线,Line 10,steel-wheel metro,"Urban rail transit, metro system, GB/T 44413-2024 Table 4 row 1",urban,34,False,78.6,148.0,31.8,8.9,6.7,published_interval_band_section,0.0,True,pass,pass,urban,speed proxy 32 km/h at or below 60,,include,18,Amap topology match 2026-08-21,high,310100027703,"same line name as route(s) 18: direction copy, extension segment or fragment. operating subsidiary of 上海申通地铁集团有限公司. operator English name is a descriptive translation, an official English name was not verified","GB/T 44413-2024 clause 5.1 and Table 2 for the system type and capacity class, reconciled against CAMET 2025 annual report table 3 per-city mode kilometres (china_metro/data calibration/camet2025_table3_mode_km.csv)",,,大运能 (>=3 万人次/h),"Shanghai Metro No. 1 Operation Co., Ltd. (上海地铁第一运营有限公司)"
Shanghai,20,11号线,Line 11,steel-wheel metro,"Urban rail transit, metro system, GB/T 44413-2024 Table 4 row 1",urban,8,False,34.2,46.0,44.6,5.06,11.9,published_interval_band_section,0.0,True,pass,pass,urban,speed proxy 45 km/h at or below 60,,include,21,Amap topology match 2026-08-21,high,310100027601,"same line name as route(s) 21: direction copy, extension segment or fragment. operating subsidiary of 上海申通地铁集团有限公司. operator English name is a descriptive translation, an official English name was not verified","GB/T 44413-2024 clause 5.1 and Table 2 for the system type and capacity class, reconciled against CAMET 2025 annual report table 3 per-city mode kilometres (china_metro/data calibration/camet2025_table3_mode_km.csv)",,,大运能 (>=3 万人次/h),"Shanghai Metro No. 2 Operation Co., Ltd. (上海地铁第二运营有限公司)"
Shanghai,21,11号线,Line 11,steel-wheel metro,"Urban rail transit, metro system, GB/T 44413-2024 Table 4 row 1",urban,33,False,118.1,178.0,39.8,10.03,6.0,published_interval_band_section,0.0,True,pass,pass,urban,speed proxy 40 km/h at or below 60,,include,20,Amap topology match 2026-08-21,high,310100027601,"same line name as route(s) 20: direction copy, extension segment or fragment. operating subsidiary of 上海申通地铁集团有限公司. operator English name is a descriptive translation, an official English name was not verified","GB/T 44413-2024 clause 5.1 and Table 2 for the system type and capacity class, reconciled against CAMET 2025 annual report table 3 per-city mode kilometres (china_metro/data calibration/camet2025_table3_mode_km.csv)",,,大运能 (>=3 万人次/h),"Shanghai Metro No. 2 Operation Co., Ltd. (上海地铁第二运营有限公司)"
Shanghai,22,12号线,Line 12,steel-wheel metro,"Urban rail transit, metro system, GB/T 44413-2024 Table 4 row 1",urban,32,False,76.7,154.0,29.9,10.3,5.8,published_interval_band_section,0.0,True,pass,pass,urban,speed proxy 30 km/h at or below 60,,include,,Amap topology match 2026-08-21,high,310100025711,"operating subsidiary of 上海申通地铁集团有限公司. operator English name is a descriptive translation, an official English name was not verified","GB/T 44413-2024 clause 5.1 and Table 2 for the system type and capacity class, reconciled against CAMET 2025 annual report table 3 per-city mode kilometres (china_metro/data calibration/camet2025_table3_mode_km.csv)",,,大运能 (>=3 万人次/h),"Shanghai Metro No. 4 Operation Co., Ltd. (上海地铁第四运营有限公司)"
Shanghai,23,市域机场线,Airport Link Line,steel-wheel metro,"Urban rail transit, metro system, airport line, GB/T 44413-2024 Table 4 row 1",dedicated airport express,7,False,102.1,81.0,75.7,3.37,17.8,published_average_interval (additions.py,,True,pass,pass,metropolitan (Tier B),speed proxy 76 km/h above 60,,"include as Tier B (metropolitan scope), report in sensitivity sample",,Amap topology match 2026-08-21,v2 rebuild (Amap station sequences),,"v2 addition (Shanghai Airport Link Line (市域机场线)). not the construction company 上海申铁投资有限公司. operator English name is a descriptive translation, an official English name was not verified","GB/T 44413-2024 clause 5.1 and Table 2 for the system type and capacity class, reconciled against CAMET 2025 annual report table 3 per-city mode kilometres (china_metro/data calibration/camet2025_table3_mode_km.csv)",,,大运能 (>=3 万人次/h),"Shanghai Urban Railway Operation Co., Ltd. (上海市域铁路运营有限公司)"
Shaoxing,1,1号线 (含支线),Line 1 including the branch,steel-wheel metro,"Urban rail transit, metro system, GB/T 44413-2024 Table 4 row 1",urban,33,False,100.6,168.0,35.9,7.62,7.9,press_quoted_operator_notice,0.0,True,pass,pass,urban,speed proxy 36 km/h at or below 60,,include,,Amap topology match 2026-08-21 with manual override,medium,900000082948,"the 6-station branch is merged into the main route. covers Line 1 including the branch. Line 2 has a different operator. operator English name is a descriptive translation, an official English name was not verified","GB/T 44413-2024 clause 5.1 and Table 2 for the system type and capacity class, reconciled against CAMET 2025 annual report table 3 per-city mode kilometres (china_metro/data calibration/camet2025_table3_mode_km.csv)",,,大运能 (>=3 万人次/h),"Shaoxing Jingyue Metro Co., Ltd., Operations Branch (绍兴京越地铁有限公司运营分公司)"
Shaoxing,2,2号线,Line 2,steel-wheel metro,"Urban rail transit, metro system, GB/T 44413-2024 Table 4 row 1",urban,9,False,20.2,34.0,35.6,6.49,9.2,press_quoted_operator_notice,0.0,True,pass,pass,urban,speed proxy 36 km/h at or below 60,,include,,Amap topology match 2026-08-21,high,900000158624,"the company 绍兴市轨道交通集团地铁运营有限公司, reported as formed in April 2026, is not applied. operator English name is a descriptive translation, an official English name was not verified","GB/T 44413-2024 clause 5.1 and Table 2 for the system type and capacity class, reconciled against CAMET 2025 annual report table 3 per-city mode kilometres (china_metro/data calibration/camet2025_table3_mode_km.csv)",,,大运能 (>=3 万人次/h),"Shaoxing Rail Transit Group Co., Ltd., Operations Branch (绍兴市轨道交通集团有限公司运营分公司)"
Shenyang,1,2号线,Line 2,steel-wheel metro,"Urban rail transit, metro system, GB/T 44413-2024 Table 4 row 1",urban,33,False,84.4,158.0,32.0,10.55,5.7,published_peak_offpeak_only,0.884,True,pass,pass,urban,speed proxy 32 km/h at or below 60,,include,,Amap topology match 2026-08-21,high,210100020748,"group-level attribution. The group runs lines through 运营一分公司 and 运营二分公司, the 2025 split by line is not confirmed from primary sources. The bus company recorded earlier is not the metro operator. operator English name is a descriptive translation, an official English name was not verified","GB/T 44413-2024 clause 5.1 and Table 2 for the system type and capacity class, reconciled against CAMET 2025 annual report table 3 per-city mode kilometres (china_metro/data calibration/camet2025_table3_mode_km.csv)",,,大运能 (>=3 万人次/h),"Shenyang Metro Group Co., Ltd. (沈阳地铁集团有限公司)"
Shenyang,2,3号线,Line 3,steel-wheel metro,"Urban rail transit, metro system, GB/T 44413-2024 Table 4 row 1",urban,14,False,43.4,72.0,36.2,6.47,9.3,published_peak_offpeak_only,0.879,True,pass,pass,urban,speed proxy 36 km/h at or below 60,,include,,Amap topology match 2026-08-21,high,900000095078,"group-level attribution. The group runs lines through 运营一分公司 and 运营二分公司, the 2025 split by line is not confirmed from primary sources. The bus company recorded earlier is not the metro operator. operator English name is a descriptive translation, an official English name was not verified","GB/T 44413-2024 clause 5.1 and Table 2 for the system type and capacity class, reconciled against CAMET 2025 annual report table 3 per-city mode kilometres (china_metro/data calibration/camet2025_table3_mode_km.csv)",,,大运能 (>=3 万人次/h),"Shenyang Metro Group Co., Ltd. (沈阳地铁集团有限公司)"
Shenyang,3,4号线,Line 4,steel-wheel metro,"Urban rail transit, metro system, GB/T 44413-2024 Table 4 row 1",urban,23,False,60.8,112.0,32.6,7.91,7.6,published_peak_offpeak_only,0.886,True,pass,pass,urban,speed proxy 33 km/h at or below 60,,include,,Amap topology match 2026-08-21,high,900000071786,"group-level attribution. The group runs lines through 运营一分公司 and 运营二分公司, the 2025 split by line is not confirmed from primary sources. The bus company recorded earlier is not the metro operator. operator English name is a descriptive translation, an official English name was not verified","GB/T 44413-2024 clause 5.1 and Table 2 for the system type and capacity class, reconciled against CAMET 2025 annual report table 3 per-city mode kilometres (china_metro/data calibration/camet2025_table3_mode_km.csv)",,,大运能 (>=3 万人次/h),"Shenyang Metro Group Co., Ltd. (沈阳地铁集团有限公司)"
Shenyang,4,9号线,Line 9,steel-wheel metro,"Urban rail transit, metro system, GB/T 44413-2024 Table 4 row 1",urban,23,False,54.5,104.0,31.5,7.37,8.1,published_peak_offpeak_only,0.885,True,pass,pass,urban,speed proxy 31 km/h at or below 60,,include,,Amap topology match 2026-08-21,high,900000039632,"group-level attribution. The group runs lines through 运营一分公司 and 运营二分公司, the 2025 split by line is not confirmed from primary sources. The bus company recorded earlier is not the metro operator. operator English name is a descriptive translation, an official English name was not verified","GB/T 44413-2024 clause 5.1 and Table 2 for the system type and capacity class, reconciled against CAMET 2025 annual report table 3 per-city mode kilometres (china_metro/data calibration/camet2025_table3_mode_km.csv)",,,大运能 (>=3 万人次/h),"Shenyang Metro Group Co., Ltd. (沈阳地铁集团有限公司)"
Shenyang,5,10号线,Line 10,steel-wheel metro,"Urban rail transit, metro system, GB/T 44413-2024 Table 4 row 1",urban,21,False,52.0,98.0,31.8,7.43,8.1,published_peak_offpeak_only,0.886,True,pass,pass,urban,speed proxy 32 km/h at or below 60,,include,,Amap topology match 2026-08-21,high,900000039634,"group-level attribution. The group runs lines through 运营一分公司 and 运营二分公司, the 2025 split by line is not confirmed from primary sources. The bus company recorded earlier is not the metro operator. operator English name is a descriptive translation, an official English name was not verified","GB/T 44413-2024 clause 5.1 and Table 2 for the system type and capacity class, reconciled against CAMET 2025 annual report table 3 per-city mode kilometres (china_metro/data calibration/camet2025_table3_mode_km.csv)",,,大运能 (>=3 万人次/h),"Shenyang Metro Group Co., Ltd. (沈阳地铁集团有限公司)"
Shenyang,6,1号线,Line 1,steel-wheel metro,"Urban rail transit, metro system, GB/T 44413-2024 Table 4 row 1",urban,32,False,81.9,152.0,32.3,10.52,5.7,published_peak_offpeak_only,0.884,True,pass,pass,urban,speed proxy 32 km/h at or below 60,,include,,Amap topology match 2026-08-21,high,210100020752,"group-level attribution. The group runs lines through 运营一分公司 and 运营二分公司, the 2025 split by line is not confirmed from primary sources. The bus company recorded earlier is not the metro operator. operator English name is a descriptive translation, an official English name was not verified","GB/T 44413-2024 clause 5.1 and Table 2 for the system type and capacity class, reconciled against CAMET 2025 annual report table 3 per-city mode kilometres (china_metro/data calibration/camet2025_table3_mode_km.csv)",,,大运能 (>=3 万人次/h),"Shenyang Metro Group Co., Ltd. (沈阳地铁集团有限公司)"
Shenzhen,1,1号线/罗宝线,Line 1 (Luobao),steel-wheel metro,"Urban rail transit, metro system, GB/T 44413-2024 Table 4 row 1",urban,30,False,78.7,132.0,35.8,19.86,3.0,published_peak_offpeak_only,0.431,True,pass,pass,urban,speed proxy 36 km/h at or below 60,,include,,Amap topology match 2026-08-21,high,440300024063,"operating subsidiary of Shenzhen Metro Group. operator English name is a descriptive translation, an official English name was not verified","GB/T 44413-2024 clause 5.1 and Table 2 for the system type and capacity class, reconciled against CAMET 2025 annual report table 3 per-city mode kilometres (china_metro/data calibration/camet2025_table3_mode_km.csv)",,,大运能 (>=3 万人次/h),"Shenzhen Metro Operation Group Co., Ltd. (深圳地铁运营集团有限公司)"
Shenzhen,2,2号线/8号线,Line 2 / Line 8,steel-wheel metro,"Urban rail transit, metro system, GB/T 44413-2024 Table 4 row 1",urban,42,False,136.0,218.1,37.4,9.14,6.6,published_interval_band_section,0.0,True,pass,pass,urban,speed proxy 37 km/h at or below 60,,include,,Amap topology match 2026-08-21,high,440300024076,"operating subsidiary of Shenzhen Metro Group. operator English name is a descriptive translation, an official English name was not verified","GB/T 44413-2024 clause 5.1 and Table 2 for the system type and capacity class, reconciled against CAMET 2025 annual report table 3 per-city mode kilometres (china_metro/data calibration/camet2025_table3_mode_km.csv)",,,大运能 (>=3 万人次/h),"Shenzhen Metro Operation Group Co., Ltd. (深圳地铁运营集团有限公司)"
Shenzhen,3,3号线/龙岗线,Line 3 (Longgang),steel-wheel metro,"Urban rail transit, metro system, GB/T 44413-2024 Table 4 row 1",urban,38,False,99.0,185.1,32.1,15.61,3.8,published_peak_offpeak_only,0.942,True,pass,pass,urban,speed proxy 32 km/h at or below 60,,include,,Amap topology match 2026-08-21,high,440300024060,"operating subsidiary of Shenzhen Metro Group. operator English name is a descriptive translation, an official English name was not verified","GB/T 44413-2024 clause 5.1 and Table 2 for the system type and capacity class, reconciled against CAMET 2025 annual report table 3 per-city mode kilometres (china_metro/data calibration/camet2025_table3_mode_km.csv)",,,大运能 (>=3 万人次/h),"Shenzhen Metro Operation Group Co., Ltd. (深圳地铁运营集团有限公司)"
Shenzhen,4,4号线/龙华线,Line 4 (Longhua),steel-wheel metro,"Urban rail transit, metro system, GB/T 44413-2024 Table 4 row 1",urban,23,False,59.3,104.0,34.2,13.07,4.6,published_peak_offpeak_only,0.332,True,pass,pass,urban,speed proxy 34 km/h at or below 60,,include,,Amap topology match 2026-08-21,high,440300024074,,"GB/T 44413-2024 clause 5.1 and Table 2 for the system type and capacity class, reconciled against CAMET 2025 annual report table 3 per-city mode kilometres (china_metro/data calibration/camet2025_table3_mode_km.csv)",,,大运能 (>=3 万人次/h),MTR Corporation (Shenzhen) Limited (港铁轨道交通（深圳）有限公司)
Shenzhen,5,5号线/环中线,Line 5 (Huanzhong),steel-wheel metro,"Urban rail transit, metro system, GB/T 44413-2024 Table 4 row 1",urban,34,False,88.7,162.0,32.8,13.56,4.4,published_peak_offpeak_only,0.854,True,pass,pass,urban,speed proxy 33 km/h at or below 60,,include,,Amap topology match 2026-08-21,high,440300024058,"operating subsidiary of Shenzhen Metro Group. operator English name is a descriptive translation, an official English name was not verified","GB/T 44413-2024 clause 5.1 and Table 2 for the system type and capacity class, reconciled against CAMET 2025 annual report table 3 per-city mode kilometres (china_metro/data calibration/camet2025_table3_mode_km.csv)",,,大运能 (>=3 万人次/h),"Shenzhen Metro Operation Group Co., Ltd. (深圳地铁运营集团有限公司)"
Shenzhen,6,6号线/光明线,Line 6 (Guangming),steel-wheel metro,"Urban rail transit, metro system, GB/T 44413-2024 Table 4 row 1",urban,27,False,93.3,144.0,38.9,10.04,6.0,published_peak_offpeak_only,0.925,True,pass,pass,urban,speed proxy 39 km/h at or below 60,,include,,Amap topology match 2026-08-21,high,440300024046,"operating subsidiary of Shenzhen Metro Group. operator English name is a descriptive translation, an official English name was not verified","GB/T 44413-2024 clause 5.1 and Table 2 for the system type and capacity class, reconciled against CAMET 2025 annual report table 3 per-city mode kilometres (china_metro/data calibration/camet2025_table3_mode_km.csv)",,,大运能 (>=3 万人次/h),"Shenzhen Metro Operation Group Co., Ltd. (深圳地铁运营集团有限公司)"
Shenzhen,7,6号线支线,Line 6 branch,steel-wheel metro,"Urban rail transit, metro system, GB/T 44413-2024 Table 4 row 1",urban,4,False,9.6,16.0,35.9,6.79,8.8,published_average_interval,0.0,True,pass,pass,urban,speed proxy 36 km/h at or below 60,,include,,Amap topology match 2026-08-21,high,440300024048,"operating subsidiary of Shenzhen Metro Group. operator English name is a descriptive translation, an official English name was not verified","GB/T 44413-2024 clause 5.1 and Table 2 for the system type and capacity class, reconciled against CAMET 2025 annual report table 3 per-city mode kilometres (china_metro/data calibration/camet2025_table3_mode_km.csv)",,,大运能 (>=3 万人次/h),"Shenzhen Metro Operation Group Co., Ltd. (深圳地铁运营集团有限公司)"
Shenzhen,8,7号线/西丽线,Line 7 (Xili),steel-wheel metro,"Urban rail transit, metro system, GB/T 44413-2024 Table 4 row 1",urban,30,False,58.9,122.0,29.0,9.44,6.4,published_peak_offpeak_only,0.292,True,pass,pass,urban,speed proxy 29 km/h at or below 60,,include,,Amap topology match 2026-08-21,high,440300024050,"operating subsidiary of Shenzhen Metro Group. operator English name is a descriptive translation, an official English name was not verified","GB/T 44413-2024 clause 5.1 and Table 2 for the system type and capacity class, reconciled against CAMET 2025 annual report table 3 per-city mode kilometres (china_metro/data calibration/camet2025_table3_mode_km.csv)",,,大运能 (>=3 万人次/h),"Shenzhen Metro Operation Group Co., Ltd. (深圳地铁运营集团有限公司)"
Shenzhen,9,9号线/梅林线,Line 9 (Meilin),steel-wheel metro,"Urban rail transit, metro system, GB/T 44413-2024 Table 4 row 1",urban,32,False,65.9,162.0,24.4,7.01,8.6,amap_interval_band,0.0,True,pass,pass,urban,speed proxy 24 km/h at or below 60,,include,,Amap topology match 2026-08-21,high,440300024054,"operating subsidiary of Shenzhen Metro Group. operator English name is a descriptive translation, an official English name was not verified","GB/T 44413-2024 clause 5.1 and Table 2 for the system type and capacity class, reconciled against CAMET 2025 annual report table 3 per-city mode kilometres (china_metro/data calibration/camet2025_table3_mode_km.csv)",,,大运能 (>=3 万人次/h),"Shenzhen Metro Operation Group Co., Ltd. (深圳地铁运营集团有限公司)"
Shenzhen,10,10号线/坂田线,Line 10 (Bantian),steel-wheel metro,"Urban rail transit, metro system, GB/T 44413-2024 Table 4 row 1",urban,24,False,55.9,104.3,32.2,9.87,6.1,published_peak_offpeak_only,0.311,True,pass,pass,urban,speed proxy 32 km/h at or below 60,,include,,Amap topology match 2026-08-21,high,900000055265,"operating subsidiary of Shenzhen Metro Group. operator English name is a descriptive translation, an official English name was not verified","GB/T 44413-2024 clause 5.1 and Table 2 for the system type and capacity class, reconciled against CAMET 2025 annual report table 3 per-city mode kilometres (china_metro/data calibration/camet2025_table3_mode_km.csv)",,,大运能 (>=3 万人次/h),"Shenzhen Metro Operation Group Co., Ltd. (深圳地铁运营集团有限公司)"
Shenzhen,11,11号线/机场线,Line 11 (Airport),steel-wheel metro,"Urban rail transit, metro system, GB/T 44413-2024 Table 4 row 1",urban,21,False,104.6,124.7,50.4,11.44,5.2,published_peak_offpeak_only,0.914,True,pass,pass,urban,speed proxy 50 km/h at or below 60,,include,,Amap topology match 2026-08-21,high,440300024056,"operating subsidiary of Shenzhen Metro Group. operator English name is a descriptive translation, an official English name was not verified","GB/T 44413-2024 clause 5.1 and Table 2 for the system type and capacity class, reconciled against CAMET 2025 annual report table 3 per-city mode kilometres (china_metro/data calibration/camet2025_table3_mode_km.csv)",,,大运能 (>=3 万人次/h),"Shenzhen Metro Operation Group Co., Ltd. (深圳地铁运营集团有限公司)"
Shenzhen,12,12号线/南宝线,Line 12 (Nanbao),steel-wheel metro,"Urban rail transit, metro system, GB/T 44413-2024 Table 4 row 1",urban,39,False,89.0,180.0,29.7,9.44,6.4,published_interval_band_section,0.0,True,pass,pass,urban,speed proxy 30 km/h at or below 60,,include,,Amap topology match 2026-08-21,high,900000094862,"PPP subsidiary of Shenzhen Metro Group. operator English name is a descriptive translation, an official English name was not verified","GB/T 44413-2024 clause 5.1 and Table 2 for the system type and capacity class, reconciled against CAMET 2025 annual report table 3 per-city mode kilometres (china_metro/data calibration/camet2025_table3_mode_km.csv)",,,大运能 (>=3 万人次/h),"Shenzhen Line 12 Rail Transit Co., Ltd. (深圳市十二号线轨道交通有限公司)"
Shenzhen,13,14号线/东部快线,Line 14 (Eastern Express),steel-wheel metro,"Urban rail transit, metro system, GB/T 44413-2024 Table 4 row 1",urban,18,False,92.8,108.3,51.4,10.08,6.0,published_peak_offpeak_only,0.865,True,pass,pass,urban,speed proxy 51 km/h at or below 60,,include,,Amap topology match 2026-08-21,high,900000095033,"operating subsidiary of Shenzhen Metro Group. operator English name is a descriptive translation, an official English name was not verified","GB/T 44413-2024 clause 5.1 and Table 2 for the system type and capacity class, reconciled against CAMET 2025 annual report table 3 per-city mode kilometres (china_metro/data calibration/camet2025_table3_mode_km.csv)",,,大运能 (>=3 万人次/h),"Shenzhen Metro Operation Group Co., Ltd. (深圳地铁运营集团有限公司)"
Shenzhen,14,16号线/龙坪线,Line 16 (Longping),steel-wheel metro,"Urban rail transit, metro system, GB/T 44413-2024 Table 4 row 1",urban,24,False,54.2,94.0,34.6,8.08,7.4,published_interval_band_line,0.0,True,pass,pass,urban,speed proxy 35 km/h at or below 60,,include,,Amap topology match 2026-08-21,high,900000095071,"operating subsidiary of Shenzhen Metro Group. operator English name is a descriptive translation, an official English name was not verified","GB/T 44413-2024 clause 5.1 and Table 2 for the system type and capacity class, reconciled against CAMET 2025 annual report table 3 per-city mode kilometres (china_metro/data calibration/camet2025_table3_mode_km.csv)",,,大运能 (>=3 万人次/h),"Shenzhen Metro Operation Group Co., Ltd. (深圳地铁运营集团有限公司)"
Shenzhen,15,20号线,Line 20,steel-wheel metro,"Urban rail transit, metro system, GB/T 44413-2024 Table 4 row 1",urban,5,False,15.0,20.0,45.1,6.04,9.9,published_interval_band_line,0.205,True,pass,pass,urban,speed proxy 45 km/h at or below 60,,include,,Amap topology match 2026-08-21,high,900000075925,"operating subsidiary of Shenzhen Metro Group. operator English name is a descriptive translation, an official English name was not verified","GB/T 44413-2024 clause 5.1 and Table 2 for the system type and capacity class, reconciled against CAMET 2025 annual report table 3 per-city mode kilometres (china_metro/data calibration/camet2025_table3_mode_km.csv)",,,大运能 (>=3 万人次/h),"Shenzhen Metro Operation Group Co., Ltd. (深圳地铁运营集团有限公司)"
Shenzhen,16,13号线/石岩线,Line 13 (Shiyan),steel-wheel metro,"Urban rail transit, metro system, GB/T 44413-2024 Table 4 row 1",urban,7,False,10.8,24.0,26.9,9.0,6.7,amap_interval_band,0.0,True,pass,pass,urban,speed proxy 27 km/h at or below 60,,include,,Amap topology match 2026-08-21,high,900000094840,"MTR-led PPP company, legally separate from the Line 4 company. South section opened 2024-12-28, the north section opened 2025-12-28 after the reference date","GB/T 44413-2024 clause 5.1 and Table 2 for the system type and capacity class, reconciled against CAMET 2025 annual report table 3 per-city mode kilometres (china_metro/data calibration/camet2025_table3_mode_km.csv)",,,大运能 (>=3 万人次/h),MTR CREC Metro (Shenzhen) Company Limited (港铁中铁电化轨道交通（深圳）有限公司)
Shijiazhuang,1,2号线,Line 2,steel-wheel metro,"Urban rail transit, metro system, GB/T 44413-2024 Table 4 row 1",urban,15,False,29.6,58.0,30.7,6.65,9.0,published_interval_band_line,0.0,True,pass,pass,urban,speed proxy 31 km/h at or below 60,,include,,Amap topology match 2026-08-21,high,900000069998,"operator English name is a descriptive translation, an official English name was not verified","GB/T 44413-2024 clause 5.1 and Table 2 for the system type and capacity class, reconciled against CAMET 2025 annual report table 3 per-city mode kilometres (china_metro/data calibration/camet2025_table3_mode_km.csv)",,,大运能 (>=3 万人次/h),"Shijiazhuang Rail Transit Group Co., Ltd., Operations Branch (石家庄市轨道交通集团有限责任公司运营分公司)"
Shijiazhuang,2,3号线,Line 3,steel-wheel metro,"Urban rail transit, metro system, GB/T 44413-2024 Table 4 row 1",urban,22,False,51.1,92.0,33.3,6.53,9.2,published_interval_band_line,0.0,True,pass,pass,urban,speed proxy 33 km/h at or below 60,,include,,Amap topology match 2026-08-21,high,900000045645,"operator English name is a descriptive translation, an official English name was not verified","GB/T 44413-2024 clause 5.1 and Table 2 for the system type and capacity class, reconciled against CAMET 2025 annual report table 3 per-city mode kilometres (china_metro/data calibration/camet2025_table3_mode_km.csv)",,,大运能 (>=3 万人次/h),"Shijiazhuang Rail Transit Group Co., Ltd., Operations Branch (石家庄市轨道交通集团有限责任公司运营分公司)"
Shijiazhuang,3,1号线,Line 1,steel-wheel metro,"Urban rail transit, metro system, GB/T 44413-2024 Table 4 row 1",urban,26,False,64.7,118.0,32.9,7.28,8.2,published_interval_band_line,0.0,True,pass,pass,urban,speed proxy 33 km/h at or below 60,,include,,Amap topology match 2026-08-21,high,900000044039,"operator English name is a descriptive translation, an official English name was not verified","GB/T 44413-2024 clause 5.1 and Table 2 for the system type and capacity class, reconciled against CAMET 2025 annual report table 3 per-city mode kilometres (china_metro/data calibration/camet2025_table3_mode_km.csv)",,,大运能 (>=3 万人次/h),"Shijiazhuang Rail Transit Group Co., Ltd., Operations Branch (石家庄市轨道交通集团有限责任公司运营分公司)"
Suzhou,1,1号线,Line 1,steel-wheel metro,"Urban rail transit, metro system, GB/T 44413-2024 Table 4 row 1",urban,24,False,49.4,96.0,30.8,12.43,4.8,published_peak_offpeak_only,0.443,True,pass,pass,urban,speed proxy 31 km/h at or below 60,,include,,Amap topology match 2026-08-21,high,320500022828,"operating subsidiary of Suzhou Rail Transit Group. operator English name is a descriptive translation, an official English name was not verified","GB/T 44413-2024 clause 5.1 and Table 2 for the system type and capacity class, reconciled against CAMET 2025 annual report table 3 per-city mode kilometres (china_metro/data calibration/camet2025_table3_mode_km.csv)",,,大运能 (>=3 万人次/h),"Suzhou Rail Transit Operation Co., Ltd. (苏州轨道交通运营有限公司)"
Suzhou,2,2号线,Line 2,steel-wheel metro,"Urban rail transit, metro system, GB/T 44413-2024 Table 4 row 1",urban,35,False,79.1,142.0,33.4,9.42,6.4,published_peak_offpeak_only,0.886,True,pass,pass,urban,speed proxy 33 km/h at or below 60,,include,,Amap topology match 2026-08-21,medium,320500022816,"operating subsidiary of Suzhou Rail Transit Group. operator English name is a descriptive translation, an official English name was not verified","GB/T 44413-2024 clause 5.1 and Table 2 for the system type and capacity class, reconciled against CAMET 2025 annual report table 3 per-city mode kilometres (china_metro/data calibration/camet2025_table3_mode_km.csv)",,,大运能 (>=3 万人次/h),"Suzhou Rail Transit Operation Co., Ltd. (苏州轨道交通运营有限公司)"
Suzhou,3,3号线,Line 3,steel-wheel metro,"Urban rail transit, metro system, GB/T 44413-2024 Table 4 row 1",urban,37,False,85.3,162.0,31.6,8.26,7.3,published_peak_offpeak_only,0.767,True,pass,pass,urban,speed proxy 32 km/h at or below 60,,include,,Amap topology match 2026-08-21,high,900000039926,"operating subsidiary of Suzhou Rail Transit Group. operator English name is a descriptive translation, an official English name was not verified","GB/T 44413-2024 clause 5.1 and Table 2 for the system type and capacity class, reconciled against CAMET 2025 annual report table 3 per-city mode kilometres (china_metro/data calibration/camet2025_table3_mode_km.csv)",,,大运能 (>=3 万人次/h),"Suzhou Rail Transit Operation Co., Ltd. (苏州轨道交通运营有限公司)"
Suzhou,4,4号线,Line 4,steel-wheel metro,"Urban rail transit, metro system, GB/T 44413-2024 Table 4 row 1",urban,31,False,79.8,140.0,34.2,8.46,7.1,published_peak_offpeak_only,0.367,True,pass,pass,urban,speed proxy 34 km/h at or below 60,,include,,Amap topology match 2026-08-21,high,320500022810,"operating subsidiary of Suzhou Rail Transit Group. operator English name is a descriptive translation, an official English name was not verified","GB/T 44413-2024 clause 5.1 and Table 2 for the system type and capacity class, reconciled against CAMET 2025 annual report table 3 per-city mode kilometres (china_metro/data calibration/camet2025_table3_mode_km.csv)",,,大运能 (>=3 万人次/h),"Suzhou Rail Transit Operation Co., Ltd. (苏州轨道交通运营有限公司)"
Suzhou,5,5号线,Line 5,steel-wheel metro,"Urban rail transit, metro system, GB/T 44413-2024 Table 4 row 1",urban,34,False,80.3,138.0,34.9,7.68,7.8,published_peak_offpeak_only,0.443,True,pass,pass,urban,speed proxy 35 km/h at or below 60,,include,,Amap topology match 2026-08-21,high,900000055756,"operating subsidiary of Suzhou Rail Transit Group. operator English name is a descriptive translation, an official English name was not verified","GB/T 44413-2024 clause 5.1 and Table 2 for the system type and capacity class, reconciled against CAMET 2025 annual report table 3 per-city mode kilometres (china_metro/data calibration/camet2025_table3_mode_km.csv)",,,大运能 (>=3 万人次/h),"Suzhou Rail Transit Operation Co., Ltd. (苏州轨道交通运营有限公司)"
Suzhou,6,6号线,Line 6,steel-wheel metro,"Urban rail transit, metro system, GB/T 44413-2024 Table 4 row 1",urban,31,False,69.3,126.0,33.0,7.78,7.7,amap_interval_band,0.0,True,pass,pass,urban,speed proxy 33 km/h at or below 60,,include,,Amap topology match 2026-08-21,high,900000116007,"operating subsidiary of Suzhou Rail Transit Group. operator English name is a descriptive translation, an official English name was not verified","GB/T 44413-2024 clause 5.1 and Table 2 for the system type and capacity class, reconciled against CAMET 2025 annual report table 3 per-city mode kilometres (china_metro/data calibration/camet2025_table3_mode_km.csv)",,,大运能 (>=3 万人次/h),"Suzhou Rail Transit Operation Co., Ltd. (苏州轨道交通运营有限公司)"
Suzhou,7,7号线,Line 7,steel-wheel metro,"Urban rail transit, metro system, GB/T 44413-2024 Table 4 row 1",urban,29,False,66.1,134.7,29.4,7.77,7.7,published_peak_offpeak_only,0.276,True,pass,pass,urban,speed proxy 29 km/h at or below 60,,include,,Amap topology match 2026-08-21,high,900000061754,"operating subsidiary of Suzhou Rail Transit Group. operator English name is a descriptive translation, an official English name was not verified","GB/T 44413-2024 clause 5.1 and Table 2 for the system type and capacity class, reconciled against CAMET 2025 annual report table 3 per-city mode kilometres (china_metro/data calibration/camet2025_table3_mode_km.csv)",,,大运能 (>=3 万人次/h),"Suzhou Rail Transit Operation Co., Ltd. (苏州轨道交通运营有限公司)"
Suzhou,8,8号线,Line 8,steel-wheel metro,"Urban rail transit, metro system, GB/T 44413-2024 Table 4 row 1",urban,28,False,67.0,110.0,36.5,7.78,7.7,amap_interval_band,0.0,True,pass,pass,urban,speed proxy 37 km/h at or below 60,,include,,Amap topology match 2026-08-21,high,900000129461,"operating subsidiary of Suzhou Rail Transit Group. operator English name is a descriptive translation, an official English name was not verified","GB/T 44413-2024 clause 5.1 and Table 2 for the system type and capacity class, reconciled against CAMET 2025 annual report table 3 per-city mode kilometres (china_metro/data calibration/camet2025_table3_mode_km.csv)",,,大运能 (>=3 万人次/h),"Suzhou Rail Transit Operation Co., Ltd. (苏州轨道交通运营有限公司)"
Suzhou,9,11号线,Line 11 (ex-Kunshan S1),steel-wheel metro,"Urban rail transit, suburban rapid rail system, GB/T 44413-2024 Table 4 row 9",suburban/regional,28,False,79.3,116.0,41.0,7.14,8.4,press_quoted_operator_notice,0.236,True,pass,pass,metropolitan (Tier B),designated 市域 / regional line,,"include as Tier B (metropolitan scope), report in sensitivity sample",,Amap topology match 2026-08-21,high,900000104525,"CAMET 2025: Suzhou's one 市域快轨 line, 41.25 km; meets Shanghai Line 11 at 花桥. operating subsidiary of Suzhou Rail Transit Group. operator English name is a descriptive translation, an official English name was not verified","GB/T 44413-2024 clause 5.1 and Table 2 for the system type and capacity class, reconciled against CAMET 2025 annual report table 3 per-city mode kilometres (china_metro/data calibration/camet2025_table3_mode_km.csv)",,,大运能 or 中运能 (GB/T Table 2 permits both),"Suzhou Rail Transit Operation Co., Ltd. (苏州轨道交通运营有限公司)"
Taichung,1,綠線 (烏日文心北屯線),Green Line,steel-wheel metro,"Mass rapid transit system with a fully exclusive right of way under the Mass Rapid Transit Act, Article 3",urban,18,False,32.4,70.3,27.7,6.83,8.8,tdx_frequency_bands,,True,pass,pass,urban,speed proxy 28 km/h at or below 60,,include,,operator feed / hand-coded registry,exact,,former technology label: steel-wheel driverless medium-capacity metro,"大眾捷運法 第3條 designation, with per-line figures from the TDX rebuild recorded in analysis/17_TW_TDX_REBUILD.md",,,,Taichung Mass Rapid Transit Corporation (臺中捷運股份有限公司)
Taipei,1,板南線,Bannan Line (Blue),steel-wheel metro,"Mass rapid transit system with a fully exclusive right of way under the Mass Rapid Transit Act, Article 3",urban,23,False,51.0,94.3,32.4,13.82,4.3,tdx_frequency_bands,,True,pass,pass,urban,speed proxy 32 km/h at or below 60,,include,,operator feed / hand-coded registry,exact,,,"大眾捷運法 第3條 designation, with per-line figures from the TDX rebuild recorded in analysis/17_TW_TDX_REBUILD.md",,,,Taipei Rapid Transit Corporation (臺北大眾捷運股份有限公司)
Taipei,2,文湖線,Wenhu Line (Brown),rubber-tyred automated guideway transit,"Mass rapid transit system with a fully exclusive right of way under the Mass Rapid Transit Act, Article 3",urban,24,False,44.1,89.3,29.7,10.64,5.6,tdx_frequency_bands,,True,pass,pass,urban,speed proxy 30 km/h at or below 60,,include,,operator feed / hand-coded registry,exact,,"rubber-tyred VAL, medium capacity, fully elevated or underground","Taipei City Government Department of Rapid Transit Systems, 文山內湖線路線說明, https://www.dorts.gov.taipei/cp.aspx?n=DBAC040496EFAB94 (膠輪中運量捷運系統, 全自動無人駕駛; Muzha 10.9 km 12 stations, Neihu 14.8 km 12 stations) [accessed 2026-09-10]",4 cars (two 2-car pairs),,,Taipei Rapid Transit Corporation (臺北大眾捷運股份有限公司)
Taipei,3,淡水信義線,Tamsui-Xinyi Line (Red),steel-wheel metro,"Mass rapid transit system with a fully exclusive right of way under the Mass Rapid Transit Act, Article 3",urban,27,False,53.1,106.3,30.0,7.02,8.5,tdx_frequency_bands,,True,pass,pass,urban,speed proxy 30 km/h at or below 60,,include,,operator feed / hand-coded registry,exact,,,"大眾捷運法 第3條 designation, with per-line figures from the TDX rebuild recorded in analysis/17_TW_TDX_REBUILD.md",,,,Taipei Rapid Transit Corporation (臺北大眾捷運股份有限公司)
Taipei,4,新北投支線,Xinbeitou branch,steel-wheel metro,"Mass rapid transit system with a fully exclusive right of way under the Mass Rapid Transit Act, Article 3",urban,2,False,1.5,5.2,16.9,6.21,9.7,tdx_frequency_bands,,False,pass,pass,urban (proxy unreliable),speed proxy unreliable: fewer than 4 stations,,include,,operator feed / hand-coded registry,exact,,,"大眾捷運法 第3條 designation, with per-line figures from the TDX rebuild recorded in analysis/17_TW_TDX_REBUILD.md",,,,Taipei Rapid Transit Corporation (臺北大眾捷運股份有限公司)
Taipei,5,松山新店線,Songshan-Xindian Line (Green),steel-wheel metro,"Mass rapid transit system with a fully exclusive right of way under the Mass Rapid Transit Act, Article 3",urban,19,False,36.7,72.8,30.2,8.74,6.9,tdx_frequency_bands,,True,pass,pass,urban,speed proxy 30 km/h at or below 60,,include,,operator feed / hand-coded registry,exact,,,"大眾捷運法 第3條 designation, with per-line figures from the TDX rebuild recorded in analysis/17_TW_TDX_REBUILD.md",,,,Taipei Rapid Transit Corporation (臺北大眾捷運股份有限公司)
Taipei,6,小碧潭支線,Xiaobitan branch,steel-wheel metro,"Mass rapid transit system with a fully exclusive right of way under the Mass Rapid Transit Act, Article 3",urban,2,False,2.6,6.8,23.3,3.55,16.9,tdx_frequency_bands,,False,pass,pass,urban (proxy unreliable),speed proxy unreliable: fewer than 4 stations,,include,,operator feed / hand-coded registry,exact,,,"大眾捷運法 第3條 designation, with per-line figures from the TDX rebuild recorded in analysis/17_TW_TDX_REBUILD.md",,,,Taipei Rapid Transit Corporation (臺北大眾捷運股份有限公司)
Taipei,7,中和新蘆線 (迴龍),"Zhonghe-Xinlu Line (Orange), Huilong branch",steel-wheel metro,"Mass rapid transit system with a fully exclusive right of way under the Mass Rapid Transit Act, Article 3",urban,21,False,44.3,95.0,28.0,6.79,8.8,tdx_frequency_bands,,True,pass,pass,urban,speed proxy 28 km/h at or below 60,,include,,operator feed / hand-coded registry,exact,,,"大眾捷運法 第3條 designation, with per-line figures from the TDX rebuild recorded in analysis/17_TW_TDX_REBUILD.md",,,,Taipei Rapid Transit Corporation (臺北大眾捷運股份有限公司)
Taipei,8,中和新蘆線 (蘆洲),"Zhonghe-Xinlu Line (Orange), Luzhou branch",steel-wheel metro,"Mass rapid transit system with a fully exclusive right of way under the Mass Rapid Transit Act, Article 3",urban,17,False,33.1,74.1,26.8,6.79,8.8,tdx_frequency_bands,,True,pass,pass,urban,speed proxy 27 km/h at or below 60,,include,,operator feed / hand-coded registry,exact,,,"大眾捷運法 第3條 designation, with per-line figures from the TDX rebuild recorded in analysis/17_TW_TDX_REBUILD.md",,,,Taipei Rapid Transit Corporation (臺北大眾捷運股份有限公司)
Taipei,9,環狀線,Circular Line (Yellow),steel-wheel metro,"Mass rapid transit system with a fully exclusive right of way under the Mass Rapid Transit Act, Article 3",urban,14,False,29.0,64.9,26.8,2.61,23.0,tdx_frequency_bands,,True,pass,pass,urban,speed proxy 27 km/h at or below 60,,include,,operator feed / hand-coded registry,exact,,handed over to New Taipei Metro on 2023-05-23. former technology label: steel-wheel driverless medium-capacity metro,"大眾捷運法 第3條 designation, with per-line figures from the TDX rebuild recorded in analysis/17_TW_TDX_REBUILD.md",,,,New Taipei Metro Corporation (新北大眾捷運股份有限公司)
Taiyuan,1,1号线,Line 1,steel-wheel metro,"Urban rail transit, metro system, GB/T 44413-2024 Table 4 row 1",urban,24,False,54.0,98.0,33.1,7.77,7.7,published_interval_band_line,0.0,True,pass,pass,urban,speed proxy 33 km/h at or below 60,,include,,Amap topology match 2026-08-21,high,900000151669,"Line 1 concession and operating company, line opened 2025-02-22. operator English name is a descriptive translation, an official English name was not verified","GB/T 44413-2024 clause 5.1 and Table 2 for the system type and capacity class, reconciled against CAMET 2025 annual report table 3 per-city mode kilometres (china_metro/data calibration/camet2025_table3_mode_km.csv)",,,大运能 (>=3 万人次/h),"Taiyuan Rail Transit Line 1 Construction and Operation Co., Ltd. (太原轨道交通一号线建设运营有限公司)"
Taiyuan,2,2号线,Line 2,steel-wheel metro,"Urban rail transit, metro system, GB/T 44413-2024 Table 4 row 1",urban,23,False,46.5,89.8,31.1,6.68,9.0,press_quoted_operator_notice,0.0,True,pass,pass,urban,speed proxy 31 km/h at or below 60,,include,,Amap topology match 2026-08-21,high,900000056411,"China Railway-led company, separate from the Line 1 company. operator English name is a descriptive translation, an official English name was not verified","GB/T 44413-2024 clause 5.1 and Table 2 for the system type and capacity class, reconciled against CAMET 2025 annual report table 3 per-city mode kilometres (china_metro/data calibration/camet2025_table3_mode_km.csv)",,,大运能 (>=3 万人次/h),"Taiyuan China Railway Rail Transit Construction and Operation Co., Ltd. (太原中铁轨道交通建设运营有限公司)"
Taizhou,1,S1线,S1 Line,steel-wheel metro,"Urban rail transit, suburban rapid rail system, GB/T 44413-2024 Table 4 row 9",suburban/regional,15,False,91.5,100.0,54.9,6.9,8.7,published_peak_offpeak_only,0.314,True,pass,pass,metropolitan (Tier B),designated 市域 / regional line,,"include as Tier B (metropolitan scope), report in sensitivity sample",,Amap topology match 2026-08-21,high,900000168091,"not the construction or PPP owner company. operator English name is a descriptive translation, an official English name was not verified","GB/T 44413-2024 clause 5.1 and Table 2 for the system type and capacity class, reconciled against CAMET 2025 annual report table 3 per-city mode kilometres (china_metro/data calibration/camet2025_table3_mode_km.csv)",,,大运能 or 中运能 (GB/T Table 2 permits both),"Taizhou Changxing Rail Transit Operation Management Co., Ltd. (台州畅行轨道交通运营管理有限公司)"
Taoyuan,1,機場捷運,Taoyuan Airport MRT,steel-wheel metro,"Mass rapid transit system with a fully exclusive right of way under the Mass Rapid Transit Act, Article 3",urban,22,False,94.4,166.0,34.1,3.9,15.4,tdx_frequency_bands,,True,pass,pass,metropolitan (Tier B),"51 km cross-municipality corridor Taipei-Taoyuan-Zhongli with express and commuter patterns, the label rests on the corridor and not on the all-stop speed proxy of 34.1 km/h that the file records (audit TAOYUAN-01, open for decision)",,"include as Tier B (metropolitan scope), report in sensitivity sample",,operator feed / hand-coded registry,exact,,"51 km, express and commuter patterns, runs from Taipei Main Station to Zhongli; metropolitan rather than urban scope","大眾捷運法 第3條 designation, with per-line figures from the TDX rebuild recorded in analysis/17_TW_TDX_REBUILD.md",,,,Taoyuan Metro Corporation (桃園大眾捷運股份有限公司)
Tianjin,1,1号线,Line 1,steel-wheel metro,"Urban rail transit, metro system, GB/T 44413-2024 Table 4 row 1",urban,32,False,77.7,154.7,30.1,11.95,5.0,published_peak_offpeak_only,0.88,True,pass,pass,urban,speed proxy 30 km/h at or below 60,,include,,Amap topology match 2026-08-21,high,120100021504,"CRCC operating company, took over Line 1 on 2021-06-11. operator English name is a descriptive translation, an official English name was not verified","GB/T 44413-2024 clause 5.1 and Table 2 for the system type and capacity class, reconciled against CAMET 2025 annual report table 3 per-city mode kilometres (china_metro/data calibration/camet2025_table3_mode_km.csv)",,,大运能 (>=3 万人次/h),"Tianjin Line 1 Rail Transit Operation Co., Ltd. (天津一号线轨道交通运营有限公司)"
Tianjin,2,2号线,Line 2,steel-wheel metro,"Urban rail transit, metro system, GB/T 44413-2024 Table 4 row 1",urban,20,False,50.6,96.0,31.7,7.57,7.9,published_peak_offpeak_only,0.391,True,pass,pass,urban,speed proxy 32 km/h at or below 60,,include,,Amap topology match 2026-08-21,high,120100021904,"Shenzhou High-Speed Railway subsidiary, took over Line 2 on 2021-01-24. operator English name is a descriptive translation, an official English name was not verified","GB/T 44413-2024 clause 5.1 and Table 2 for the system type and capacity class, reconciled against CAMET 2025 annual report table 3 per-city mode kilometres (china_metro/data calibration/camet2025_table3_mode_km.csv)",,,大运能 (>=3 万人次/h),"Shentie Line 2 (Tianjin) Rail Transit Operation Co., Ltd. (神铁二号线（天津）轨道交通运营有限公司)"
Tianjin,3,3号线,Line 3,steel-wheel metro,"Urban rail transit, metro system, GB/T 44413-2024 Table 4 row 1",urban,26,False,62.7,118.0,31.9,8.53,7.0,press_quoted_operator_notice,0.25,True,pass,pass,urban,speed proxy 32 km/h at or below 60,,include,,Amap topology match 2026-08-21,high,120100021500,"CCCC project company. Day-to-day management is delegated to 中交（天津）轨道交通运营管理有限公司. operator English name is a descriptive translation, an official English name was not verified","GB/T 44413-2024 clause 5.1 and Table 2 for the system type and capacity class, reconciled against CAMET 2025 annual report table 3 per-city mode kilometres (china_metro/data calibration/camet2025_table3_mode_km.csv)",,,大运能 (>=3 万人次/h),"Tianjin Line 3 Rail Transit Operation Co., Ltd. (天津三号线轨道交通运营有限公司)"
Tianjin,4,5号线,Line 5,steel-wheel metro,"Urban rail transit, metro system, GB/T 44413-2024 Table 4 row 1",urban,29,False,68.1,124.0,32.9,8.92,6.7,published_peak_offpeak_only,0.707,True,pass,pass,urban,speed proxy 33 km/h at or below 60,,include,,Amap topology match 2026-08-21,high,120100021323,"operating subsidiary of the Tianjin operating group. operator English name is a descriptive translation, an official English name was not verified","GB/T 44413-2024 clause 5.1 and Table 2 for the system type and capacity class, reconciled against CAMET 2025 annual report table 3 per-city mode kilometres (china_metro/data calibration/camet2025_table3_mode_km.csv)",,,大运能 (>=3 万人次/h),"Tianjin Zhiyuan Rail Transit Operation Co., Ltd. (天津致远轨道交通运营有限公司)"
Tianjin,5,6号线,Line 6,steel-wheel metro,"Urban rail transit, metro system, GB/T 44413-2024 Table 4 row 1",urban,40,False,82.3,156.0,31.7,8.24,7.3,amap_interval_band,0.0,True,pass,pass,urban,speed proxy 32 km/h at or below 60,,include,8,Amap topology match 2026-08-21,high,120100021325,"same line name as route(s) 8: direction copy, extension segment or fragment. group-level attribution kept. Finer subsidiary unresolved, candidates 天津致诚轨道交通运营有限公司 (Lines 6 and 10) and 天津致远轨道交通运营有限公司 (Line 9). operator English name is a descriptive translation, an official English name was not verified","GB/T 44413-2024 clause 5.1 and Table 2 for the system type and capacity class, reconciled against CAMET 2025 annual report table 3 per-city mode kilometres (china_metro/data calibration/camet2025_table3_mode_km.csv)",,,大运能 (>=3 万人次/h),"Tianjin Rail Transit Operation Group Co., Ltd. (天津轨道交通运营集团有限公司)"
Tianjin,6,4号线,Line 4,steel-wheel metro,"Urban rail transit, metro system, GB/T 44413-2024 Table 4 row 1",urban,16,False,38.1,70.0,32.6,5.26,11.4,amap_interval_band,0.0,True,pass,pass,urban,speed proxy 33 km/h at or below 60,,include,7,Amap topology match 2026-08-21,high,120100021319,"same line name as route(s) 7: direction copy, extension segment or fragment. Line 4 north section, opened 2025-07-08. The PPP project owner 中铁（天津）轨道交通投资建设有限公司 is not the operator. operator English name is a descriptive translation, an official English name was not verified","GB/T 44413-2024 clause 5.1 and Table 2 for the system type and capacity class, reconciled against CAMET 2025 annual report table 3 per-city mode kilometres (china_metro/data calibration/camet2025_table3_mode_km.csv)",,,大运能 (>=3 万人次/h),"China Railway Investment Group Transport Operation Co., Ltd. (中铁投资集团交通运营有限公司)"
Tianjin,7,4号线,Line 4,steel-wheel metro,"Urban rail transit, metro system, GB/T 44413-2024 Table 4 row 1",urban,14,False,36.1,66.0,32.8,8.14,7.4,published_peak_offpeak_only,0.276,True,pass,pass,urban,speed proxy 33 km/h at or below 60,,include,6,Amap topology match 2026-08-21,high,120100021319,"same line name as route(s) 6: direction copy, extension segment or fragment. Line 4 south section. Medium confidence, the evidence is a 2022 group-supplied profile, republished. operator English name is a descriptive translation, an official English name was not verified","GB/T 44413-2024 clause 5.1 and Table 2 for the system type and capacity class, reconciled against CAMET 2025 annual report table 3 per-city mode kilometres (china_metro/data calibration/camet2025_table3_mode_km.csv)",,,大运能 (>=3 万人次/h),"Tianjin Zhixin Rail Transit Operation Co., Ltd. (天津致新轨道交通运营有限公司)"
Tianjin,8,6号线,Line 6,steel-wheel metro,"Urban rail transit, metro system, GB/T 44413-2024 Table 4 row 1",urban,9,False,25.4,38.0,40.1,6.87,8.7,amap_interval_band,0.0,True,pass,pass,urban,speed proxy 40 km/h at or below 60,,include,5,Amap topology match 2026-08-21,high,120100021325,"same line name as route(s) 5: direction copy, extension segment or fragment. Line 6 phase 2 (Lushuidao to Xianshuiguxi), run within the CRCC concession by its Tianjin operating company. Supported, not confirmed. The company is the tenderer in its own 2024-2025 procurement for these nine stations, and a CRCC operating group recruitment notice of 2025-03-26 lists the section. No government or CRCC statement naming the operator was found. operator English name is a descriptive translation, an official English name was not verified","GB/T 44413-2024 clause 5.1 and Table 2 for the system type and capacity class, reconciled against CAMET 2025 annual report table 3 per-city mode kilometres (china_metro/data calibration/camet2025_table3_mode_km.csv)",,,大运能 (>=3 万人次/h),"Tianjin Line 1 Rail Transit Operation Co., Ltd. (天津一号线轨道交通运营有限公司)"
Tianjin,9,9号线,"Line 9 (津滨轻轨, Binhai Mass Transit)",steel-wheel light rail,"Urban rail transit, light rail system, GB/T 44413-2024 Table 4 row 2",urban,21,False,101.0,142.0,42.7,9.01,6.7,published_peak_offpeak_only,0.71,True,pass,pass,urban,speed proxy 43 km/h at or below 60,,include,,Amap topology match 2026-08-21,high,120100031870,"CAMET 2025: 轻轨, 53.80 km; fully segregated, standard metro fares. group-level attribution kept. Finer subsidiary unresolved, candidates 天津致诚轨道交通运营有限公司 (Lines 6 and 10) and 天津致远轨道交通运营有限公司 (Line 9). operator English name is a descriptive translation, an official English name was not verified. former technology label: steel-wheel light rail, fully segregated","GB/T 44413-2024 clause 5.1 and Table 2 for the system type and capacity class, reconciled against CAMET 2025 annual report table 3 per-city mode kilometres (china_metro/data calibration/camet2025_table3_mode_km.csv)",,,中运能 (1 to <3 万人次/h),"Tianjin Rail Transit Operation Group Co., Ltd. (天津轨道交通运营集团有限公司)"
Tianjin,10,10号线,Line 10,steel-wheel metro,"Urban rail transit, metro system, GB/T 44413-2024 Table 4 row 1",urban,21,False,40.2,72.0,33.5,7.6,7.9,published_peak_offpeak_only,0.883,True,pass,pass,urban,speed proxy 34 km/h at or below 60,,include,,Amap topology match 2026-08-21,high,900000079480,"group-level attribution kept. Finer subsidiary unresolved, candidates 天津致诚轨道交通运营有限公司 (Lines 6 and 10) and 天津致远轨道交通运营有限公司 (Line 9). operator English name is a descriptive translation, an official English name was not verified","GB/T 44413-2024 clause 5.1 and Table 2 for the system type and capacity class, reconciled against CAMET 2025 annual report table 3 per-city mode kilometres (china_metro/data calibration/camet2025_table3_mode_km.csv)",,,大运能 (>=3 万人次/h),"Tianjin Rail Transit Operation Group Co., Ltd. (天津轨道交通运营集团有限公司)"
Tianjin,11,津静线,Tianjin-Jinghai Line (Tianjin-Jinghai Line),steel-wheel metro,"Urban rail transit, suburban rapid rail system, GB/T 44413-2024 Table 4 row 9",suburban/regional,4,False,24.0,22.0,65.4,4.05,14.8,published_peak_offpeak_only,0.258,True,pass,pass,metropolitan (Tier B),designated 市域 / regional line,,"include as Tier B (metropolitan scope), report in sensitivity sample",,Amap topology match 2026-08-21,high,900000179507,"市域(郊)铁路 to Jinghai; 4 stations in the 2025 file. operating subsidiary of the Tianjin operating group. operator English name is a descriptive translation, an official English name was not verified","GB/T 44413-2024 clause 5.1 and Table 2 for the system type and capacity class, reconciled against CAMET 2025 annual report table 3 per-city mode kilometres (china_metro/data calibration/camet2025_table3_mode_km.csv)",,,大运能 or 中运能 (GB/T Table 2 permits both),"Tianjin Zhiyuan Rail Transit Operation Co., Ltd. (天津致远轨道交通运营有限公司)"
Tianjin,12,11号线,Line 11,steel-wheel metro,"Urban rail transit, metro system, GB/T 44413-2024 Table 4 row 1",urban,21,False,41.7,82.0,30.5,7.31,8.2,amap_interval_band,0.0,True,pass,pass,urban,speed proxy 30 km/h at or below 60,,include,,Amap topology match 2026-08-21,high,900000082333,"Line 11 under CCCC management. Medium confidence. The predecessor name 中交轨道交通运营有限公司 was replaced in June 2025. operator English name is a descriptive translation, an official English name was not verified","GB/T 44413-2024 clause 5.1 and Table 2 for the system type and capacity class, reconciled against CAMET 2025 annual report table 3 per-city mode kilometres (china_metro/data calibration/camet2025_table3_mode_km.csv)",,,大运能 (>=3 万人次/h),"CCCC (Tianjin) Rail Transit Operation Management Co., Ltd. (中交（天津）轨道交通运营管理有限公司)"
Tokyo,1,銀座線,Ginza Line,steel-wheel metro,Type I railway business under the Railway Business Act; urban rapid railway under the City Planning Act; MLIT subway undertaking,urban,19,False,27.4,70.0,23.5,17.0,3.5,gtfs_weekday_trips,,True,pass,pass,urban,speed proxy 23 km/h at or below 60,,include,,operator feed / hand-coded registry,exact,,,"Japan Subway Association (JAMETRO) 公営地下鉄一覧 and MLIT 地下鉄事業者 list, held at 'August - revision/How each country defines the metro/JP/JP.txt'. This roster covers the conventional municipal and Tokyo Metro subway undertakings ONLY and does not extend to the AGT and monorail lines, which carry their own operator sources",,,,"Tokyo Metro Co., Ltd. (東京地下鉄株式会社)"
Tokyo,2,丸ノ内線,Marunouchi Line,steel-wheel metro,Type I railway business under the Railway Business Act; urban rapid railway under the City Planning Act; MLIT subway undertaking,urban,28,False,53.1,114.0,28.0,15.79,3.8,gtfs_weekday_trips,,True,pass,pass,urban,speed proxy 28 km/h at or below 60,,include,,operator feed / hand-coded registry,exact,,,"Japan Subway Association (JAMETRO) 公営地下鉄一覧 and MLIT 地下鉄事業者 list, held at 'August - revision/How each country defines the metro/JP/JP.txt'. This roster covers the conventional municipal and Tokyo Metro subway undertakings ONLY and does not extend to the AGT and monorail lines, which carry their own operator sources",,,,"Tokyo Metro Co., Ltd. (東京地下鉄株式会社)"
Tokyo,3,丸ノ内線分岐線,Marunouchi Line Honancho branch,steel-wheel metro,Type I railway business under the Railway Business Act; urban rapid railway under the City Planning Act; MLIT subway undertaking,urban,4,False,5.5,13.4,24.4,5.24,11.5,gtfs_weekday_trips,,True,pass,pass,urban,speed proxy 24 km/h at or below 60,,include,,operator feed / hand-coded registry,exact,,,"Japan Subway Association (JAMETRO) 公営地下鉄一覧 and MLIT 地下鉄事業者 list, held at 'August - revision/How each country defines the metro/JP/JP.txt'. This roster covers the conventional municipal and Tokyo Metro subway undertakings ONLY and does not extend to the AGT and monorail lines, which carry their own operator sources",,,,"Tokyo Metro Co., Ltd. (東京地下鉄株式会社)"
Tokyo,4,日比谷線,Hibiya Line,steel-wheel metro,Type I railway business under the Railway Business Act; urban rapid railway under the City Planning Act; MLIT subway undertaking,urban,22,False,37.7,92.0,24.6,14.79,4.1,gtfs_weekday_trips,,True,pass,pass,urban,speed proxy 25 km/h at or below 60,,include,,operator feed / hand-coded registry,exact,,,"Japan Subway Association (JAMETRO) 公営地下鉄一覧 and MLIT 地下鉄事業者 list, held at 'August - revision/How each country defines the metro/JP/JP.txt'. This roster covers the conventional municipal and Tokyo Metro subway undertakings ONLY and does not extend to the AGT and monorail lines, which carry their own operator sources",,,,"Tokyo Metro Co., Ltd. (東京地下鉄株式会社)"
Tokyo,5,東西線,Tozai Line,steel-wheel metro,Type I railway business under the Railway Business Act; urban rapid railway under the City Planning Act; MLIT subway undertaking,urban,23,False,59.7,112.2,31.9,11.21,5.4,gtfs_weekday_trips,,True,pass,pass,urban,speed proxy 32 km/h at or below 60,,include,,operator feed / hand-coded registry,exact,,Tokyo Metro's own section 中野–西船橋; through-running JR and Toyo Rapid services truncated,"Japan Subway Association (JAMETRO) 公営地下鉄一覧 and MLIT 地下鉄事業者 list, held at 'August - revision/How each country defines the metro/JP/JP.txt'. This roster covers the conventional municipal and Tokyo Metro subway undertakings ONLY and does not extend to the AGT and monorail lines, which carry their own operator sources",,,,"Tokyo Metro Co., Ltd. (東京地下鉄株式会社)"
Tokyo,6,千代田線,Chiyoda Line,steel-wheel metro,Type I railway business under the Railway Business Act; urban rapid railway under the City Planning Act; MLIT subway undertaking,urban,20,False,45.1,91.0,29.7,13.21,4.5,gtfs_weekday_trips,,True,pass,pass,urban,speed proxy 30 km/h at or below 60,,include,,operator feed / hand-coded registry,exact,,includes the 綾瀬–北綾瀬 branch; through-running Odakyu and JR services truncated,"Japan Subway Association (JAMETRO) 公営地下鉄一覧 and MLIT 地下鉄事業者 list, held at 'August - revision/How each country defines the metro/JP/JP.txt'. This roster covers the conventional municipal and Tokyo Metro subway undertakings ONLY and does not extend to the AGT and monorail lines, which carry their own operator sources",,,,"Tokyo Metro Co., Ltd. (東京地下鉄株式会社)"
Tokyo,7,有楽町線,Yurakucho Line,steel-wheel metro,Type I railway business under the Railway Business Act; urban rapid railway under the City Planning Act; MLIT subway undertaking,urban,24,False,55.4,106.8,31.1,11.53,5.2,gtfs_weekday_trips,,True,pass,pass,urban,speed proxy 31 km/h at or below 60,,include,,operator feed / hand-coded registry,exact,,Tokyo Metro's own section 和光市–新木場; Tobu and Seibu through services truncated,"Japan Subway Association (JAMETRO) 公営地下鉄一覧 and MLIT 地下鉄事業者 list, held at 'August - revision/How each country defines the metro/JP/JP.txt'. This roster covers the conventional municipal and Tokyo Metro subway undertakings ONLY and does not extend to the AGT and monorail lines, which carry their own operator sources",,,,"Tokyo Metro Co., Ltd. (東京地下鉄株式会社)"
Tokyo,8,半蔵門線,Hanzomon Line,steel-wheel metro,Type I railway business under the Railway Business Act; urban rapid railway under the City Planning Act; MLIT subway undertaking,urban,14,False,30.6,64.2,28.6,14.63,4.1,gtfs_weekday_trips,,True,pass,pass,urban,speed proxy 29 km/h at or below 60,,include,,operator feed / hand-coded registry,exact,,,"Japan Subway Association (JAMETRO) 公営地下鉄一覧 and MLIT 地下鉄事業者 list, held at 'August - revision/How each country defines the metro/JP/JP.txt'. This roster covers the conventional municipal and Tokyo Metro subway undertakings ONLY and does not extend to the AGT and monorail lines, which carry their own operator sources",,,,"Tokyo Metro Co., Ltd. (東京地下鉄株式会社)"
Tokyo,9,南北線,Namboku Line,steel-wheel metro,Type I railway business under the Railway Business Act; urban rapid railway under the City Planning Act; MLIT subway undertaking,urban,19,False,40.1,81.5,29.5,9.95,6.0,gtfs_weekday_trips,,True,pass,pass,urban,speed proxy 30 km/h at or below 60,,include,,operator feed / hand-coded registry,exact,,目黒–赤羽岩淵; Saitama Rapid Railway beyond 赤羽岩淵 excluded as a separate undertaking,"Japan Subway Association (JAMETRO) 公営地下鉄一覧 and MLIT 地下鉄事業者 list, held at 'August - revision/How each country defines the metro/JP/JP.txt'. This roster covers the conventional municipal and Tokyo Metro subway undertakings ONLY and does not extend to the AGT and monorail lines, which carry their own operator sources",,,,"Tokyo Metro Co., Ltd. (東京地下鉄株式会社)"
Tokyo,10,副都心線,Fukutoshin Line,steel-wheel metro,Type I railway business under the Railway Business Act; urban rapid railway under the City Planning Act; MLIT subway undertaking,urban,16,False,38.6,76.8,30.2,7.61,7.9,gtfs_weekday_trips,,True,pass,pass,urban,speed proxy 30 km/h at or below 60,,include,,operator feed / hand-coded registry,exact,,,"Japan Subway Association (JAMETRO) 公営地下鉄一覧 and MLIT 地下鉄事業者 list, held at 'August - revision/How each country defines the metro/JP/JP.txt'. This roster covers the conventional municipal and Tokyo Metro subway undertakings ONLY and does not extend to the AGT and monorail lines, which carry their own operator sources",,,,"Tokyo Metro Co., Ltd. (東京地下鉄株式会社)"
Tokyo,11,浅草線,Toei Asakusa Line,steel-wheel metro,Type I railway business under the Railway Business Act; urban rapid railway under the City Planning Act; MLIT subway undertaking,urban,20,False,36.5,75.8,28.9,8.47,7.1,gtfs_weekday_trips,,True,pass,pass,urban,speed proxy 29 km/h at or below 60,,include,,operator feed / hand-coded registry,exact,,Keikyu and Keisei through services truncated at 泉岳寺 and 押上,"Japan Subway Association (JAMETRO) 公営地下鉄一覧 and MLIT 地下鉄事業者 list, held at 'August - revision/How each country defines the metro/JP/JP.txt'. This roster covers the conventional municipal and Tokyo Metro subway undertakings ONLY and does not extend to the AGT and monorail lines, which carry their own operator sources",,,,"Bureau of Transportation, Tokyo Metropolitan Government (東京都交通局)"
Tokyo,12,三田線,Toei Mita Line,steel-wheel metro,Type I railway business under the Railway Business Act; urban rapid railway under the City Planning Act; MLIT subway undertaking,urban,27,False,51.1,106.3,28.8,10.47,5.7,gtfs_weekday_trips,,True,pass,pass,urban,speed proxy 29 km/h at or below 60,,include,,operator feed / hand-coded registry,exact,,,"Japan Subway Association (JAMETRO) 公営地下鉄一覧 and MLIT 地下鉄事業者 list, held at 'August - revision/How each country defines the metro/JP/JP.txt'. This roster covers the conventional municipal and Tokyo Metro subway undertakings ONLY and does not extend to the AGT and monorail lines, which carry their own operator sources",,,,"Bureau of Transportation, Tokyo Metropolitan Government (東京都交通局)"
Tokyo,13,新宿線,Toei Shinjuku Line,steel-wheel metro,Type I railway business under the Railway Business Act; urban rapid railway under the City Planning Act; MLIT subway undertaking,urban,21,False,46.2,84.3,32.9,9.84,6.1,gtfs_weekday_trips,,True,pass,pass,urban,speed proxy 33 km/h at or below 60,,include,,operator feed / hand-coded registry,exact,,Keio through services truncated at 新宿,"Japan Subway Association (JAMETRO) 公営地下鉄一覧 and MLIT 地下鉄事業者 list, held at 'August - revision/How each country defines the metro/JP/JP.txt'. This roster covers the conventional municipal and Tokyo Metro subway undertakings ONLY and does not extend to the AGT and monorail lines, which carry their own operator sources",,,,"Bureau of Transportation, Tokyo Metropolitan Government (東京都交通局)"
Tokyo,14,大江戸線,Toei Oedo Line,steel-wheel linear-motor metro,Type I railway business under the Railway Business Act; urban rapid railway under the City Planning Act; MLIT subway undertaking,urban,38,False,74.2,170.7,26.1,10.32,5.8,gtfs_weekday_trips,,True,pass,pass,urban,speed proxy 26 km/h at or below 60,,include,,operator feed / hand-coded registry,exact,,"DEFECT: the 都庁前–新宿西口 link is missing in the 2025 file, so the ring is open","Japan Subway Association (JAMETRO) 公営地下鉄一覧 and MLIT 地下鉄事業者 list, held at 'August - revision/How each country defines the metro/JP/JP.txt'. This roster covers the conventional municipal and Tokyo Metro subway undertakings ONLY and does not extend to the AGT and monorail lines, which carry their own operator sources",,,,"Bureau of Transportation, Tokyo Metropolitan Government (東京都交通局)"
Tokyo,15,ゆりかもめ,Yurikamome (Tokyo Waterfront New Transit Line),rubber-tyred automated guideway transit,"Act on Rail Tracks and Railway Business Act, mixed sections; new transit system; urban rapid railway under the City Planning Act",urban,16,False,25.1,62.0,24.3,12.21,4.9,gtfs_weekday_trips,,True,pass,pass,urban,speed proxy 24 km/h at or below 60,,include,,operator feed / hand-coded registry,exact,,"fully elevated, driverless, 6-car; not on the JAMETRO subway list. third-sector company led by the Tokyo Metropolitan Government","Yurikamome Inc., 会社概要, https://www.yurikamome.co.jp/company/about.html (案内方式: 側方案内方式, computer-controlled driverless; formal line name 東京臨海新交通臨海線; 14.7 km, 16 stations) [accessed 2026-09-10]",6 cars,306,,Yurikamome Inc. (株式会社ゆりかもめ)
Tokyo,16,日暮里・舎人ライナー,Nippori-Toneri Liner,rubber-tyred automated guideway transit,new transit system under the Act on Rail Tracks; urban rapid railway under the City Planning Act,urban,13,False,19.4,43.6,26.7,12.82,4.7,gtfs_weekday_trips,,True,pass,pass,urban,speed proxy 27 km/h at or below 60,,include,,operator feed / hand-coded registry,exact,,rail facilities built as a 都市計画都市高速鉄道事業; operated by Toei,"Tokyo Metropolitan Bureau of Transportation, 日暮里・舎人ライナーのあゆみ, https://www.kotsu.metro.tokyo.jp/about/ayumi/nippori_toneri.html (案内軌条式鉄道 / 新交通システム; 軌道事業譲渡許可 under 軌道法 2007-10-01, opened 2008-03-30; 9.7 km) [accessed 2026-09-10]",,,,"Bureau of Transportation, Tokyo Metropolitan Government (東京都交通局)"
Tokyo,17,東京モノレール羽田空港線,Tokyo Monorail Haneda Airport Line,straddle-beam monorail,straddle-type railway under the Railway Business Act; urban monorail,urban,11,False,32.6,50.3,38.9,7.79,7.7,gtfs_weekday_trips,,True,pass,pass,urban,speed proxy 39 km/h at or below 60,,include,,operator feed / hand-coded registry,exact,,"single-line urban undertaking, own fares, no through-running; DEFECT: モノレール浜松町 is merged into 大門 in the 2025 file. JR East group company, 79% owned by JR East","Tokyo Monorail Co., Ltd., 会社概要, https://www.tokyo-monorail.co.jp/company/profile.html (跨座式 in the company's own specification table; 17.8 km). CAUTION: the 都市モノレール element of this row's legal_class is NOT established by this source and is flagged for verification, and no JR East shareholding figure is printed because the 79 per cent in registry.py has no primary behind it [accessed 2026-09-10]",,,,"Tokyo Monorail Co., Ltd. (東京モノレール株式会社)"
Wenzhou,1,S1线,S1 Line,steel-wheel metro,"Urban rail transit, suburban rapid rail system, GB/T 44413-2024 Table 4 row 9",suburban/regional,18,False,98.2,116.0,50.8,4.52,13.3,published_interval_band_line,0.229,True,pass,pass,metropolitan (Tier B),designated 市域 / regional line,,"include as Tier B (metropolitan scope), report in sensitivity sample",,Amap topology match 2026-08-21,high,900000109349,"S1 operator, distinct from the S2 operator. operator English name is a descriptive translation, an official English name was not verified","GB/T 44413-2024 clause 5.1 and Table 2 for the system type and capacity class, reconciled against CAMET 2025 annual report table 3 per-city mode kilometres (china_metro/data calibration/camet2025_table3_mode_km.csv)",,,大运能 or 中运能 (GB/T Table 2 permits both),"Zhejiang Xingfu Rail Transit Operation Management Co., Ltd. (浙江幸福轨道交通运营管理有限公司)"
Wenzhou,2,S2线,S2 Line,steel-wheel metro,"Urban rail transit, suburban rapid rail system, GB/T 44413-2024 Table 4 row 9",suburban/regional,20,False,116.3,142.0,49.1,5.23,11.5,published_peak_offpeak_only,0.271,True,pass,pass,metropolitan (Tier B),designated 市域 / regional line,,"include as Tier B (metropolitan scope), report in sensitivity sample",,Amap topology match 2026-08-21,high,900000153401,"CAMET 2025: Wenzhou's two lines (116.83 km) are both 市域快轨. operator English name is a descriptive translation, an official English name was not verified","GB/T 44413-2024 clause 5.1 and Table 2 for the system type and capacity class, reconciled against CAMET 2025 annual report table 3 per-city mode kilometres (china_metro/data calibration/camet2025_table3_mode_km.csv)",,,大运能 or 中运能 (GB/T Table 2 permits both),"Wenzhou Railway and Rail Transit Investment Group Co., Ltd., Operations Branch (温州市铁路与轨道交通投资集团有限公司运营分公司)"
Wuhan,1,1号线,Line 1,steel-wheel metro,"Urban rail transit, metro system, GB/T 44413-2024 Table 4 row 1",urban,32,False,73.9,148.0,30.0,11.85,5.1,published_peak_offpeak_only,0.825,True,pass,pass,urban,speed proxy 30 km/h at or below 60,,include,,Amap topology match 2026-08-21,high,420100034364,"operating subsidiary of Wuhan Metro Group. operator English name is a descriptive translation, an official English name was not verified","GB/T 44413-2024 clause 5.1 and Table 2 for the system type and capacity class, reconciled against CAMET 2025 annual report table 3 per-city mode kilometres (china_metro/data calibration/camet2025_table3_mode_km.csv)",,,大运能 (>=3 万人次/h),"Wuhan Metro Operation Co., Ltd. (武汉地铁运营有限公司)"
Wuhan,2,2号线,Line 2,steel-wheel metro,"Urban rail transit, metro system, GB/T 44413-2024 Table 4 row 1",urban,38,False,108.1,206.0,31.5,12.99,4.6,published_peak_offpeak_only,0.827,True,pass,pass,urban,speed proxy 31 km/h at or below 60,,include,,Amap topology match 2026-08-21,high,420100024404,"operating subsidiary of Wuhan Metro Group. operator English name is a descriptive translation, an official English name was not verified","GB/T 44413-2024 clause 5.1 and Table 2 for the system type and capacity class, reconciled against CAMET 2025 annual report table 3 per-city mode kilometres (china_metro/data calibration/camet2025_table3_mode_km.csv)",,,大运能 (>=3 万人次/h),"Wuhan Metro Operation Co., Ltd. (武汉地铁运营有限公司)"
Wuhan,3,3号线,Line 3,steel-wheel metro,"Urban rail transit, metro system, GB/T 44413-2024 Table 4 row 1",urban,24,False,56.9,110.0,31.0,8.95,6.7,amap_interval_band,0.0,True,pass,pass,urban,speed proxy 31 km/h at or below 60,,include,,Amap topology match 2026-08-21,high,420100024331,"operating subsidiary of Wuhan Metro Group. operator English name is a descriptive translation, an official English name was not verified","GB/T 44413-2024 clause 5.1 and Table 2 for the system type and capacity class, reconciled against CAMET 2025 annual report table 3 per-city mode kilometres (china_metro/data calibration/camet2025_table3_mode_km.csv)",,,大运能 (>=3 万人次/h),"Wuhan Metro Operation Co., Ltd. (武汉地铁运营有限公司)"
Wuhan,4,4号线,Line 4,steel-wheel metro,"Urban rail transit, metro system, GB/T 44413-2024 Table 4 row 1",urban,37,False,95.8,170.0,33.8,12.41,4.8,published_peak_offpeak_only,0.941,True,pass,pass,urban,speed proxy 34 km/h at or below 60,,include,,Amap topology match 2026-08-21,high,420100034395,"operating subsidiary of Wuhan Metro Group. operator English name is a descriptive translation, an official English name was not verified","GB/T 44413-2024 clause 5.1 and Table 2 for the system type and capacity class, reconciled against CAMET 2025 annual report table 3 per-city mode kilometres (china_metro/data calibration/camet2025_table3_mode_km.csv)",,,大运能 (>=3 万人次/h),"Wuhan Metro Operation Co., Ltd. (武汉地铁运营有限公司)"
Wuhan,5,5号线,Line 5,steel-wheel metro,"Urban rail transit, metro system, GB/T 44413-2024 Table 4 row 1",urban,27,False,70.5,126.0,33.6,10.83,5.5,published_peak_offpeak_only,0.77,True,pass,pass,urban,speed proxy 34 km/h at or below 60,,include,,Amap topology match 2026-08-21,high,900000068659,"operating subsidiary of Wuhan Metro Group. operator English name is a descriptive translation, an official English name was not verified","GB/T 44413-2024 clause 5.1 and Table 2 for the system type and capacity class, reconciled against CAMET 2025 annual report table 3 per-city mode kilometres (china_metro/data calibration/camet2025_table3_mode_km.csv)",,,大运能 (>=3 万人次/h),"Wuhan Metro Operation Co., Ltd. (武汉地铁运营有限公司)"
Wuhan,6,7号线,Line 7,steel-wheel metro,"Urban rail transit, metro system, GB/T 44413-2024 Table 4 row 1",urban,37,False,158.6,234.3,40.6,8.98,6.7,published_peak_offpeak_only,0.941,True,pass,pass,urban,speed proxy 41 km/h at or below 60,,include,,Amap topology match 2026-08-21,high,900000044148,"operating subsidiary of Wuhan Metro Group. operator English name is a descriptive translation, an official English name was not verified","GB/T 44413-2024 clause 5.1 and Table 2 for the system type and capacity class, reconciled against CAMET 2025 annual report table 3 per-city mode kilometres (china_metro/data calibration/camet2025_table3_mode_km.csv)",,,大运能 (>=3 万人次/h),"Wuhan Metro Operation Co., Ltd. (武汉地铁运营有限公司)"
Wuhan,7,8号线,Line 8,steel-wheel metro,"Urban rail transit, metro system, GB/T 44413-2024 Table 4 row 1",urban,26,False,70.8,138.0,30.8,8.88,6.8,transcription_2025_unsourced,,True,pass,pass,urban,speed proxy 31 km/h at or below 60,,include,,Amap topology match 2026-08-21,high,900000044147,"operating subsidiary of Wuhan Metro Group. operator English name is a descriptive translation, an official English name was not verified","GB/T 44413-2024 clause 5.1 and Table 2 for the system type and capacity class, reconciled against CAMET 2025 annual report table 3 per-city mode kilometres (china_metro/data calibration/camet2025_table3_mode_km.csv)",,,大运能 (>=3 万人次/h),"Wuhan Metro Operation Co., Ltd. (武汉地铁运营有限公司)"
Wuhan,8,11号线,Line 11,steel-wheel metro,"Urban rail transit, metro system, GB/T 44413-2024 Table 4 row 1",urban,23,False,75.4,112.0,40.4,8.59,7.0,transcription_2025_unsourced,,True,pass,pass,urban,speed proxy 40 km/h at or below 60,,include,,Amap topology match 2026-08-21,high,900000073743,"operating subsidiary of Wuhan Metro Group. operator English name is a descriptive translation, an official English name was not verified","GB/T 44413-2024 clause 5.1 and Table 2 for the system type and capacity class, reconciled against CAMET 2025 annual report table 3 per-city mode kilometres (china_metro/data calibration/camet2025_table3_mode_km.csv)",,,大运能 (>=3 万人次/h),"Wuhan Metro Operation Co., Ltd. (武汉地铁运营有限公司)"
Wuhan,9,16号线,Line 16,steel-wheel metro,"Urban rail transit, metro system, GB/T 44413-2024 Table 4 row 1",urban,14,False,69.6,82.0,51.0,5.58,10.8,amap_interval_band,0.0,True,pass,pass,urban,speed proxy 51 km/h at or below 60,,include,,Amap topology match 2026-08-21,high,900000090803,"operating subsidiary of Wuhan Metro Group. operator English name is a descriptive translation, an official English name was not verified","GB/T 44413-2024 clause 5.1 and Table 2 for the system type and capacity class, reconciled against CAMET 2025 annual report table 3 per-city mode kilometres (china_metro/data calibration/camet2025_table3_mode_km.csv)",,,大运能 (>=3 万人次/h),"Wuhan Metro Operation Co., Ltd. (武汉地铁运营有限公司)"
Wuhan,10,19号线,Line 19,steel-wheel metro,"Urban rail transit, metro system, GB/T 44413-2024 Table 4 row 1",urban,7,False,39.8,42.0,56.9,5.7,10.5,amap_interval_band,0.0,True,pass,pass,urban,speed proxy 57 km/h at or below 60,,include,,Amap topology match 2026-08-21,high,900000115789,"operating subsidiary of Wuhan Metro Group. operator English name is a descriptive translation, an official English name was not verified","GB/T 44413-2024 clause 5.1 and Table 2 for the system type and capacity class, reconciled against CAMET 2025 annual report table 3 per-city mode kilometres (china_metro/data calibration/camet2025_table3_mode_km.csv)",,,大运能 (>=3 万人次/h),"Wuhan Metro Operation Co., Ltd. (武汉地铁运营有限公司)"
Wuhan,11,阳逻线,Yangluo line,steel-wheel metro,"Urban rail transit, metro system, GB/T 44413-2024 Table 4 row 1",urban,16,False,67.1,92.0,43.8,8.29,7.2,transcription_2025_unsourced,,True,pass,pass,urban,speed proxy 44 km/h at or below 60,,include,,Amap topology match 2026-08-21,medium,900000075739,"operating subsidiary of Wuhan Metro Group. operator English name is a descriptive translation, an official English name was not verified","GB/T 44413-2024 clause 5.1 and Table 2 for the system type and capacity class, reconciled against CAMET 2025 annual report table 3 per-city mode kilometres (china_metro/data calibration/camet2025_table3_mode_km.csv)",,,大运能 (>=3 万人次/h),"Wuhan Metro Operation Co., Ltd. (武汉地铁运营有限公司)"
Wuhan,12,6号线,Line 6,steel-wheel metro,"Urban rail transit, metro system, GB/T 44413-2024 Table 4 row 1",urban,32,False,81.1,146.0,33.3,7.36,8.1,published_peak_offpeak_only,0.942,True,pass,pass,urban,speed proxy 33 km/h at or below 60,,include,,Amap topology match 2026-08-21,high,420100024335,"operating subsidiary of Wuhan Metro Group. operator English name is a descriptive translation, an official English name was not verified","GB/T 44413-2024 clause 5.1 and Table 2 for the system type and capacity class, reconciled against CAMET 2025 annual report table 3 per-city mode kilometres (china_metro/data calibration/camet2025_table3_mode_km.csv)",,,大运能 (>=3 万人次/h),"Wuhan Metro Operation Co., Ltd. (武汉地铁运营有限公司)"
Wuhu,1,1号线,Line 1,straddle-beam monorail,"Urban rail transit, straddle monorail system, GB/T 44413-2024 Table 4 row 3",urban,25,False,56.9,144.0,23.7,5.29,11.3,published_peak_offpeak_only,0.746,True,pass,pass,urban,speed proxy 24 km/h at or below 60,,include,,Amap topology match 2026-08-21,high,900000075437,"PPP operating company for Lines 1 and 2. operator English name is a descriptive translation, an official English name was not verified","GB/T 44413-2024 clause 5.1 and Table 2 for the system type and capacity class, reconciled against CAMET 2025 annual report table 3 per-city mode kilometres (china_metro/data calibration/camet2025_table3_mode_km.csv)",,,中运能 (1 to <3 万人次/h),"Wuhu Yunda Rail Transit Construction and Operation Co., Ltd. (芜湖市运达轨道交通建设运营有限公司)"
Wuhu,2,2号线,Line 2,straddle-beam monorail,"Urban rail transit, straddle monorail system, GB/T 44413-2024 Table 4 row 3",urban,11,False,28.2,52.0,32.5,5.66,10.6,published_peak_offpeak_only,0.749,True,pass,pass,urban,speed proxy 33 km/h at or below 60,,include,,Amap topology match 2026-08-21,high,900000075459,"PPP operating company for Lines 1 and 2. operator English name is a descriptive translation, an official English name was not verified","GB/T 44413-2024 clause 5.1 and Table 2 for the system type and capacity class, reconciled against CAMET 2025 annual report table 3 per-city mode kilometres (china_metro/data calibration/camet2025_table3_mode_km.csv)",,,中运能 (1 to <3 万人次/h),"Wuhu Yunda Rail Transit Construction and Operation Co., Ltd. (芜湖市运达轨道交通建设运营有限公司)"
Wuxi,1,1号线 (含 S1线 贯通运营),Line 1 with through-running S1,steel-wheel metro,"Urban rail transit, metro system, GB/T 44413-2024 Table 4 row 1",urban,27,False,63.2,93.4,40.6,7.67,7.8,published_peak_offpeak_only,0.429,True,pass,pass,urban,speed proxy 41 km/h at or below 60,,include,,Amap topology match 2026-08-21 with manual override,high,320200021334,"the 10 S1 stations to Jiangyin sit inside this route; S1 opened 2024-01; CAMET 2025 counts S1 as Wuxi's one 市域快轨 line (30.40 km). operating subsidiary of Wuxi Metro Group. operator English name is a descriptive translation, an official English name was not verified","GB/T 44413-2024 clause 5.1 and Table 2 for the system type and capacity class, reconciled against CAMET 2025 annual report table 3 per-city mode kilometres (china_metro/data calibration/camet2025_table3_mode_km.csv)",,,大运能 (>=3 万人次/h),"Wuxi Metro Operation Co., Ltd. (无锡地铁运营有限公司)"
Wuxi,3,2号线,Line 2,steel-wheel metro,"Urban rail transit, metro system, GB/T 44413-2024 Table 4 row 1",urban,22,False,50.2,96.7,31.2,8.07,7.4,published_peak_offpeak_only,0.258,True,pass,pass,urban,speed proxy 31 km/h at or below 60,,include,,Amap topology match 2026-08-21,high,900000029089,"operating subsidiary of Wuxi Metro Group. operator English name is a descriptive translation, an official English name was not verified","GB/T 44413-2024 clause 5.1 and Table 2 for the system type and capacity class, reconciled against CAMET 2025 annual report table 3 per-city mode kilometres (china_metro/data calibration/camet2025_table3_mode_km.csv)",,,大运能 (>=3 万人次/h),"Wuxi Metro Operation Co., Ltd. (无锡地铁运营有限公司)"
Wuxi,4,3号线,Line 3,steel-wheel metro,"Urban rail transit, metro system, GB/T 44413-2024 Table 4 row 1",urban,21,False,52.5,72.0,43.7,6.53,9.2,published_peak_offpeak_only,0.287,True,pass,pass,urban,speed proxy 44 km/h at or below 60,,include,,Amap topology match 2026-08-21,high,320200021052,"operating subsidiary of Wuxi Metro Group. operator English name is a descriptive translation, an official English name was not verified","GB/T 44413-2024 clause 5.1 and Table 2 for the system type and capacity class, reconciled against CAMET 2025 annual report table 3 per-city mode kilometres (china_metro/data calibration/camet2025_table3_mode_km.csv)",,,大运能 (>=3 万人次/h),"Wuxi Metro Operation Co., Ltd. (无锡地铁运营有限公司)"
Wuxi,5,4号线,Line 4,steel-wheel metro,"Urban rail transit, metro system, GB/T 44413-2024 Table 4 row 1",urban,29,False,102.8,119.2,51.7,5.6,10.7,press_quoted_operator_notice,0.0,True,pass,pass,urban,speed proxy 52 km/h at or below 60,,include,,Amap topology match 2026-08-21,medium,900000062486,"operating subsidiary of Wuxi Metro Group. operator English name is a descriptive translation, an official English name was not verified","GB/T 44413-2024 clause 5.1 and Table 2 for the system type and capacity class, reconciled against CAMET 2025 annual report table 3 per-city mode kilometres (china_metro/data calibration/camet2025_table3_mode_km.csv)",,,大运能 (>=3 万人次/h),"Wuxi Metro Operation Co., Ltd. (无锡地铁运营有限公司)"
Xiamen,1,1号线,Line 1,steel-wheel metro,"Urban rail transit, metro system, GB/T 44413-2024 Table 4 row 1",urban,24,False,57.1,100.0,34.3,10.02,6.0,published_interval_band_line,0.233,True,pass,pass,urban,speed proxy 34 km/h at or below 60,,include,,Amap topology match 2026-08-21,high,900000055907,"the parent is now 厦门轨道建设发展集团有限公司. operator English name is a descriptive translation, an official English name was not verified","GB/T 44413-2024 clause 5.1 and Table 2 for the system type and capacity class, reconciled against CAMET 2025 annual report table 3 per-city mode kilometres (china_metro/data calibration/camet2025_table3_mode_km.csv)",,,大运能 (>=3 万人次/h),"Xiamen Metro Operation Co., Ltd. (厦门地铁运营有限公司)"
Xiamen,2,2号线,Line 2,steel-wheel metro,"Urban rail transit, metro system, GB/T 44413-2024 Table 4 row 1",urban,32,False,85.1,180.0,28.4,9.0,6.7,published_peak_offpeak_only,0.879,True,pass,pass,urban,speed proxy 28 km/h at or below 60,,include,,Amap topology match 2026-08-21,high,900000086855,"the parent is now 厦门轨道建设发展集团有限公司. operator English name is a descriptive translation, an official English name was not verified","GB/T 44413-2024 clause 5.1 and Table 2 for the system type and capacity class, reconciled against CAMET 2025 annual report table 3 per-city mode kilometres (china_metro/data calibration/camet2025_table3_mode_km.csv)",,,大运能 (>=3 万人次/h),"Xiamen Metro Operation Co., Ltd. (厦门地铁运营有限公司)"
Xiamen,3,3号线,Line 3,steel-wheel metro,"Urban rail transit, metro system, GB/T 44413-2024 Table 4 row 1",urban,21,False,50.0,84.0,35.7,5.95,10.1,published_interval_band_section,0.246,True,pass,pass,urban,speed proxy 36 km/h at or below 60,,include,,Amap topology match 2026-08-21,high,900000076914,"the parent is now 厦门轨道建设发展集团有限公司. operator English name is a descriptive translation, an official English name was not verified","GB/T 44413-2024 clause 5.1 and Table 2 for the system type and capacity class, reconciled against CAMET 2025 annual report table 3 per-city mode kilometres (china_metro/data calibration/camet2025_table3_mode_km.csv)",,,大运能 (>=3 万人次/h),"Xiamen Metro Operation Co., Ltd. (厦门地铁运营有限公司)"
Xian,1,1号线,Line 1,steel-wheel metro,"Urban rail transit, metro system, GB/T 44413-2024 Table 4 row 1",urban,30,False,81.5,140.0,34.9,10.2,5.9,published_peak_offpeak_only,0.886,True,pass,pass,urban,speed proxy 35 km/h at or below 60,,include,,Amap topology match 2026-08-21,high,610100020728,"operator English name is a descriptive translation, an official English name was not verified","GB/T 44413-2024 clause 5.1 and Table 2 for the system type and capacity class, reconciled against CAMET 2025 annual report table 3 per-city mode kilometres (china_metro/data calibration/camet2025_table3_mode_km.csv)",,,大运能 (>=3 万人次/h),"Xi'an Rail Transit Group Co., Ltd., Operations Branch (西安市轨道交通集团有限公司运营分公司)"
Xian,2,2号线,Line 2,steel-wheel metro,"Urban rail transit, metro system, GB/T 44413-2024 Table 4 row 1",urban,25,False,66.1,114.0,34.8,12.34,4.9,published_peak_offpeak_only,0.887,True,pass,pass,urban,speed proxy 35 km/h at or below 60,,include,,Amap topology match 2026-08-21,high,610100021499,"operator English name is a descriptive translation, an official English name was not verified","GB/T 44413-2024 clause 5.1 and Table 2 for the system type and capacity class, reconciled against CAMET 2025 annual report table 3 per-city mode kilometres (china_metro/data calibration/camet2025_table3_mode_km.csv)",,,大运能 (>=3 万人次/h),"Xi'an Rail Transit Group Co., Ltd., Operations Branch (西安市轨道交通集团有限公司运营分公司)"
Xian,3,3号线,Line 3,steel-wheel metro,"Urban rail transit, metro system, GB/T 44413-2024 Table 4 row 1",urban,26,False,72.3,120.0,36.2,12.0,5.0,published_peak_offpeak_only,0.883,True,pass,pass,urban,speed proxy 36 km/h at or below 60,,include,,Amap topology match 2026-08-21,high,610100020611,"operator English name is a descriptive translation, an official English name was not verified","GB/T 44413-2024 clause 5.1 and Table 2 for the system type and capacity class, reconciled against CAMET 2025 annual report table 3 per-city mode kilometres (china_metro/data calibration/camet2025_table3_mode_km.csv)",,,大运能 (>=3 万人次/h),"Xi'an Rail Transit Group Co., Ltd., Operations Branch (西安市轨道交通集团有限公司运营分公司)"
Xian,4,4号线,Line 4,steel-wheel metro,"Urban rail transit, metro system, GB/T 44413-2024 Table 4 row 1",urban,29,False,64.9,124.0,31.4,9.31,6.4,published_peak_offpeak_only,0.883,True,pass,pass,urban,speed proxy 31 km/h at or below 60,,include,,Amap topology match 2026-08-21,high,610100020613,"operator English name is a descriptive translation, an official English name was not verified","GB/T 44413-2024 clause 5.1 and Table 2 for the system type and capacity class, reconciled against CAMET 2025 annual report table 3 per-city mode kilometres (china_metro/data calibration/camet2025_table3_mode_km.csv)",,,大运能 (>=3 万人次/h),"Xi'an Rail Transit Group Co., Ltd., Operations Branch (西安市轨道交通集团有限公司运营分公司)"
Xian,5,5号线,Line 5,steel-wheel metro,"Urban rail transit, metro system, GB/T 44413-2024 Table 4 row 1",urban,34,False,85.0,156.0,32.7,6.98,8.6,published_peak_offpeak_only,0.883,True,pass,pass,urban,speed proxy 33 km/h at or below 60,,include,,Amap topology match 2026-08-21,high,900000074025,"operator English name is a descriptive translation, an official English name was not verified","GB/T 44413-2024 clause 5.1 and Table 2 for the system type and capacity class, reconciled against CAMET 2025 annual report table 3 per-city mode kilometres (china_metro/data calibration/camet2025_table3_mode_km.csv)",,,大运能 (>=3 万人次/h),"Xi'an Rail Transit Group Co., Ltd., Operations Branch (西安市轨道交通集团有限公司运营分公司)"
Xian,6,6号线,Line 6,steel-wheel metro,"Urban rail transit, metro system, GB/T 44413-2024 Table 4 row 1",urban,32,False,73.1,140.0,31.3,13.06,4.6,published_peak_offpeak_only,0.824,True,pass,pass,urban,speed proxy 31 km/h at or below 60,,include,,Amap topology match 2026-08-21,high,610100020621,"operator English name is a descriptive translation, an official English name was not verified","GB/T 44413-2024 clause 5.1 and Table 2 for the system type and capacity class, reconciled against CAMET 2025 annual report table 3 per-city mode kilometres (china_metro/data calibration/camet2025_table3_mode_km.csv)",,,大运能 (>=3 万人次/h),"Xi'an Rail Transit Group Co., Ltd., Operations Branch (西安市轨道交通集团有限公司运营分公司)"
Xian,7,8号(环)线, Line 8 (Loop Line),steel-wheel metro,"Urban rail transit, metro system, GB/T 44413-2024 Table 4 row 1",urban,37,True,94.9,180.0,31.6,10.56,5.7,published_peak_offpeak_only,0.887,True,pass,pass,urban,speed proxy 32 km/h at or below 60,,include,8,Amap topology match 2026-08-21,high,900000131714,"same line name as route(s) 8: direction copy, extension segment or fragment. operator English name is a descriptive translation, an official English name was not verified","GB/T 44413-2024 clause 5.1 and Table 2 for the system type and capacity class, reconciled against CAMET 2025 annual report table 3 per-city mode kilometres (china_metro/data calibration/camet2025_table3_mode_km.csv)",,,大运能 (>=3 万人次/h),"Xi'an Rail Transit Group Co., Ltd., Operations Branch (西安市轨道交通集团有限公司运营分公司)"
Xian,8,8号(环)线, Line 8 (Loop Line),steel-wheel metro,"Urban rail transit, metro system, GB/T 44413-2024 Table 4 row 1",urban,37,True,94.9,180.0,31.6,10.56,5.7,published_peak_offpeak_only,0.887,True,pass,pass,urban,speed proxy 32 km/h at or below 60,,include,7,Amap topology match 2026-08-21,high,900000131714,"same line name as route(s) 7: direction copy, extension segment or fragment. operator English name is a descriptive translation, an official English name was not verified","GB/T 44413-2024 clause 5.1 and Table 2 for the system type and capacity class, reconciled against CAMET 2025 annual report table 3 per-city mode kilometres (china_metro/data calibration/camet2025_table3_mode_km.csv)",,,大运能 (>=3 万人次/h),"Xi'an Rail Transit Group Co., Ltd., Operations Branch (西安市轨道交通集团有限公司运营分公司)"
Xian,9,9号线,Line 9,steel-wheel metro,"Urban rail transit, metro system, GB/T 44413-2024 Table 4 row 1",urban,15,False,47.0,74.0,38.1,7.36,8.2,published_peak_offpeak_only,0.875,True,pass,pass,urban,speed proxy 38 km/h at or below 60,,include,,Amap topology match 2026-08-21,high,900000074587,"China Railway joint venture responsible for investment, construction and operation. operator English name is a descriptive translation, an official English name was not verified","GB/T 44413-2024 clause 5.1 and Table 2 for the system type and capacity class, reconciled against CAMET 2025 annual report table 3 per-city mode kilometres (china_metro/data calibration/camet2025_table3_mode_km.csv)",,,大运能 (>=3 万人次/h),"Xi'an China Railway Rail Transit Co., Ltd. (西安中铁轨道交通有限公司)"
Xian,10,10号线,Line 10,steel-wheel metro,"Urban rail transit, metro system, GB/T 44413-2024 Table 4 row 1",urban,17,False,63.4,100.0,38.0,6.22,9.6,published_peak_offpeak_only,0.879,True,pass,pass,urban,speed proxy 38 km/h at or below 60,,include,,Amap topology match 2026-08-21,high,900000145392,"operator English name is a descriptive translation, an official English name was not verified","GB/T 44413-2024 clause 5.1 and Table 2 for the system type and capacity class, reconciled against CAMET 2025 annual report table 3 per-city mode kilometres (china_metro/data calibration/camet2025_table3_mode_km.csv)",,,大运能 (>=3 万人次/h),"Xi'an Rail Transit Group Co., Ltd., Operations Branch (西安市轨道交通集团有限公司运营分公司)"
Xian,14,14号线,Line 14,steel-wheel metro,"Urban rail transit, metro system, GB/T 44413-2024 Table 4 row 1",urban,18,False,75.8,105.7,43.0,6.07,9.9,published_peak_offpeak_only,0.879,True,pass,pass,urban,speed proxy 43 km/h at or below 60,,include,,Amap topology match 2026-08-21,high,900000076251,"operator English name is a descriptive translation, an official English name was not verified","GB/T 44413-2024 clause 5.1 and Table 2 for the system type and capacity class, reconciled against CAMET 2025 annual report table 3 per-city mode kilometres (china_metro/data calibration/camet2025_table3_mode_km.csv)",,,大运能 (>=3 万人次/h),"Xi'an Rail Transit Group Co., Ltd., Operations Branch (西安市轨道交通集团有限公司运营分公司)"
Xian,16,16号线,Line 16,steel-wheel metro,"Urban rail transit, metro system, GB/T 44413-2024 Table 4 row 1",urban,9,False,26.7,42.0,38.2,5.62,10.7,published_peak_offpeak_only,0.875,True,pass,pass,urban,speed proxy 38 km/h at or below 60,,include,,Amap topology match 2026-08-21,high,900000151628,"operator English name is a descriptive translation, an official English name was not verified","GB/T 44413-2024 clause 5.1 and Table 2 for the system type and capacity class, reconciled against CAMET 2025 annual report table 3 per-city mode kilometres (china_metro/data calibration/camet2025_table3_mode_km.csv)",,,大运能 (>=3 万人次/h),"Xi'an Rail Transit Group Co., Ltd., Operations Branch (西安市轨道交通集团有限公司运营分公司)"
Xian,17,西户线,Xi'an-Huxian Line,steel-wheel locomotive-hauled rail,"Urban rail transit, suburban rapid rail system, GB/T 44413-2024 Table 4 row 9",suburban/regional,2,False,49.1,50.0,58.9,6.13,9.8,published_peak_offpeak_only,0.884,False,fail,fail,metropolitan (Tier B),designated 市域 / regional line,,exclude,,Amap topology match 2026-08-21 with manual override,medium,900000074025,"西户线 excluded. Primary ground T1: the service is diesel locomotive-hauled, so it is not an electrically powered railway. Secondary ground T2: it runs on China National Railway Group infrastructure, dispatched by 中国铁路西安局集团, with 西安市轨道交通集团 holding the passenger-service right only, which is the ground on which Beijing S2 and the Shanghai Jinshan Railway are excluded. Removes 户县站; 阿房宫南 is retained as a Line 5 station.. passenger-side operator only. National railway staff take part in dispatch and train operation, the 2025 division of duties is not established. operator English name is a descriptive translation, an official English name was not verified","GB/T 44413-2024 clause 5.1 and Table 2 for the system type and capacity class, reconciled against CAMET 2025 annual report table 3 per-city mode kilometres (china_metro/data calibration/camet2025_table3_mode_km.csv)",,,大运能 or 中运能 (GB/T Table 2 permits both),"Xi'an Rail Transit Group Co., Ltd., Operations Branch (西安市轨道交通集团有限公司运营分公司)"
Xuzhou,1,1号线,Line 1,steel-wheel metro,"Urban rail transit, metro system, GB/T 44413-2024 Table 4 row 1",urban,18,False,40.9,78.0,31.4,6.82,8.8,published_interval_band_line,0.0,True,pass,pass,urban,speed proxy 31 km/h at or below 60,,include,,Amap topology match 2026-08-21,high,900000049063,"not the later 徐州轨道交通运营有限公司, established in August 2025. operator English name is a descriptive translation, an official English name was not verified","GB/T 44413-2024 clause 5.1 and Table 2 for the system type and capacity class, reconciled against CAMET 2025 annual report table 3 per-city mode kilometres (china_metro/data calibration/camet2025_table3_mode_km.csv)",,,大运能 (>=3 万人次/h),"Xuzhou Metro Operation Co., Ltd. (徐州地铁运营有限公司)"
Xuzhou,2,2号线,Line 2,steel-wheel metro,"Urban rail transit, metro system, GB/T 44413-2024 Table 4 row 1",urban,20,False,45.7,80.0,34.2,6.8,8.8,press_quoted_operator_notice,0.003,True,pass,pass,urban,speed proxy 34 km/h at or below 60,,include,,Amap topology match 2026-08-21,high,900000065741,"not the later 徐州轨道交通运营有限公司, established in August 2025. operator English name is a descriptive translation, an official English name was not verified","GB/T 44413-2024 clause 5.1 and Table 2 for the system type and capacity class, reconciled against CAMET 2025 annual report table 3 per-city mode kilometres (china_metro/data calibration/camet2025_table3_mode_km.csv)",,,大运能 (>=3 万人次/h),"Xuzhou Metro Operation Co., Ltd. (徐州地铁运营有限公司)"
Xuzhou,3,3号线,Line 3,steel-wheel metro,"Urban rail transit, metro system, GB/T 44413-2024 Table 4 row 1",urban,22,False,48.7,96.0,30.4,6.8,8.8,press_quoted_operator_notice,0.0,True,pass,pass,urban,speed proxy 30 km/h at or below 60,,include,,Amap topology match 2026-08-21,high,900000065739,"not the later 徐州轨道交通运营有限公司, established in August 2025. operator English name is a descriptive translation, an official English name was not verified","GB/T 44413-2024 clause 5.1 and Table 2 for the system type and capacity class, reconciled against CAMET 2025 annual report table 3 per-city mode kilometres (china_metro/data calibration/camet2025_table3_mode_km.csv)",,,大运能 (>=3 万人次/h),"Xuzhou Metro Operation Co., Ltd. (徐州地铁运营有限公司)"
Yokohama,1,ブルーライン (1・3号線),Blue Line (Lines 1 and 3),steel-wheel metro,Type I railway business under the Railway Business Act; urban rapid railway under the City Planning Act; MLIT subway undertaking,urban,32,False,75.8,140.2,32.4,8.11,7.4,gtfs_weekday_trips,,True,pass,pass,urban,speed proxy 32 km/h at or below 60,,include,,operator feed / hand-coded registry,exact,,DEFECT in the 2025 file: veh sums both directions (22.0 trains/h against 6.5 full-length plus short-turn trips per direction in the 2024-12-27 operator GTFS); v2 rebuilds veh and avg_wait from that feed (R6b),"Japan Subway Association (JAMETRO) 公営地下鉄一覧 and MLIT 地下鉄事業者 list, held at 'August - revision/How each country defines the metro/JP/JP.txt'. This roster covers the conventional municipal and Tokyo Metro subway undertakings ONLY and does not extend to the AGT and monorail lines, which carry their own operator sources",,,,"Transportation Bureau, City of Yokohama (横浜市交通局)"
Yokohama,2,グリーンライン (4号線),Green Line (Line 4),steel-wheel linear-motor metro,Type I railway business under the Railway Business Act; urban rapid railway under the City Planning Act; MLIT subway undertaking,urban,10,False,24.9,41.5,35.9,8.74,6.9,gtfs_weekday_trips,,True,pass,pass,urban,speed proxy 36 km/h at or below 60,,include,,operator feed / hand-coded registry,exact,,"DEFECT in the 2025 file: veh sums both directions (19.9 trains/h against 168 and 169 weekday trips per direction, 8.4 per hour, in the 2024-12-27 operator GTFS); v2 rebuilds veh and avg_wait from that feed (R6b)","Japan Subway Association (JAMETRO) 公営地下鉄一覧 and MLIT 地下鉄事業者 list, held at 'August - revision/How each country defines the metro/JP/JP.txt'. This roster covers the conventional municipal and Tokyo Metro subway undertakings ONLY and does not extend to the AGT and monorail lines, which carry their own operator sources",,,,"Transportation Bureau, City of Yokohama (横浜市交通局)"
Zhengzhou,1,1号线,Line 1,steel-wheel metro,"Urban rail transit, metro system, GB/T 44413-2024 Table 4 row 1",urban,30,False,77.1,146.0,31.7,9.49,6.3,amap_interval_band,0.0,True,pass,pass,urban,speed proxy 32 km/h at or below 60,,include,,Amap topology match 2026-08-21,high,410100022629,"the parent group was renamed 郑州交通发展投资集团有限公司, the branch kept this name through 2025. operator English name is a descriptive translation, an official English name was not verified","GB/T 44413-2024 clause 5.1 and Table 2 for the system type and capacity class, reconciled against CAMET 2025 annual report table 3 per-city mode kilometres (china_metro/data calibration/camet2025_table3_mode_km.csv)",,,大运能 (>=3 万人次/h),"Zhengzhou Metro Group Co., Ltd., Operations Branch (郑州地铁集团有限公司运营分公司)"
Zhengzhou,2,2号线,Line 2,steel-wheel metro,"Urban rail transit, metro system, GB/T 44413-2024 Table 4 row 1",urban,22,False,60.2,102.0,35.4,10.13,5.9,amap_interval_band,0.0,True,pass,pass,urban,speed proxy 35 km/h at or below 60,,include,,Amap topology match 2026-08-21,high,410100021064,"the parent group was renamed 郑州交通发展投资集团有限公司, the branch kept this name through 2025. operator English name is a descriptive translation, an official English name was not verified","GB/T 44413-2024 clause 5.1 and Table 2 for the system type and capacity class, reconciled against CAMET 2025 annual report table 3 per-city mode kilometres (china_metro/data calibration/camet2025_table3_mode_km.csv)",,,大运能 (>=3 万人次/h),"Zhengzhou Metro Group Co., Ltd., Operations Branch (郑州地铁集团有限公司运营分公司)"
Zhengzhou,3,3号线,Line 3,steel-wheel metro,"Urban rail transit, metro system, GB/T 44413-2024 Table 4 row 1",urban,25,False,60.1,98.0,36.8,8.26,7.3,press_quoted_operator_notice,0.172,True,pass,pass,urban,speed proxy 37 km/h at or below 60,,include,,Amap topology match 2026-08-21,high,900000075776,"CSCEC and Shenzhen Metro project company. operator English name is a descriptive translation, an official English name was not verified","GB/T 44413-2024 clause 5.1 and Table 2 for the system type and capacity class, reconciled against CAMET 2025 annual report table 3 per-city mode kilometres (china_metro/data calibration/camet2025_table3_mode_km.csv)",,,大运能 (>=3 万人次/h),"Zhengzhou CSCEC-Shenzhen Metro Rail Transit Co., Ltd. (郑州中建深铁轨道交通有限公司)"
Zhengzhou,4,4号线,Line 4,steel-wheel metro,"Urban rail transit, metro system, GB/T 44413-2024 Table 4 row 1",urban,27,False,55.9,108.0,31.1,4.31,13.9,amap_interval_band,0.0,True,pass,pass,urban,speed proxy 31 km/h at or below 60,,include,,Amap topology match 2026-08-21,high,900000075797,"the parent group was renamed 郑州交通发展投资集团有限公司, the branch kept this name through 2025. operator English name is a descriptive translation, an official English name was not verified","GB/T 44413-2024 clause 5.1 and Table 2 for the system type and capacity class, reconciled against CAMET 2025 annual report table 3 per-city mode kilometres (china_metro/data calibration/camet2025_table3_mode_km.csv)",,,大运能 (>=3 万人次/h),"Zhengzhou Metro Group Co., Ltd., Operations Branch (郑州地铁集团有限公司运营分公司)"
Zhengzhou,5,5号线,Line 5,steel-wheel metro,"Urban rail transit, metro system, GB/T 44413-2024 Table 4 row 1",urban,32,True,78.0,140.0,33.4,8.09,7.4,published_peak_offpeak_only,0.771,True,pass,pass,urban,speed proxy 33 km/h at or below 60,,include,6,Amap topology match 2026-08-21,high,900000058317,"same line name as route(s) 6: direction copy, extension segment or fragment. the parent group was renamed 郑州交通发展投资集团有限公司, the branch kept this name through 2025. operator English name is a descriptive translation, an official English name was not verified","GB/T 44413-2024 clause 5.1 and Table 2 for the system type and capacity class, reconciled against CAMET 2025 annual report table 3 per-city mode kilometres (china_metro/data calibration/camet2025_table3_mode_km.csv)",,,大运能 (>=3 万人次/h),"Zhengzhou Metro Group Co., Ltd., Operations Branch (郑州地铁集团有限公司运营分公司)"
Zhengzhou,6,5号线,Line 5,steel-wheel metro,"Urban rail transit, metro system, GB/T 44413-2024 Table 4 row 1",urban,32,True,78.0,140.0,33.4,8.09,7.4,published_peak_offpeak_only,0.771,True,pass,pass,urban,speed proxy 33 km/h at or below 60,,include,5,Amap topology match 2026-08-21,high,900000058317,"same line name as route(s) 5: direction copy, extension segment or fragment. the parent group was renamed 郑州交通发展投资集团有限公司, the branch kept this name through 2025. operator English name is a descriptive translation, an official English name was not verified","GB/T 44413-2024 clause 5.1 and Table 2 for the system type and capacity class, reconciled against CAMET 2025 annual report table 3 per-city mode kilometres (china_metro/data calibration/camet2025_table3_mode_km.csv)",,,大运能 (>=3 万人次/h),"Zhengzhou Metro Group Co., Ltd., Operations Branch (郑州地铁集团有限公司运营分公司)"
Zhengzhou,7,6号线,Line 6,steel-wheel metro,"Urban rail transit, metro system, GB/T 44413-2024 Table 4 row 1",urban,28,False,82.5,134.0,37.0,7.49,8.0,published_peak_offpeak_only,0.299,True,pass,pass,urban,speed proxy 37 km/h at or below 60,,include,,Amap topology match 2026-08-21,high,900000090761,"the parent group was renamed 郑州交通发展投资集团有限公司, the branch kept this name through 2025. operator English name is a descriptive translation, an official English name was not verified","GB/T 44413-2024 clause 5.1 and Table 2 for the system type and capacity class, reconciled against CAMET 2025 annual report table 3 per-city mode kilometres (china_metro/data calibration/camet2025_table3_mode_km.csv)",,,大运能 (>=3 万人次/h),"Zhengzhou Metro Group Co., Ltd., Operations Branch (郑州地铁集团有限公司运营分公司)"
Zhengzhou,8,7号线,Line 7,steel-wheel metro,"Urban rail transit, metro system, GB/T 44413-2024 Table 4 row 1",urban,21,False,57.3,98.0,35.1,7.12,8.4,published_peak_offpeak_only,0.304,True,pass,pass,urban,speed proxy 35 km/h at or below 60,,include,,Amap topology match 2026-08-21,high,900000080953,"the parent group was renamed 郑州交通发展投资集团有限公司, the branch kept this name through 2025. operator English name is a descriptive translation, an official English name was not verified","GB/T 44413-2024 clause 5.1 and Table 2 for the system type and capacity class, reconciled against CAMET 2025 annual report table 3 per-city mode kilometres (china_metro/data calibration/camet2025_table3_mode_km.csv)",,,大运能 (>=3 万人次/h),"Zhengzhou Metro Group Co., Ltd., Operations Branch (郑州地铁集团有限公司运营分公司)"
Zhengzhou,9,8号线,Line 8,steel-wheel metro,"Urban rail transit, metro system, GB/T 44413-2024 Table 4 row 1",urban,28,False,98.1,144.0,40.9,6.25,9.6,amap_interval_band,0.0,True,pass,pass,urban,speed proxy 41 km/h at or below 60,,include,,Amap topology match 2026-08-21,high,900000139439,"the parent group was renamed 郑州交通发展投资集团有限公司, the branch kept this name through 2025. operator English name is a descriptive translation, an official English name was not verified","GB/T 44413-2024 clause 5.1 and Table 2 for the system type and capacity class, reconciled against CAMET 2025 annual report table 3 per-city mode kilometres (china_metro/data calibration/camet2025_table3_mode_km.csv)",,,大运能 (>=3 万人次/h),"Zhengzhou Metro Group Co., Ltd., Operations Branch (郑州地铁集团有限公司运营分公司)"
Zhengzhou,10,12号线,Line 12,steel-wheel metro,"Urban rail transit, metro system, GB/T 44413-2024 Table 4 row 1",urban,11,False,31.7,40.0,47.6,4.54,13.2,amap_interval_band,0.0,True,pass,pass,urban,speed proxy 48 km/h at or below 60,,include,,Amap topology match 2026-08-21,high,900000150086,"the parent group was renamed 郑州交通发展投资集团有限公司, the branch kept this name through 2025. operator English name is a descriptive translation, an official English name was not verified","GB/T 44413-2024 clause 5.1 and Table 2 for the system type and capacity class, reconciled against CAMET 2025 annual report table 3 per-city mode kilometres (china_metro/data calibration/camet2025_table3_mode_km.csv)",,,大运能 (>=3 万人次/h),"Zhengzhou Metro Group Co., Ltd., Operations Branch (郑州地铁集团有限公司运营分公司)"
Zhengzhou,11,14号线,Line 14,steel-wheel metro,"Urban rail transit, metro system, GB/T 44413-2024 Table 4 row 1",urban,6,False,14.0,20.0,42.0,3.37,17.8,amap_interval_band,0.0,True,pass,pass,urban,speed proxy 42 km/h at or below 60,,include,,Amap topology match 2026-08-21,medium,900000104418,"the parent group was renamed 郑州交通发展投资集团有限公司, the branch kept this name through 2025. operator English name is a descriptive translation, an official English name was not verified","GB/T 44413-2024 clause 5.1 and Table 2 for the system type and capacity class, reconciled against CAMET 2025 annual report table 3 per-city mode kilometres (china_metro/data calibration/camet2025_table3_mode_km.csv)",,,大运能 (>=3 万人次/h),"Zhengzhou Metro Group Co., Ltd., Operations Branch (郑州地铁集团有限公司运营分公司)"
Zhengzhou,12,城郊线,Chengjiao Line,steel-wheel metro,"Urban rail transit, suburban rapid rail system, GB/T 44413-2024 Table 4 row 9",suburban/regional,19,False,75.0,98.0,45.9,3.37,17.8,published_peak_offpeak_only,0.743,True,pass,pass,metropolitan (Tier B),designated 市域 / regional line,,"include as Tier B (metropolitan scope), report in sensitivity sample",,Amap topology match 2026-08-21,high,900000060882,"the parent group was renamed 郑州交通发展投资集团有限公司, the branch kept this name through 2025. operator English name is a descriptive translation, an official English name was not verified","GB/T 44413-2024 clause 5.1 and Table 2 for the system type and capacity class, reconciled against CAMET 2025 annual report table 3 per-city mode kilometres (china_metro/data calibration/camet2025_table3_mode_km.csv)",,,大运能 or 中运能 (GB/T Table 2 permits both),"Zhengzhou Metro Group Co., Ltd., Operations Branch (郑州地铁集团有限公司运营分公司)"
Zhengzhou,13,郑许线,Zhengzhou-Xuchang Line,steel-wheel metro,"Urban rail transit, suburban rapid rail system, GB/T 44413-2024 Table 4 row 9",suburban/regional,27,False,128.6,146.0,52.9,3.58,16.7,published_interval_band_line,0.071,True,pass,pass,metropolitan (Tier B),designated 市域 / regional line,,"include as Tier B (metropolitan scope), report in sensitivity sample",,Amap topology match 2026-08-21,high,900000169198,"separate Zhengxu Line operating company. operator English name is a descriptive translation, an official English name was not verified","GB/T 44413-2024 clause 5.1 and Table 2 for the system type and capacity class, reconciled against CAMET 2025 annual report table 3 per-city mode kilometres (china_metro/data calibration/camet2025_table3_mode_km.csv)",,,大运能 or 中运能 (GB/T Table 2 permits both),"Henan Zhengxu Rail Transit Co., Ltd. (河南郑许轨道交通有限公司)"
Zhengzhou,14,10号线,Line 10,steel-wheel metro,"Urban rail transit, metro system, GB/T 44413-2024 Table 4 row 1",urban,12,False,41.8,56.0,44.8,5.85,10.3,amap_interval_band,0.0,True,pass,pass,urban,speed proxy 45 km/h at or below 60,,include,,Amap topology match 2026-08-21,high,900000090721,"the parent group was renamed 郑州交通发展投资集团有限公司, the branch kept this name through 2025. operator English name is a descriptive translation, an official English name was not verified","GB/T 44413-2024 clause 5.1 and Table 2 for the system type and capacity class, reconciled against CAMET 2025 annual report table 3 per-city mode kilometres (china_metro/data calibration/camet2025_table3_mode_km.csv)",,,大运能 (>=3 万人次/h),"Zhengzhou Metro Group Co., Ltd., Operations Branch (郑州地铁集团有限公司运营分公司)"
Ürümqi,1,1号线 / ئۈرۈمچى مېتروسى1- لىنىيە ,Line 1,steel-wheel metro,"Urban rail transit, metro system, GB/T 44413-2024 Table 4 row 1",urban,21,False,51.6,96.0,32.3,5.26,11.4,press_quoted_operator_notice,0.0,True,pass,pass,urban,speed proxy 32 km/h at or below 60,,include,,Amap topology match 2026-08-21,high,900000073875,"Operations Branch handles passenger services and train operation. operator English name is a descriptive translation, an official English name was not verified","GB/T 44413-2024 clause 5.1 and Table 2 for the system type and capacity class, reconciled against CAMET 2025 annual report table 3 per-city mode kilometres (china_metro/data calibration/camet2025_table3_mode_km.csv)",,,大运能 (>=3 万人次/h),"Ürümqi Urban Rail Group Co., Ltd., Operations Branch (乌鲁木齐城市轨道集团有限公司运营分公司)"
Ürümqi,2,机场捷运 / ئۈرۈمچى مېتروسى2- لىنىيە ,Airport MRT,steel-wheel metro,"Urban rail transit, metro system, GB/T 44413-2024 Table 4 row 1",urban,2,False,4.1,10.0,24.5,3.3,18.2,published_peak_offpeak_only,0.489,False,pass,pass,urban (proxy unreliable),speed proxy unreliable: fewer than 4 stations,,include,,Amap topology match 2026-08-21,high,900000215647,"Operations Branch handles passenger services and train operation. Airport MRT attribution rests on 2025 and 2026 Operations Branch tenders, not on an operating contract. operator English name is a descriptive translation, an official English name was not verified","GB/T 44413-2024 clause 5.1 and Table 2 for the system type and capacity class, reconciled against CAMET 2025 annual report table 3 per-city mode kilometres (china_metro/data calibration/camet2025_table3_mode_km.csv)",,,大运能 (>=3 万人次/h),"Ürümqi Urban Rail Group Co., Ltd., Operations Branch (乌鲁木齐城市轨道集团有限公司运营分公司)"
