city,country/region,route_id,Line name (English),n_stations,data source,basis,trains_per_hour,headway_min,published_peak_headway_min,published_offpeak_headway_min,constant_fill_share,newest_source_date,oldest_source_date,read_on,source_types,amap_record_ids,urls,n_urls
Beijing,Mainland China,1,Line 1–Batong Line,37,operator_timetable_departures,departures counted hour by hour on the operator's station timetables,13.16,4.6,2.0,8.571,0.0,2026-05-15,2026-05-15,2026-08-23,operator_timetable_page,,https://eos-beijing-2.cmecloud.cn/app-dtstatic/%E5%85%AB%E9%80%9A%E7%BA%BF-%E7%8E%AF%E7%90%83%E5%BA%A6%E5%81%87%E5%8C%BA%E7%AB%99-%E8%8B%B9%E6%9E%9C%E5%9B%AD%E7%AB%99%E6%96%B9%E5%90%91-%E5%B7%A5%E4%BD%9C%E6%97%A5.jpg | https://eos-beijing-2.cmecloud.cn/app-dtstatic/1%E5%8F%B7%E7%BA%BF-%E8%8B%B9%E6%9E%9C%E5%9B%AD%E7%AB%99-%E7%8E%AF%E7%90%83%E5%BA%A6%E5%81%87%E5%8C%BA%E7%AB%99%E6%96%B9%E5%90%91-%E5%B7%A5%E4%BD%9C%E6%97%A5.jpg,2
Beijing,Mainland China,2,Line 2,18,inherited_from_trunk,inherited from the trunk route of the same line,10.87,5.5,3.158,8.571,0.0,2026-07-15,2026-07-15,2026-08-23,operator_timetable_page,,https://eos-beijing-2.cmecloud.cn/app-dtstatic/2%E5%8F%B7%E7%BA%BF-%E8%A5%BF%E7%9B%B4%E9%97%A8%E7%AB%99-%E8%BD%A6%E5%85%AC%E5%BA%84%E7%AB%99%E6%96%B9%E5%90%91-%E5%B7%A5%E4%BD%9C%E6%97%A5.jpg | https://eos-beijing-2.cmecloud.cn/app-dtstatic/2%E5%8F%B7%E7%BA%BF-%E8%BD%A6%E5%85%AC%E5%BA%84%E7%AB%99-%E8%A5%BF%E7%9B%B4%E9%97%A8%E7%AB%99%E6%96%B9%E5%90%91-%E5%B7%A5%E4%BD%9C%E6%97%A5.jpg,2
Beijing,Mainland China,3,Line 2,18,inherited_from_trunk,inherited from the trunk route of the same line,10.87,5.5,3.158,8.571,0.0,2026-07-15,2026-07-15,2026-08-23,operator_timetable_page,,https://eos-beijing-2.cmecloud.cn/app-dtstatic/2%E5%8F%B7%E7%BA%BF-%E8%A5%BF%E7%9B%B4%E9%97%A8%E7%AB%99-%E8%BD%A6%E5%85%AC%E5%BA%84%E7%AB%99%E6%96%B9%E5%90%91-%E5%B7%A5%E4%BD%9C%E6%97%A5.jpg | https://eos-beijing-2.cmecloud.cn/app-dtstatic/2%E5%8F%B7%E7%BA%BF-%E8%BD%A6%E5%85%AC%E5%BA%84%E7%AB%99-%E8%A5%BF%E7%9B%B4%E9%97%A8%E7%AB%99%E6%96%B9%E5%90%91-%E5%B7%A5%E4%BD%9C%E6%97%A5.jpg,2
Beijing,Mainland China,4,Line 4–Daxing Line,35,operator_timetable_departures,departures counted hour by hour on the operator's station timetables,13.99,4.3,1.717,7.667,0.0,2026-05-28,2013-03-16,2026-08-23,operator_timetable_page; operator_web,,https://www.mtr.bj.cn/service/line/station/5d5a1958b1ea0278b8fffd7f.html | https://www.mtr.bj.cn/service/line/station/5d5a18eeb1ea0278b8fffd5d.html | https://www.mtr.bj.cn/article/5d67b7f80fa1a0bbdccc720f.html,3
Beijing,Mainland China,5,Line 5,23,operator_timetable_departures,departures counted hour by hour on the operator's station timetables,13.97,4.3,2.143,8.571,0.0,2026-07-15,2026-07-15,2026-08-23,operator_timetable_page,,https://eos-beijing-2.cmecloud.cn/app-dtstatic/5%E5%8F%B7%E7%BA%BF-%E5%A4%A9%E9%80%9A%E8%8B%91%E5%8C%97%E7%AB%99-%E5%AE%8B%E5%AE%B6%E5%BA%84%E7%AB%99%E6%96%B9%E5%90%91-%E5%B7%A5%E4%BD%9C%E6%97%A5.jpg | https://eos-beijing-2.cmecloud.cn/app-dtstatic/5%E5%8F%B7%E7%BA%BF-%E5%AE%8B%E5%AE%B6%E5%BA%84%E7%AB%99-%E5%A4%A9%E9%80%9A%E8%8B%91%E5%8C%97%E7%AB%99%E6%96%B9%E5%90%91-%E5%B7%A5%E4%BD%9C%E6%97%A5.jpg,2
Beijing,Mainland China,6,Line 7,30,operator_timetable_departures,departures counted hour by hour on the operator's station timetables,8.63,7.0,3.0,10.0,0.0,2026-05-20,2026-05-20,2026-08-23,operator_timetable_page,,https://eos-beijing-2.cmecloud.cn/app-dtstatic/7%E5%8F%B7%E7%BA%BF-%E5%8C%97%E4%BA%AC%E8%A5%BF%E7%AB%99-%E7%8E%AF%E7%90%83%E5%BA%A6%E5%81%87%E5%8C%BA%E7%AB%99%E6%96%B9%E5%90%91-%E5%B7%A5%E4%BD%9C%E6%97%A5.jpg | https://eos-beijing-2.cmecloud.cn/app-dtstatic/7%E5%8F%B7%E7%BA%BF-%E7%8E%AF%E7%90%83%E5%BA%A6%E5%81%87%E5%8C%BA%E7%AB%99-%E5%8C%97%E4%BA%AC%E8%A5%BF%E7%AB%99%E6%96%B9%E5%90%91-%E5%B7%A5%E4%BD%9C%E6%97%A5.jpg,2
Beijing,Mainland China,7,Line 8,35,operator_timetable_departures,departures counted hour by hour on the operator's station timetables,10.82,5.5,2.0,10.0,0.0,2026-05-06,2026-04-29,2026-08-23,operator_timetable_page,,https://eos-beijing-2.cmecloud.cn/app-dtstatic/8%E5%8F%B7%E7%BA%BF-%E7%80%9B%E6%B5%B7%E7%AB%99-%E6%9C%B1%E8%BE%9B%E5%BA%84%E7%AB%99%E6%96%B9%E5%90%91-%E5%B7%A5%E4%BD%9C%E6%97%A5.jpg | https://eos-beijing-2.cmecloud.cn/app-dtstatic/8%E5%8F%B7%E7%BA%BF-%E6%9C%B1%E8%BE%9B%E5%BA%84%E7%AB%99-%E7%80%9B%E6%B5%B7%E7%AB%99%E6%96%B9%E5%90%91-%E5%B7%A5%E4%BD%9C%E6%97%A5.jpg,2
Beijing,Mainland China,8,Line 9,13,operator_timetable_departures,departures counted hour by hour on the operator's station timetables,11.95,5.0,2.727,7.5,0.0,2026-06-11,2026-06-11,2026-08-23,operator_timetable_page,,https://eos-beijing-2.cmecloud.cn/app-dtstatic/9%E5%8F%B7%E7%BA%BF-%E5%9B%BD%E5%AE%B6%E5%9B%BE%E4%B9%A6%E9%A6%86%E7%AB%99-%E9%83%AD%E5%85%AC%E5%BA%84%E7%AB%99%E3%80%81%E9%98%8E%E6%9D%91%E4%B8%9C%E7%AB%99%E6%96%B9%E5%90%91-%E5%B7%A5%E4%BD%9C%E6%97%A5.jpg | https://eos-beijing-2.cmecloud.cn/app-dtstatic/9%E5%8F%B7%E7%BA%BF-%E9%83%AD%E5%85%AC%E5%BA%84%E7%AB%99-%E5%9B%BD%E5%AE%B6%E5%9B%BE%E4%B9%A6%E9%A6%86%E7%AB%99%E6%96%B9%E5%90%91-%E5%B7%A5%E4%BD%9C%E6%97%A5.jpg,2
Beijing,Mainland China,9,Line 10,45,inherited_from_trunk,inherited from the trunk route of the same line,17.39,3.4,2.105,6.75,0.0,2026-05-27,2026-05-27,2026-08-23,operator_timetable_page,,https://eos-beijing-2.cmecloud.cn/app-dtstatic/10%E5%8F%B7%E7%BA%BF-%E5%B7%B4%E6%B2%9F%E7%AB%99-%E7%81%AB%E5%99%A8%E8%90%A5%E7%AB%99%E6%96%B9%E5%90%91-%E5%B7%A5%E4%BD%9C%E6%97%A5.jpg | https://eos-beijing-2.cmecloud.cn/app-dtstatic/10%E5%8F%B7%E7%BA%BF-%E7%81%AB%E5%99%A8%E8%90%A5%E7%AB%99-%E5%B7%B4%E6%B2%9F%E7%AB%99%E6%96%B9%E5%90%91-%E5%B7%A5%E4%BD%9C%E6%97%A5.jpg,2
Beijing,Mainland China,10,Line 10,45,inherited_from_trunk,inherited from the trunk route of the same line,17.39,3.4,2.105,6.75,0.0,2026-05-27,2026-05-27,2026-08-23,operator_timetable_page,,https://eos-beijing-2.cmecloud.cn/app-dtstatic/10%E5%8F%B7%E7%BA%BF-%E5%B7%B4%E6%B2%9F%E7%AB%99-%E7%81%AB%E5%99%A8%E8%90%A5%E7%AB%99%E6%96%B9%E5%90%91-%E5%B7%A5%E4%BD%9C%E6%97%A5.jpg | https://eos-beijing-2.cmecloud.cn/app-dtstatic/10%E5%8F%B7%E7%BA%BF-%E7%81%AB%E5%99%A8%E8%90%A5%E7%AB%99-%E5%B7%B4%E6%B2%9F%E7%AB%99%E6%96%B9%E5%90%91-%E5%B7%A5%E4%BD%9C%E6%97%A5.jpg,2
Beijing,Mainland China,11,Line 11,4,operator_timetable_departures,departures counted hour by hour on the operator's station timetables,5.63,10.7,7.333,10.0,0.0,2026-04-29,2026-04-29,2026-08-23,operator_timetable_page,,https://eos-beijing-2.cmecloud.cn/app-dtstatic/11%E5%8F%B7%E7%BA%BF-%E6%96%B0%E9%A6%96%E9%92%A2%E7%AB%99-%E6%A8%A1%E5%BC%8F%E5%8F%A3%E7%AB%99%E6%96%B9%E5%90%91-%E5%B7%A5%E4%BD%9C%E6%97%A5.jpg | https://eos-beijing-2.cmecloud.cn/app-dtstatic/11%E5%8F%B7%E7%BA%BF-%E6%A8%A1%E5%BC%8F%E5%8F%A3%E7%AB%99-%E6%96%B0%E9%A6%96%E9%92%A2%E7%AB%99%E6%96%B9%E5%90%91-%E5%B7%A5%E4%BD%9C%E6%97%A5.jpg,2
Beijing,Mainland China,12,Line 12,20,operator_timetable_departures,departures counted hour by hour on the operator's station timetables,9.34,6.4,3.75,7.5,0.0,2026-05-09,2024-12-14,2026-08-23,operator_timetable_page; press_quoted_operator_notice,,https://eos-beijing-2.cmecloud.cn/app-dtstatic/12%E5%8F%B7%E7%BA%BF-%E5%9B%9B%E5%AD%A3%E9%9D%92%E6%A1%A5%E7%AB%99-%E4%B8%9C%E5%9D%9D%E5%8C%97%E7%AB%99%E6%96%B9%E5%90%91-%E5%B7%A5%E4%BD%9C%E6%97%A5.jpg | https://eos-beijing-2.cmecloud.cn/app-dtstatic/12%E5%8F%B7%E7%BA%BF-%E4%B8%9C%E5%9D%9D%E5%8C%97%E7%AB%99-%E5%9B%9B%E5%AD%A3%E9%9D%92%E6%A1%A5%E7%AB%99%E6%96%B9%E5%90%91-%E5%B7%A5%E4%BD%9C%E6%97%A5.jpg | https://xinwen.bjd.com.cn/content/s675cfa93e4b000299bad5f08.html,3
Beijing,Mainland China,13,Line 13,17,operator_timetable_departures,departures counted hour by hour on the operator's station timetables,9.16,6.6,3.333,9.167,0.0,2026-05-27,2026-05-27,2026-08-23,operator_timetable_page,,https://eos-beijing-2.cmecloud.cn/app-dtstatic/13%E5%8F%B7%E7%BA%BF-%E4%B8%9C%E7%9B%B4%E9%97%A8%E7%AB%99-%E8%A5%BF%E7%9B%B4%E9%97%A8%E7%AB%99%E6%96%B9%E5%90%91-%E5%B7%A5%E4%BD%9C%E6%97%A5.jpg | https://eos-beijing-2.cmecloud.cn/app-dtstatic/13%E5%8F%B7%E7%BA%BF-%E8%A5%BF%E7%9B%B4%E9%97%A8%E7%AB%99-%E4%B8%9C%E7%9B%B4%E9%97%A8%E7%AB%99%E6%96%B9%E5%90%91-%E5%B7%A5%E4%BD%9C%E6%97%A5.jpg,2
Beijing,Mainland China,14,Line 14,36,operator_timetable_departures,departures counted hour by hour on the operator's station timetables,9.74,6.2,3.0,8.6,0.0,2026-05-28,2026-05-28,2026-08-23,operator_timetable_page,,https://www.mtr.bj.cn/service/line/station/5d5a13a4b1ea0278b8fffd04.html | https://www.mtr.bj.cn/service/line/station/5d5a13a4b1ea0278b8fffcfd.html,2
Beijing,Mainland China,15,Line 15,20,operator_timetable_departures,departures counted hour by hour on the operator's station timetables,10.0,6.0,2.727,9.0,0.0,2026-04-29,2026-04-29,2026-08-23,operator_timetable_page,,https://eos-beijing-2.cmecloud.cn/app-dtstatic/15%E5%8F%B7%E7%BA%BF-%E4%BF%B8%E4%BC%AF%E7%AB%99-%E6%B8%85%E5%8D%8E%E4%B8%9C%E8%B7%AF%E8%A5%BF%E5%8F%A3%E7%AB%99%E6%96%B9%E5%90%91-%E5%B7%A5%E4%BD%9C%E6%97%A5.jpg | https://eos-beijing-2.cmecloud.cn/app-dtstatic/15%E5%8F%B7%E7%BA%BF-%E6%B8%85%E5%8D%8E%E4%B8%9C%E8%B7%AF%E8%A5%BF%E5%8F%A3%E7%AB%99-%E4%BF%B8%E4%BC%AF%E7%AB%99%E6%96%B9%E5%90%91-%E5%B7%A5%E4%BD%9C%E6%97%A5.jpg,2
Beijing,Mainland China,16,Line 16,30,operator_timetable_departures,departures counted hour by hour on the operator's station timetables,7.53,8.0,6.0,10.0,0.0,2026-05-28,2026-05-28,2026-08-23,operator_timetable_page,,https://www.mtr.bj.cn/service/line/station/5d5a1291b1ea0278b8fffcfc.html | https://www.mtr.bj.cn/service/line/station/65895a3af7181b5a64729e2f.html,2
Beijing,Mainland China,17,Line 19,10,operator_timetable_departures,departures counted hour by hour on the operator's station timetables,10.24,5.9,3.75,8.333,0.0,2024-08-08,2024-08-08,2026-08-23,operator_timetable_page,,https://www.bii.com.cn/file/2024/08/08/1723130709277.jpg | https://www.bii.com.cn/file/2024/08/08/1723131212275.jpg,2
Beijing,Mainland China,18,Daxing Airport Express,3,operator_timetable_departures,departures counted hour by hour on the operator's station timetables,5.76,10.4,2.0,10.0,0.0,2026-02-06,2026-02-06,2026-08-23,operator_timetable_page,,https://www.bii.com.cn/file/2026/02/06/1770363725395.jpg | https://www.bii.com.cn/file/2026/02/06/1770363436197.jpg,2
Beijing,Mainland China,19,Changping Line,20,operator_timetable_departures,departures counted hour by hour on the operator's station timetables,11.24,5.3,2.308,10.0,0.0,2026-04-29,2026-04-29,2026-08-23,operator_timetable_page,,https://eos-beijing-2.cmecloud.cn/app-dtstatic/%E6%98%8C%E5%B9%B3%E7%BA%BF-%E6%98%8C%E5%B9%B3%E8%A5%BF%E5%B1%B1%E5%8F%A3%E7%AB%99-%E8%93%9F%E9%97%A8%E6%A1%A5%E7%AB%99%E6%96%B9%E5%90%91-%E5%B7%A5%E4%BD%9C%E6%97%A5.jpg | https://eos-beijing-2.cmecloud.cn/app-dtstatic/%E6%98%8C%E5%B9%B3%E7%BA%BF-%E8%93%9F%E9%97%A8%E6%A1%A5%E7%AB%99-%E6%98%8C%E5%B9%B3%E8%A5%BF%E5%B1%B1%E5%8F%A3%E7%AB%99%E6%96%B9%E5%90%91-%E5%B7%A5%E4%BD%9C%E6%97%A5.jpg,2
Beijing,Mainland China,20,Fangshan Line,16,operator_timetable_departures,departures counted hour by hour on the operator's station timetables,9.71,6.2,2.222,10.0,0.0,2026-06-11,2026-06-11,2026-08-23,operator_timetable_page,,https://eos-beijing-2.cmecloud.cn/app-dtstatic/%E6%88%BF%E5%B1%B1%E7%BA%BF-%E4%B8%9C%E7%AE%A1%E5%A4%B4%E5%8D%97%E7%AB%99-%E9%98%8E%E6%9D%91%E4%B8%9C%E7%AB%99%E6%96%B9%E5%90%91-%E5%B7%A5%E4%BD%9C%E6%97%A5.jpg | https://eos-beijing-2.cmecloud.cn/app-dtstatic/%E6%88%BF%E5%B1%B1%E7%BA%BF-%E9%98%8E%E6%9D%91%E4%B8%9C%E7%AB%99-%E4%B8%9C%E7%AE%A1%E5%A4%B4%E5%8D%97%E7%AB%99%E3%80%81%E5%9B%BD%E5%AE%B6%E5%9B%BE%E4%B9%A6%E9%A6%86%E7%AB%99%E6%96%B9%E5%90%91-%E5%B7%A5%E4%BD%9C%E6%97%A5.jpg,2
Beijing,Mainland China,21,Yizhuang Line,14,operator_timetable_departures,departures counted hour by hour on the operator's station timetables,7.5,8.0,1.0,10.0,0.0,2026-05-14,2026-05-14,2026-08-23,operator_timetable_page,,https://eos-beijing-2.cmecloud.cn/app-dtstatic/%E4%BA%A6%E5%BA%84%E7%BA%BF-%E4%BA%A6%E5%BA%84%E7%81%AB%E8%BD%A6%E7%AB%99-%E5%AE%8B%E5%AE%B6%E5%BA%84%E7%AB%99%E6%96%B9%E5%90%91-%E5%B7%A5%E4%BD%9C%E6%97%A5.jpg | https://eos-beijing-2.cmecloud.cn/app-dtstatic/%E4%BA%A6%E5%BA%84%E7%BA%BF-%E5%AE%8B%E5%AE%B6%E5%BA%84%E7%AB%99-%E4%BA%A6%E5%BA%84%E7%81%AB%E8%BD%A6%E7%AB%99%E6%96%B9%E5%90%91-%E5%B7%A5%E4%BD%9C%E6%97%A5.jpg,2
Beijing,Mainland China,22,Capital Airport Express,5,operator_timetable_departures,departures counted hour by hour on the operator's station timetables,4.63,13.0,4.0,12.0,0.0,2026-06-29,2026-06-29,2026-08-23,operator_timetable_page,,https://eos-beijing-2.cmecloud.cn/app-dtstatic/%E9%A6%96%E9%83%BD%E6%9C%BA%E5%9C%BA%E7%BA%BF-2%E5%8F%B7%E8%88%AA%E7%AB%99%E6%A5%BC%E7%AB%99-%E5%8C%97%E6%96%B0%E6%A1%A5%E6%96%B9%E5%90%91.jpg | https://eos-beijing-2.cmecloud.cn/app-dtstatic/%E9%A6%96%E9%83%BD%E6%9C%BA%E5%9C%BA%E7%BA%BF-%E5%8C%97%E6%96%B0%E6%A1%A5%E7%AB%99-%E9%A6%96%E9%83%BD%E6%9C%BA%E5%9C%BA%E6%96%B9%E5%90%91.jpg,2
Beijing,Mainland China,24,Yanfang Line,9,published_interval_band_section,"operator statement, interval bands per section",7.67,7.8,5.0,9.333,0.0,2026-07-05,2025-02-28,2026-08-23,operator_timetable_page; operator_web,,https://www.bii.com.cn/file/2026/07/05/1783265011957.png | https://www.bii.com.cn/file/2026/07/05/1783265156288.png | https://www.bjmoa.cn/newsInfo_7663.html,3
Beijing,Mainland China,25,S1 Line (maglev),8,operator_timetable_departures,departures counted hour by hour on the operator's station timetables,6.74,8.9,5.0,12.0,0.0,2026-04-29,2026-04-29,2026-08-23,operator_timetable_page,,https://eos-beijing-2.cmecloud.cn/app-dtstatic/S1%E7%BA%BF-%E7%9F%B3%E5%8E%82%E7%AB%99-%E8%8B%B9%E6%9E%9C%E5%9B%AD%E7%AB%99%E6%96%B9%E5%90%91-%E5%B7%A5%E4%BD%9C%E6%97%A5.jpg | https://eos-beijing-2.cmecloud.cn/app-dtstatic/S1%E7%BA%BF-%E8%8B%B9%E6%9E%9C%E5%9B%AD%E7%AB%99-%E7%9F%B3%E5%8E%82%E7%AB%99%E6%96%B9%E5%90%91-%E5%B7%A5%E4%BD%9C%E6%97%A5.jpg,2
Beijing,Mainland China,27,Line 17,7,operator_timetable_departures,departures counted hour by hour on the operator's station timetables,7.24,8.3,6.0,8.667,0.0,2026-05-28,2025-10-15,2026-08-23,operator_timetable_page; operator_web,,https://www.mtr.bj.cn/service/line/station/61ce491bb0972c463ee519cb.html | https://www.mtr.bj.cn/service/line/station/6583d8e211244c4ae1b3a2c2.html | https://cdnwww.mtr.bj.cn/bjmtr/attachments/v8-alLoWXpFc2QWDjPw4P.pdf,3
Beijing,Mainland China,28,Line 17,9,operator_timetable_departures,departures counted hour by hour on the operator's station timetables,7.24,8.3,6.0,8.667,0.0,2026-05-28,2025-10-15,2026-08-23,operator_timetable_page; operator_web,,https://www.mtr.bj.cn/service/line/station/61ce491bb0972c463ee519cb.html | https://www.mtr.bj.cn/service/line/station/6583d8e211244c4ae1b3a2c2.html | https://cdnwww.mtr.bj.cn/bjmtr/attachments/v8-alLoWXpFc2QWDjPw4P.pdf,3
Beijing,Mainland China,29,Line 6,34,operator_timetable_departures,departures counted hour by hour on the operator's station timetables,10.66,5.6,2.143,12.5,0.0,2026-06-29,2026-06-29,2026-08-23,operator_timetable_page,,https://eos-beijing-2.cmecloud.cn/app-dtstatic/6%E5%8F%B7%E7%BA%BF-%E6%BD%9E%E9%98%B3%E7%AB%99-%E9%87%91%E5%AE%89%E6%A1%A5%E7%AB%99%E6%96%B9%E5%90%91-%E5%B7%A5%E4%BD%9C%E6%97%A5.jpg | https://eos-beijing-2.cmecloud.cn/app-dtstatic/6%E5%8F%B7%E7%BA%BF-%E9%87%91%E5%AE%89%E6%A1%A5%E7%AB%99-%E6%BD%9E%E9%98%B3%E7%AB%99%E6%96%B9%E5%90%91-%E5%B7%A5%E4%BD%9C%E6%97%A5.jpg,2
Beijing,Mainland China,30,Line 3,10,operator_timetable_departures,departures counted hour by hour on the operator's station timetables,9.79,6.1,3.75,8.333,0.0,2026-07-17,2024-12-14,2026-08-23,operator_timetable_page; press_quoted_operator_notice,,https://eos-beijing-2.cmecloud.cn/app-dtstatic/3%E5%8F%B7%E7%BA%BF-%E4%B8%9C%E5%9B%9B%E5%8D%81%E6%9D%A1%E7%AB%99-%E4%B8%9C%E5%9D%9D%E5%8C%97%E7%AB%99%E6%96%B9%E5%90%91-%E5%B7%A5%E4%BD%9C%E6%97%A5.jpg | https://eos-beijing-2.cmecloud.cn/app-dtstatic/3%E5%8F%B7%E7%BA%BF-%E4%B8%9C%E5%9D%9D%E5%8C%97%E7%AB%99-%E4%B8%9C%E5%9B%9B%E5%8D%81%E6%9D%A1%E7%AB%99%E6%96%B9%E5%90%91-%E5%B7%A5%E4%BD%9C%E6%97%A5.jpg | https://xinwen.bjd.com.cn/content/s675cfa93e4b000299bad5f08.html,3
Busan,South Korea,1,Line 1,40,gtfs_weekday_trips,weekday trips counted in the GTFS feed,9.32,6.4,,,,,,,,,,0
Busan,South Korea,2,Line 2,43,gtfs_weekday_trips,weekday trips counted in the GTFS feed,8.84,6.8,,,,,,,,,,0
Busan,South Korea,3,Line 3,17,gtfs_weekday_trips,weekday trips counted in the GTFS feed,8.37,7.2,,,,,,,,,,0
Busan,South Korea,4,Line 4,14,gtfs_weekday_trips,weekday trips counted in the GTFS feed,8.05,7.5,,,,,,,,,,0
Busan,South Korea,5,Busan-Gimhae Light Rail Transit,21,gtfs_weekday_trips,weekday trips counted in the GTFS feed,10.37,5.8,,,,,,,,,,0
Changchun,Mainland China,1,Line 1,15,press_quoted_operator_notice,press or government relay quoting the operator's notice,8.89,6.7,5.0,6.0,0.0,2020-04-02,2020-04-02,2026-08-23,press_quoted_operator_notice,,https://m.cc.bendibao.com/traffic/47870.shtm,1
Changchun,Mainland China,2,Line 4,21,press_quoted_operator_notice,press or government relay quoting the operator's notice,7.46,8.0,5.5,6.5,0.0,2020-04-02,2020-04-02,2026-08-23,press_quoted_operator_notice,,https://m.cc.bendibao.com/traffic/47870.shtm,1
Changchun,Mainland China,3,Line 6,22,press_quoted_operator_notice,press or government relay quoting the operator's notice,8.25,7.3,5.0,7.0,0.0,2024-06-07,2024-06-07,2026-08-23,press_quoted_operator_notice,,https://m.cc.bendibao.com/traffic/64306.shtm,1
Changchun,Mainland China,4,Line 8,12,press_quoted_operator_notice,press or government relay quoting the operator's notice,4.89,12.3,8.0,10.0,0.0,2021-01-07,2020-04-02,2026-08-23,press_quoted_operator_notice,,https://jl.ifeng.com/c/82o543UcdzL | https://m.cc.bendibao.com/traffic/47870.shtm,2
Changchun,Mainland China,5,Line 3,34,press_quoted_operator_notice,press or government relay quoting the operator's notice,8.25,7.3,5.0,6.0,0.0,2020-04-02,2020-04-02,2026-08-23,press_quoted_operator_notice,,https://m.cc.bendibao.com/traffic/47870.shtm,1
Changchun,Mainland China,6,Line 2,21,press_quoted_operator_notice,press or government relay quoting the operator's notice,8.5,7.1,5.0,6.0,0.0,2020-04-02,2020-04-02,2026-08-23,press_quoted_operator_notice,,https://m.cc.bendibao.com/traffic/47870.shtm,1
Changsha,Mainland China,1,Line 1,25,published_peak_offpeak_only,"operator statement, peak (and off-peak) values only, remainder filled by the bounded 2025 constant",8.48,7.1,4.583,6.617,0.404,2020-04-02,2020-04-02,2026-08-23,press_quoted_operator_notice,,https://m.cc.bendibao.com/traffic/47870.shtm,1
Changsha,Mainland China,2,Line 2,23,published_peak_offpeak_only,"operator statement, peak (and off-peak) values only, remainder filled by the bounded 2025 constant",10.03,6.0,3.65,6.073,0.763,2020-04-02,2020-04-02,2026-08-23,press_quoted_operator_notice,,https://m.cc.bendibao.com/traffic/47870.shtm,1
Changsha,Mainland China,3,Line 3,33,published_peak_offpeak_only,"operator statement, peak (and off-peak) values only, remainder filled by the bounded 2025 constant",6.62,9.1,6.483,8.104,0.88,2020-04-02,2020-04-02,2026-08-23,press_quoted_operator_notice,,https://m.cc.bendibao.com/traffic/47870.shtm,1
Changsha,Mainland China,4,Line 4,25,published_peak_offpeak_only,"operator statement, peak (and off-peak) values only, remainder filled by the bounded 2025 constant",7.25,8.3,4.0,7.742,0.853,2020-04-02,2020-04-02,2026-08-23,press_quoted_operator_notice,,https://m.cc.bendibao.com/traffic/47870.shtm,1
Changsha,Mainland China,5,Line 5,18,published_peak_offpeak_only,"operator statement, peak (and off-peak) values only, remainder filled by the bounded 2025 constant",6.58,9.1,6.283,8.368,0.881,2020-04-02,2020-04-02,2026-08-23,press_quoted_operator_notice,,https://m.cc.bendibao.com/traffic/47870.shtm,1
Changsha,Mainland China,6,Line 6,34,inherited_from_trunk,inherited from the trunk route of the same line,7.15,8.4,4.183,7.742,0.015,2020-04-02,2020-04-02,2026-08-23,press_quoted_operator_notice,,https://m.cc.bendibao.com/traffic/47870.shtm,1
Changsha,Mainland China,7, Changsha Maglev Express / Line S2,3,published_peak_offpeak_only,"operator statement, peak (and off-peak) values only, remainder filled by the bounded 2025 constant",5.89,10.2,5.467,10.0,0.882,2020-04-02,2020-04-02,2026-08-23,press_quoted_operator_notice,,https://m.cc.bendibao.com/traffic/47870.shtm,1
Changzhou,Mainland China,1,Line 1,29,published_peak_offpeak_only,"operator statement, peak (and off-peak) values only, remainder filled by the bounded 2025 constant",6.79,8.8,6.0,7.762,0.744,2020-04-02,2020-04-02,2026-08-23,press_quoted_operator_notice,,https://m.cc.bendibao.com/traffic/47870.shtm,1
Changzhou,Mainland China,2,Line 2,15,published_peak_offpeak_only,"operator statement, peak (and off-peak) values only, remainder filled by the bounded 2025 constant",7.05,8.5,6.0,7.722,0.752,2020-04-02,2020-04-02,2026-08-23,press_quoted_operator_notice,,https://m.cc.bendibao.com/traffic/47870.shtm,1
Chengdu,Mainland China,1,Line 2,32,transcription_2025_unsourced,"2025 constant, no source",12.0,5.0,5.0,5.0,,,,,,,,0
Chengdu,Mainland China,2, Ziyang Line / Line S3,7,press_quoted_operator_notice,press or government relay quoting the operator's notice,3.18,18.8,15.0,20.0,0.011,2024-09-26,2024-09-26,2026-09-02,press_quoted_operator_notice,,https://www.sina.cn/news/detail/5082799712769244.html,1
Chengdu,Mainland China,3,Line 3,37,transcription_2025_unsourced,"2025 constant, no source",10.0,6.0,6.0,6.0,,,,,,,,0
Chengdu,Mainland China,4,Line 4,30,transcription_2025_unsourced,"2025 constant, no source",10.0,6.0,6.0,6.0,,,,,,,,0
Chengdu,Mainland China,5,Line 5,41,transcription_2025_unsourced,"2025 constant, no source",10.0,6.0,6.0,6.0,,,,,,,,0
Chengdu,Mainland China,6,Line 6,56,transcription_2025_unsourced,"2025 constant, no source",7.5,8.0,8.0,8.0,,,,,,,,0
Chengdu,Mainland China,7,Line 7,31,transcription_2025_unsourced,"2025 constant, no source",6.67,9.0,8.996,8.996,,,,,,,,0
Chengdu,Mainland China,8,Line 7,31,transcription_2025_unsourced,"2025 constant, no source",6.67,9.0,8.996,8.996,,,,,,,,0
Chengdu,Mainland China,9,Line 8,32,transcription_2025_unsourced,"2025 constant, no source",7.5,8.0,8.0,8.0,,,,,,,,0
Chengdu,Mainland China,10,Line 9,13,amap_interval_band,"Amap interval bands (undated, passed the acceptance test)",8.22,7.3,4.0,8.0,0.0,,,2026-09-06,amap_busline_timedesc,900000075807|900000075808,https://restapi.amap.com/v3/bus/linename?keywords=地铁9号线&city=<city>&extensions=all,1
Chengdu,Mainland China,11,Line 10,16,transcription_2025_unsourced,"2025 constant, no source",7.0,8.6,8.571,8.571,,,,,,,,0
Chengdu,Mainland China,12,Line 27,23,transcription_2025_unsourced,"2025 constant, no source",8.0,7.5,7.5,7.5,,,,,,,,0
Chengdu,Mainland China,13,Line 1,33,published_peak_offpeak_only,"operator statement, peak (and off-peak) values only, remainder filled by the bounded 2025 constant",15.66,3.8,2.0,3.75,0.883,2025-04-24,2025-04-24,2026-08-23,press_quoted_operator_notice,,https://news.cctv.cn/2025/04/24/ARTI2agzpRosSjVlDL8MU2c3250424.shtml,1
Chengdu,Mainland China,14,Line 1,3,published_peak_offpeak_only,"operator statement, peak (and off-peak) values only, remainder filled by the bounded 2025 constant",15.73,3.8,2.0,3.75,0.883,2025-04-24,2025-04-24,2026-08-23,press_quoted_operator_notice,,https://news.cctv.cn/2025/04/24/ARTI2agzpRosSjVlDL8MU2c3250424.shtml,1
Chengdu,Mainland China,15,Line 17,3,transcription_2025_unsourced,"2025 constant, no source",8.0,7.5,7.5,7.5,,,,,,,,0
Chengdu,Mainland China,16,Line 18,12,published_peak_offpeak_only,"operator statement, peak (and off-peak) values only, remainder filled by the bounded 2025 constant",9.8,6.1,3.917,7.25,0.308,2023-03-26,2023-03-26,2026-09-02,press_quoted_operator_notice,,https://sichuan.scol.com.cn/ggxw/202303/58838696.html,1
Chengdu,Mainland China,17,Line 19,18,published_peak_offpeak_only,"operator statement, peak (and off-peak) values only, remainder filled by the bounded 2025 constant",10.96,5.5,3.0,6.0,0.767,2023-11-28,2023-11-28,2026-09-02,press_quoted_operator_notice,,http://sc.people.com.cn/n2/2023/1128/c345167-40657810.html,1
Chengdu,Mainland China,18,Line 18,5,press_quoted_operator_notice,press or government relay quoting the operator's notice,8.77,6.8,3.917,8.416,0.0,2023-03-26,2023-03-26,2026-09-02,press_quoted_operator_notice,,https://sichuan.scol.com.cn/ggxw/202303/58838696.html,1
Chongqing,Mainland China,1,Line 1,25,published_peak_offpeak_only,"operator statement, peak (and off-peak) values only, remainder filled by the bounded 2025 constant",14.34,4.2,3.0,3.846,0.759,2020-01-13,2020-01-13,2026-09-02,government_relay,,http://cq.gov.cn/ywdt/bmts/202001/t20200113_8655466.html,1
Chongqing,Mainland China,2,Line 2,25,inherited_from_trunk,inherited from the trunk route of the same line,5.38,11.2,9.75,9.75,0.22,2020-03-27,2020-03-27,2026-09-02,government_relay,,http://www.ddknews.gov.cn/ddk_Content/2020-03/27/content_4650847.htm,1
Chongqing,Mainland China,3, Konggang line (branch line of line 3),7,amap_interval_band,"Amap interval bands (undated, passed the acceptance test)",5.05,11.9,10.0,10.0,0.0,,,2026-09-06,amap_busline_timedesc,900000067948,https://restapi.amap.com/v3/bus/linename?keywords=轨道交通3号线(空港线)&city=<city>&extensions=all,1
Chongqing,Mainland China,4,Line 3,39,published_peak_offpeak_only,"operator statement, peak (and off-peak) values only, remainder filled by the bounded 2025 constant",17.8,3.4,2.5,3.158,0.702,2015-01-30,2015-01-30,2026-08-23,press_quoted_operator_notice,,http://politics.people.com.cn/n/2015/0130/c70731-26479868.html,1
Chongqing,Mainland China,5,Line 5,32,published_peak_offpeak_only,"operator statement, peak (and off-peak) values only, remainder filled by the bounded 2025 constant",7.47,8.0,4.5,5.66,0.884,2024-11-27,2024-11-27,2026-08-23,government_relay,,http://www.cq.gov.cn/ywdt/bmts/202411/t20241127_13837623.html,1
Chongqing,Mainland China,6,Line 6,28,published_peak_offpeak_only,"operator statement, peak (and off-peak) values only, remainder filled by the bounded 2025 constant",14.52,4.1,3.167,3.704,0.761,2021-05-27,2021-05-27,2026-09-02,government_relay,,http://cq.gov.cn/ywdt/bmts/202105/t20210527_9335105.html,1
Chongqing,Mainland China,7,Line 9,31,published_peak_offpeak_only,"operator statement, peak (and off-peak) values only, remainder filled by the bounded 2025 constant",8.3,7.2,6.0,6.667,0.766,2023-02-01,2022-10-26,2026-09-02,government_relay,,https://www.cq.gov.cn/ywdt/bmts/202302/t20230201_11556089.html | http://www.cq.gov.cn/ywdt/jrcq/202210/t20221026_11227247.html,2
Chongqing,Mainland China,8,Line 10,27,published_peak_offpeak_only,"operator statement, peak (and off-peak) values only, remainder filled by the bounded 2025 constant",7.11,8.4,6.5,7.5,0.758,2023-11-29,2023-02-17,2026-09-02,government_relay; press_quoted_operator_notice,,https://cq.cnr.cn/xwsd/20231129/t20231129_526502759.shtml | https://www.cq.gov.cn/ywdt/bmts/202302/t20230217_11620275.html,2
Chongqing,Mainland China,9,Line 18,19,published_interval_band_line,"operator statement, interval bands for the whole line",7.55,8.0,5.0,8.0,0.0,2024-06-30,2024-06-30,2026-08-23,government_relay,,https://www.cq.gov.cn/zwgk/zfxxgkml/zdlyxxgk/jt/jtzx/202406/t20240630_13335005.html,1
Chongqing,Mainland China,10,Bishan-Tongliang Line,9,published_average_interval,"operator statement, one average interval",2.58,23.2,18.0,18.0,0.0,2025-01-03,2025-01-03,2026-08-23,government_relay,,https://www.cq.gov.cn/ywdt/jrcq/202501/t20250103_14043422_app.html,1
Chongqing,Mainland China,11, International Expo line (Branch line of line 6) ,13,published_peak_offpeak_only,"operator statement, peak (and off-peak) values only, remainder filled by the bounded 2025 constant",4.4,13.6,10.0,13.5,0.401,2023-09-01,2023-05-18,2026-09-02,press_quoted_operator_notice,,https://epaper.cqcb.com/html/202309/01/content_427553.html | https://cq.ifeng.com/c/8PrjghxVKxu,2
Chongqing,Mainland China,12,Loop line,33,press_quoted_operator_notice,press or government relay quoting the operator's notice,7.75,7.7,4.5,6.0,0.223,2022-03-08,2022-03-08,2026-09-02,press_quoted_operator_notice,,https://www.jiemian.com/article/7183241.html,1
Chongqing,Mainland China,13,Loop line,37,press_quoted_operator_notice,press or government relay quoting the operator's notice,7.75,7.7,4.5,6.0,0.221,2022-03-08,2022-03-08,2026-09-02,press_quoted_operator_notice,,https://www.jiemian.com/article/7183241.html,1
Chongqing,Mainland China,15,Jiangjin-Tiaodeng Line,7,published_interval_band_line,"operator statement, interval bands for the whole line",3.52,17.1,10.0,15.0,0.124,2022-08-04,2022-08-04,2026-09-02,government_relay,,https://www.cq.gov.cn/zwgk/zfxxgkml/hygq/202208/t20220804_10978248.html,1
Chongqing,Mainland China,17,Line 4,24,published_average_interval,"operator statement, one average interval",4.11,14.6,10.0,10.0,0.0,2022-06-20,2022-06-20,2026-09-02,government_relay,,https://www.cq.gov.cn/zwgk/zfxxgkzl/fdzdgknr/zdxm/dtxx/202206/t20220620_10831327.html,1
Daegu,South Korea,1,Line 1,32,gtfs_weekday_trips,weekday trips counted in the GTFS feed,7.74,7.8,,,,,,,,,,0
Daegu,South Korea,2,Line 2,29,gtfs_weekday_trips,weekday trips counted in the GTFS feed,7.74,7.8,,,,,,,,,,0
Daegu,South Korea,3,Line 3,30,gtfs_weekday_trips,weekday trips counted in the GTFS feed,8.21,7.3,,,,,,,,,,0
Dalian,Mainland China,1,Line 1,22,published_peak_offpeak_only,"operator statement, peak (and off-peak) values only, remainder filled by the bounded 2025 constant",8.23,7.3,4.0,6.186,0.934,2023-04-16,2023-04-16,2026-08-23,press_quoted_operator_notice,,https://www.thepaper.cn/newsDetail_forward_22725320,1
Dalian,Mainland China,2,Line 2,29,published_peak_offpeak_only,"operator statement, peak (and off-peak) values only, remainder filled by the bounded 2025 constant",8.98,6.7,3.5,11.0,0.83,2023-04-16,2023-04-16,2026-08-23,press_quoted_operator_notice,,https://www.thepaper.cn/newsDetail_forward_22725320,1
Dalian,Mainland China,3,Line 3 branch,7,press_quoted_operator_notice,press or government relay quoting the operator's notice,3.55,16.9,10.0,15.0,0.156,2021-12-28,2021-12-28,2026-08-23,press_quoted_operator_notice,,https://dalian.runsky.com/2021-12/28/content_6170453.html,1
Dalian,Mainland China,4,Line 3 (快轨3号线),13,published_peak_offpeak_only,"operator statement, peak (and off-peak) values only, remainder filled by the bounded 2025 constant",4.11,14.6,5.941,20.0,0.35,2024-08-31,2024-08-31,2026-08-23,operator_web,,https://www.dltransgrp.com/subway/subwayShow.do?newsId=c2831d76535741d79833c653e9db21bb,1
Dalian,Mainland China,5,Line 5,18,published_peak_offpeak_only,"operator statement, peak (and off-peak) values only, remainder filled by the bounded 2025 constant",6.48,9.3,4.5,10.0,0.273,2023-03-25,2023-03-25,2026-09-02,government_relay,,https://news.qq.com/rain/a/20230325A01XHQ00,1
Dalian,Mainland China,6,Line 12,8,published_peak_offpeak_only,"operator statement, peak (and off-peak) values only, remainder filled by the bounded 2025 constant",3.53,17.0,13.0,13.043,0.595,2023-04-21,2023-04-21,2026-08-23,press_quoted_operator_notice,,https://m.gmw.cn/2023-04/21/content_1303350694.htm,1
Dalian,Mainland China,7,Line 13,12,transcription_2025_unsourced,"2025 constant, no source",4.3,14.0,13.953,13.953,,,,,,,,0
Dongguan,Mainland China,1,Line 2,15,press_quoted_operator_notice,press or government relay quoting the operator's notice,7.04,8.5,6.0,9.0,0.0,2021-05-07,2021-05-07,2026-08-23,press_quoted_operator_notice,,https://pub.timedg.com/a/2021-05/07/AP60e970b1e4b04c831916259a.html,1
Foshan,Mainland China,1,Foshan Line 2,17,published_interval_band_line,"operator statement, interval bands for the whole line",6.19,9.7,5.75,12.0,0.045,2025-05-16,2021-12-25,2026-08-23,government_relay; press_quoted_operator_notice,,https://ipaper.oeeee.com/ipaper/A/html/2025-05/16/content_4995.htm | https://www.gz.gov.cn/zt/qltjygadwqjsxsdzgzlfzdf/mtjj/content/post_7986666.html,2
Foshan,Mainland China,2, Guangfo Line (Foshan section from Xinchengdong to Jushu),17,published_peak_offpeak_only,"operator statement, peak (and off-peak) values only, remainder filled by the bounded 2025 constant",9.56,6.3,5.0,5.825,0.764,2011-07-07,2011-07-07,2026-08-23,operator_web,,https://www.fmetro.net/xwzx/gsdt/content_962,1
Foshan,Mainland China,3,Line 3,26,press_quoted_operator_notice,press or government relay quoting the operator's notice,6.07,9.9,5.917,12.667,0.045,2025-05-22,2025-05-22,2026-09-02,press_quoted_operator_notice,,https://web.archive.org/web/20250522123005/https://www.nfnews.com/content/LozBvxzLon.html,1
Fukuoka,Japan,1,Kuko (Airport) Line,13,gtfs_weekday_trips,weekday trips counted in the GTFS feed,9.32,6.4,,,,,,,,,,0
Fukuoka,Japan,2,Hakozaki Line,7,gtfs_weekday_trips,weekday trips counted in the GTFS feed,6.84,8.8,,,,,,,,,,0
Fukuoka,Japan,3,Nanakuma Line,18,gtfs_weekday_trips,weekday trips counted in the GTFS feed,8.84,6.8,,,,,,,,,,0
Fuzhou,Mainland China,1,Line 1,25,published_interval_band_line,"operator statement, interval bands for the whole line",8.48,7.1,4.5,6.833,0.083,2023-08-22,2023-01-06,2026-08-23,operator_wechat; press_quoted_operator_notice,,https://www.sohu.com/a/714011839_121106994 | https://mp.weixin.qq.com/s/svCu-QQHXL8ZM3nscl8EPA,2
Fuzhou,Mainland China,2,Line 2,22,published_interval_band_line,"operator statement, interval bands for the whole line",8.51,7.1,4.5,6.833,0.0,2023-08-22,2023-01-06,2026-08-23,operator_wechat; press_quoted_operator_notice,,https://www.sohu.com/a/714011839_121106994 | https://mp.weixin.qq.com/s/svCu-QQHXL8ZM3nscl8EPA,2
Fuzhou,Mainland China,3,Line 4,23,press_quoted_operator_notice,press or government relay quoting the operator's notice,8.07,7.4,5.5,6.833,0.0,2024-04-28,2024-04-28,2026-08-23,press_quoted_operator_notice,,https://www.clnews.com.cn/html/3/20240428/662df95412374.shtml,1
Fuzhou,Mainland China,4,Line 5,20,press_quoted_operator_notice,press or government relay quoting the operator's notice,6.97,8.6,6.833,7.833,0.0,2024-04-28,2024-04-28,2026-08-23,press_quoted_operator_notice,,https://www.clnews.com.cn/html/3/20240428/662df95412374.shtml,1
Fuzhou,Mainland China,5,Line 6,14,published_interval_band_line,"operator statement, interval bands for the whole line",5.31,11.3,7.833,9.333,0.0,2023-01-06,2023-01-06,2026-08-23,operator_wechat,,https://mp.weixin.qq.com/s/svCu-QQHXL8ZM3nscl8EPA,1
Guangzhou,Mainland China,1,Line 1,16,transcription_2025_unsourced,"2025 constant, no source",12.0,5.0,5.0,5.0,,,,,,,,0
Guangzhou,Mainland China,2,Line 2,24,published_peak_offpeak_only,"operator statement, peak (and off-peak) values only, remainder filled by the bounded 2025 constant",13.43,4.5,2.233,4.286,0.886,2019-12-15,2019-12-15,2026-09-02,press_quoted_operator_notice,,https://pc.nfnews.com/38/2896248.html,1
Guangzhou,Mainland China,3,Line 3,29,inherited_from_trunk,inherited from the trunk route of the same line,12.6,4.8,3.0,7.0,0.0,,,2026-09-06,amap_busline_timedesc,440100023033|440100023034,https://restapi.amap.com/v3/bus/linename?keywords=地铁3号线&city=<city>&extensions=all,1
Guangzhou,Mainland China,4,Line 4,24,published_peak_offpeak_only,"operator statement, peak (and off-peak) values only, remainder filled by the bounded 2025 constant",13.02,4.6,2.333,4.666,0.884,2021-10-13,2021-10-13,2026-09-02,press_quoted_operator_notice,,https://static.nfnews.com/content/202110/13/c5829379.html,1
Guangzhou,Mainland China,5,Line 5,30,transcription_2025_unsourced,"2025 constant, no source",13.0,4.6,4.615,4.615,,,,,,,,0
Guangzhou,Mainland China,6,Line 6,32,amap_interval_band,"Amap interval bands (undated, passed the acceptance test)",7.43,8.1,4.0,8.0,0.0,,,2026-09-06,amap_busline_timedesc,440100023053|440100023054,https://restapi.amap.com/v3/bus/linename?keywords=地铁6号线&city=<city>&extensions=all,1
Guangzhou,Mainland China,7,Line 7,28,published_peak_offpeak_only,"operator statement, peak (and off-peak) values only, remainder filled by the bounded 2025 constant",9.33,6.4,5.317,6.0,0.827,2023-12-28,2023-12-28,2026-09-02,government_relay,,https://www.gz.gov.cn/zwfw/zxfw/jtfw/content/post_9409437.html,1
Guangzhou,Mainland China,8,Line 8,28,published_peak_offpeak_only,"operator statement, peak (and off-peak) values only, remainder filled by the bounded 2025 constant",11.27,5.3,3.333,5.455,0.768,2020-10-16,2020-10-16,2026-09-02,government_relay,,https://www.gz.gov.cn/zwfw/zxfw/content/post_6849729.html,1
Guangzhou,Mainland China,9,Line 9,11,amap_interval_band,"Amap interval bands (undated, passed the acceptance test)",8.21,7.3,4.0,8.0,0.0,,,2026-09-06,amap_busline_timedesc,900000043839|900000043871,https://restapi.amap.com/v3/bus/linename?keywords=地铁9号线&city=<city>&extensions=all,1
Guangzhou,Mainland China,10,Line 10,21,published_peak_offpeak_only,"operator statement, peak (and off-peak) values only, remainder filled by the bounded 2025 constant",8.41,7.1,4.0,8.0,0.404,2025-06-27,2025-06-27,2026-09-02,press_quoted_operator_notice,,https://news.dayoo.com/guangzhou/202506/27/139995_54841304.htm,1
Guangzhou,Mainland China,11,Line 11,31,published_interval_band_line,"operator statement, interval bands for the whole line",7.86,7.6,5.35,7.5,0.0,2025-09-29,2024-12-20,2026-09-02,government_relay,,https://www.gz.gov.cn/zwfw/zxfw/jtfw/content/post_10466308.html | https://www.gz.gov.cn/zwfw/zxfw/jtfw/content/post_10035640.html,2
Guangzhou,Mainland China,12,Line 11,31,published_interval_band_line,"operator statement, interval bands for the whole line",7.86,7.6,5.35,7.5,0.0,2025-09-29,2024-12-20,2026-09-02,government_relay,,https://www.gz.gov.cn/zwfw/zxfw/jtfw/content/post_10466308.html | https://www.gz.gov.cn/zwfw/zxfw/jtfw/content/post_10035640.html,2
Guangzhou,Mainland China,13,Line 12,9,published_peak_offpeak_only,"operator statement, peak (and off-peak) values only, remainder filled by the bounded 2025 constant",8.3,7.2,6.5,6.667,0.538,2025-06-13,2025-06-13,2026-09-02,government_relay,,https://www.gz.gov.cn/zwfw/zxfw/jtfw/content/post_10308536.html,1
Guangzhou,Mainland China,14,Line 12,8,transcription_2025_unsourced,"2025 constant, no source",9.0,6.7,6.667,6.667,,,,,,,,0
Guangzhou,Mainland China,15,"Line 3, Tianhe branch (Tiyu Xilu–Tianhe Coach Terminal)",6,amap_interval_band,"Amap interval bands (undated, passed the acceptance test)",12.63,4.8,3.0,7.0,0.0,,,2026-09-06,amap_busline_timedesc,440100023033|440100023034,https://restapi.amap.com/v3/bus/linename?keywords=地铁3号线&city=<city>&extensions=all,1
Guangzhou,Mainland China,16,Line 14,13,published_peak_offpeak_only,"operator statement, peak (and off-peak) values only, remainder filled by the bounded 2025 constant",6.79,8.8,4.75,8.571,0.441,2024-05-20,2024-05-20,2026-08-23,press_quoted_operator_notice,,https://pc.nfnews.com/38/8890197.html,1
Guangzhou,Mainland China,17,Line 18,8,published_interval_band_line,"operator statement, interval bands for the whole line",2.8,21.4,4.367,35.0,0.0,2022-04-16,2022-04-16,2026-08-23,government_relay,,https://www.gz.gov.cn/zwfw/zxfw/content/post_8191281.html,1
Guangzhou,Mainland China,18,Line 21,20,transcription_2025_unsourced,"2025 constant, no source",6.0,10.0,10.0,10.0,,,,,,,,0
Guangzhou,Mainland China,19,Line 22,4,published_peak_offpeak_only,"operator statement, peak (and off-peak) values only, remainder filled by the bounded 2025 constant",5.8,10.3,7.5,10.0,0.765,2022-03-31,2022-03-31,2026-09-02,press_quoted_operator_notice,,https://huacheng.gz-cmc.com/pages/2022/03/31/1dc3d957d8524336b22cb1eb5d2f28c4.html,1
Guangzhou,Mainland China,20,Zhujiang New Town APM,9,transcription_2025_unsourced,"2025 constant, no source",18.0,3.3,3.333,3.333,,,,,,,,0
Guangzhou,Mainland China,21,"Guangfo Line, Guangzhou section 西塱–沥滘",8,published_peak_offpeak_only,"operator statement, peak (and off-peak) values only, remainder filled by the bounded 2025 constant",11.16,5.4,2.967,5.934,0.765,2020-11-03,2020-11-03,2026-09-02,press_quoted_operator_notice,,https://pc.nfnews.com/40/4243472.html,1
Guangzhou,Mainland China,22,Line 13,11,published_peak_offpeak_only,"operator statement, peak (and off-peak) values only, remainder filled by the bounded 2025 constant",8.07,7.4,6.0,6.667,0.761,2025-08-08,2025-08-08,2026-09-02,government_relay,,https://www.gz.gov.cn/zwfw/zxfw/jtfw/content/post_10393475.html,1
Guiyang,Mainland China,1,Line 1,25,press_quoted_operator_notice,press or government relay quoting the operator's notice,6.39,9.4,5.5,9.0,0.02,2022-08-29,2021-04-26,2026-08-23,press_quoted_operator_notice,,https://m.gy.bendibao.com/traffic/60711.shtm | https://www.163.com/dy/article/G8H6H1HF0550TXNW.html,2
Guiyang,Mainland China,2,S1 Line,13,published_peak_offpeak_only,"operator statement, peak (and off-peak) values only, remainder filled by the bounded 2025 constant",5.54,10.8,7.833,9.791,0.88,2025-02-14,2025-02-14,2026-08-23,government_relay,,https://finance.sina.cn/2025-02-14/detail-inekmitf4264434.d.html,1
Guiyang,Mainland China,3,Line 2,32,press_quoted_operator_notice,press or government relay quoting the operator's notice,7.53,8.0,5.5,9.0,0.033,2022-08-29,2021-04-26,2026-08-23,press_quoted_operator_notice,,https://m.gy.bendibao.com/traffic/60711.shtm | https://www.163.com/dy/article/G8H6H1HF0550TXNW.html,2
Guiyang,Mainland China,4,Line 3,29,press_quoted_operator_notice,press or government relay quoting the operator's notice,7.49,8.0,6.0,9.0,0.057,2023-12-16,2023-12-16,2026-08-23,press_quoted_operator_notice,,https://news.qq.com/rain/a/20231216A08M2A00,1
Hangzhou,Mainland China,1,Line 1,33,amap_interval_band,"Amap interval bands (undated, passed the acceptance test)",11.95,5.0,3.0,5.0,0.0,,,2026-09-06,amap_busline_timedesc,330100023133|330100023135,https://restapi.amap.com/v3/bus/linename?keywords=地铁1号线&city=<city>&extensions=all,1
Hangzhou,Mainland China,2,Line 2,33,published_peak_offpeak_only,"operator statement, peak (and off-peak) values only, remainder filled by the bounded 2025 constant",11.84,5.1,2.5,5.455,0.855,2025-11-17,2025-11-17,2026-08-23,government_relay,,https://m.thepaper.cn/newsDetail_forward_31990099,1
Hangzhou,Mainland China,3,Line 4,33,press_quoted_operator_notice,press or government relay quoting the operator's notice,9.9,6.1,2.417,6.833,0.167,2025-07-26,2025-07-26,2026-08-23,press_quoted_operator_notice,,https://zjnews.zjol.com.cn/yc/qmt/202507/t20250726_31137106.shtml,1
Hangzhou,Mainland China,4,Line 5,40,published_peak_offpeak_only,"operator statement, peak (and off-peak) values only, remainder filled by the bounded 2025 constant",13.42,4.5,2.833,4.101,0.942,2025-05-14,2025-05-14,2026-08-23,government_relay,,https://www.hzzx.gov.cn/cshz/content/2025-05/14/content_8994352.htm,1
Hangzhou,Mainland China,5,Line 7,24,published_peak_offpeak_only,"operator statement, peak (and off-peak) values only, remainder filled by the bounded 2025 constant",8.51,7.1,5.5,6.316,0.882,2025-11-17,2025-11-17,2026-08-23,government_relay,,https://m.thepaper.cn/newsDetail_forward_31990099,1
Hangzhou,Mainland China,6,Line 8,9,published_peak_offpeak_only,"operator statement, peak (and off-peak) values only, remainder filled by the bounded 2025 constant",6.63,9.0,6.75,9.0,0.292,2021-06-28,2021-06-28,2026-09-02,press_quoted_operator_notice,,https://news.qq.com/rain/a/20210628A0APB900,1
Hangzhou,Mainland China,7,Line 9,21,published_peak_offpeak_only,"operator statement, peak (and off-peak) values only, remainder filled by the bounded 2025 constant",9.64,6.2,3.0,6.154,0.849,2025-03-05,2024-03-05,2026-08-23,government_relay,,https://www.hzzx.gov.cn/cshz/content/2025-03/05/content_8873285.htm | https://m.thepaper.cn/newsDetail_forward_26571152,2
Hangzhou,Mainland China,8,Line 10,12,published_peak_offpeak_only,"operator statement, peak (and off-peak) values only, remainder filled by the bounded 2025 constant",7.76,7.7,6.0,7.5,0.299,2022-02-21,2022-02-21,2026-08-23,press_quoted_operator_notice,,https://finance.sina.cn/2022-02-21/detail-imcwiwss2135770.d.html,1
Hangzhou,Mainland China,9,Line 16,12,published_peak_offpeak_only,"operator statement, peak (and off-peak) values only, remainder filled by the bounded 2025 constant",7.72,7.8,4.0,7.059,0.696,2025-03-05,2024-03-05,2026-08-23,government_relay,,https://www.hzzx.gov.cn/cshz/content/2025-03/05/content_8873285.htm | https://m.thepaper.cn/newsDetail_forward_26571152,2
Hangzhou,Mainland China,10,Line 6,33,published_peak_offpeak_only,"operator statement, peak (and off-peak) values only, remainder filled by the bounded 2025 constant",9.41,6.4,3.167,5.714,0.785,2025-03-05,2025-03-05,2026-08-23,government_relay,,https://www.hzzx.gov.cn/cshz/content/2025-03/05/content_8873285.htm,1
Hangzhou,Mainland China,11,Line 6,4,press_quoted_operator_notice,press or government relay quoting the operator's notice,6.15,9.8,9.0,9.0,0.0,2020-12-30,2020-12-30,2026-09-02,press_quoted_operator_notice,,https://hwyst.hangzhou.com.cn/xwfb/content/2020-12/30/content_7884255.htm,1
Hangzhou,Mainland China,12,Line 3,33,published_peak_offpeak_only,"operator statement, peak (and off-peak) values only, remainder filled by the bounded 2025 constant",9.44,6.4,3.0,7.0,0.39,2026-03-25,2024-03-05,2026-08-23,government_relay; press_quoted_operator_notice,,https://news.qq.com/rain/a/20260325A07BJC00 | https://m.thepaper.cn/newsDetail_forward_26571152,2
Hangzhou,Mainland China,13,Line 3,5,published_peak_offpeak_only,"operator statement, peak (and off-peak) values only, remainder filled by the bounded 2025 constant",9.53,6.3,4.8,7.0,0.529,2026-03-25,2026-03-25,2026-08-23,press_quoted_operator_notice,,https://news.qq.com/rain/a/20260325A07BJC00,1
Hangzhou,Mainland China,14,Line 9,21,published_peak_offpeak_only,"operator statement, peak (and off-peak) values only, remainder filled by the bounded 2025 constant",9.64,6.2,3.0,6.154,0.849,2025-03-05,2024-03-05,2026-08-23,government_relay,,https://www.hzzx.gov.cn/cshz/content/2025-03/05/content_8873285.htm | https://m.thepaper.cn/newsDetail_forward_26571152,2
Hangzhou,Mainland China,15,Line 19,17,published_peak_offpeak_only,"operator statement, peak (and off-peak) values only, remainder filled by the bounded 2025 constant",8.47,7.1,5.0,7.5,0.321,2025-06-30,2025-06-30,2026-08-23,press_quoted_operator_notice,,https://zjnews.zjol.com.cn/zjnews/202506/t20250630_31082688.shtml,1
Harbin,Mainland China,1,Line 1,23,press_quoted_operator_notice,press or government relay quoting the operator's notice,8.29,7.2,3.967,6.5,0.132,2023-03-10,2023-03-10,2026-08-23,press_quoted_operator_notice,,https://m.sohu.com/a/652421420_349336,1
Harbin,Mainland China,2,Line 2,19,press_quoted_operator_notice,press or government relay quoting the operator's notice,8.16,7.4,5.167,6.967,0.142,2023-03-10,2023-03-10,2026-08-23,press_quoted_operator_notice,,https://m.sohu.com/a/652421420_349336,1
Harbin,Mainland China,3,Line 3,36,published_peak_offpeak_only,"operator statement, peak (and off-peak) values only, remainder filled by the bounded 2025 constant",8.88,6.8,4.967,6.967,0.316,2024-11-26,2024-11-26,2026-08-23,press_quoted_operator_notice,,https://m.thepaper.cn/newsDetail_forward_29460046,1
Harbin,Mainland China,4,Line 3,36,published_peak_offpeak_only,"operator statement, peak (and off-peak) values only, remainder filled by the bounded 2025 constant",8.88,6.8,4.967,6.967,0.316,2024-11-26,2024-11-26,2026-08-23,press_quoted_operator_notice,,https://m.thepaper.cn/newsDetail_forward_29460046,1
Harbin,Mainland China,5,Line 3,6,published_peak_offpeak_only,"operator statement, peak (and off-peak) values only, remainder filled by the bounded 2025 constant",8.85,6.8,4.967,6.967,0.298,2024-11-26,2024-11-26,2026-08-23,press_quoted_operator_notice,,https://m.thepaper.cn/newsDetail_forward_29460046,1
Hefei,Mainland China,1,Line 1,26,published_interval_band_line,"operator statement, interval bands for the whole line",9.01,6.7,4.833,6.5,0.0,2023-09-23,2023-09-23,2026-08-23,government_relay,,http://ah.people.com.cn/n2/2023/0923/c227131-40582251.html,1
Hefei,Mainland China,2,Line 2,35,published_interval_band_line,"operator statement, interval bands for the whole line",8.6,7.0,3.967,7.0,0.0,2023-02-27,2023-02-27,2026-08-23,government_relay,,http://ah.anhuinews.com/gdxw/202302/t20230227_6695446.html,1
Hefei,Mainland China,3,Line 3,41,published_interval_band_line,"operator statement, interval bands for the whole line",8.39,7.2,4.333,7.133,0.0,2023-09-28,2023-02-27,2026-08-23,government_relay; press_quoted_operator_notice,,https://tidenews.com.cn/news.html?id=2593672 | http://ah.anhuinews.com/gdxw/202302/t20230227_6695446.html,2
Hefei,Mainland China,4,Line 4,38,published_interval_band_line,"operator statement, interval bands for the whole line",7.29,8.2,4.833,9.0,0.0,2023-09-23,2023-09-23,2026-08-23,government_relay,,http://ah.people.com.cn/n2/2023/0923/c227131-40582251.html,1
Hefei,Mainland China,5,Line 5,33,published_interval_band_line,"operator statement, interval bands for the whole line",7.23,8.3,5.5,8.0,0.0,2023-09-23,2023-09-23,2026-08-23,government_relay,,http://ah.people.com.cn/n2/2023/0923/c227131-40582251.html,1
Hefei,Mainland China,6,Line 8,12,published_interval_band_line,"operator statement, interval bands for the whole line",7.19,8.3,5.5,8.0,0.0,2024-12-25,2024-12-25,2026-08-23,government_relay,,http://ah.people.com.cn/n2/2024/1225/c227142-41086611.html,1
Hohhot,Mainland China,1,Line 1,20,press_quoted_operator_notice,press or government relay quoting the operator's notice,5.74,10.5,6.0,15.0,0.0,2023-04-06,2023-04-06,2026-08-23,press_quoted_operator_notice,,https://static.0471tv.org.cn/rb/pc/con/202304/07/content_23038.html,1
Hohhot,Mainland China,2,Line 2 ,24,press_quoted_operator_notice,press or government relay quoting the operator's notice,5.76,10.4,6.0,15.0,0.0,2023-04-06,2023-04-06,2026-08-23,press_quoted_operator_notice,,https://static.0471tv.org.cn/rb/pc/con/202304/07/content_23038.html,1
Hong Kong,Hong Kong SAR,1,Disneyland Resort Line,2,published_interval_band_line,"operator statement, interval bands for the whole line",6.86,8.8,5.0,10.0,0.0,2025-09-20,2025-09-20,2026-08-23,operator_web,,https://web.archive.org/web/20250920055914/https://www.mtr.com.hk/en/customer/services/train_service_index.html,1
Hong Kong,Hong Kong SAR,2,East Rail Line,14,published_interval_band_section,"operator statement, interval bands per section",10.64,5.6,3.2,21.0,0.0,2025-09-20,2025-09-20,2026-09-07,operator_web,,https://web.archive.org/web/20250920055914/https://www.mtr.com.hk/en/customer/services/train_service_index.html | https://www.mtr.com.hk/en/customer/services/train_service_index.html,2
Hong Kong,Hong Kong SAR,3,Tung Chung Line,8,published_interval_band_section,"operator statement, interval bands per section",8.4,7.1,3.5,12.0,0.0,2025-09-20,2025-09-20,2026-08-23,operator_web,,https://web.archive.org/web/20250920055914/https://www.mtr.com.hk/en/customer/services/train_service_index.html | https://www.mtr.com.hk/en/customer/services/train_service_index.html,2
Hong Kong,Hong Kong SAR,4,Island Line,17,published_interval_band_line,"operator statement, interval bands for the whole line",16.01,3.7,1.9,12.0,0.0,2025-09-20,2025-09-20,2026-08-23,operator_web,,https://web.archive.org/web/20250920055914/https://www.mtr.com.hk/en/customer/services/train_service_index.html | https://www.mtr.com.hk/en/customer/services/train_service_index.html,2
Hong Kong,Hong Kong SAR,5,Kwun Tong Line,17,published_interval_band_section,"operator statement, interval bands per section",15.48,3.9,2.1,12.0,0.0,2025-09-20,2025-09-20,2026-08-23,operator_web,,https://web.archive.org/web/20250920055914/https://www.mtr.com.hk/en/customer/services/train_service_index.html | https://www.mtr.com.hk/en/customer/services/train_service_index.html,2
Hong Kong,Hong Kong SAR,6,Airport Express,5,published_interval_band_line,"operator statement, interval bands for the whole line",5.63,10.7,10.0,12.0,0.0,2025-09-20,2025-09-20,2026-08-23,operator_web,,https://web.archive.org/web/20250920055914/https://www.mtr.com.hk/en/customer/services/train_service_index.html | https://www.mtr.com.hk/en/customer/services/train_service_index.html,2
Hong Kong,Hong Kong SAR,7,Tseung Kwan O Line,6,published_interval_band_section,"operator statement, interval bands per section",9.56,6.3,2.2,12.0,0.0,2025-09-20,2025-09-20,2026-08-23,operator_web,,https://web.archive.org/web/20250920055914/https://www.mtr.com.hk/en/customer/services/train_service_index.html | https://www.mtr.com.hk/en/customer/services/train_service_index.html,2
Hong Kong,Hong Kong SAR,8,South Island Line,5,published_interval_band_line,"operator statement, interval bands for the whole line",10.61,5.7,3.3,12.0,0.0,2025-09-20,2025-09-20,2026-08-23,operator_web,,https://web.archive.org/web/20250920055914/https://www.mtr.com.hk/en/customer/services/train_service_index.html | https://www.mtr.com.hk/en/customer/services/train_service_index.html,2
Hong Kong,Hong Kong SAR,9,Tsuen Wan Line,16,published_interval_band_line,"operator statement, interval bands for the whole line",15.76,3.8,2.1,12.0,0.0,2025-09-20,2025-09-20,2026-08-23,operator_web,,https://web.archive.org/web/20250920055914/https://www.mtr.com.hk/en/customer/services/train_service_index.html | https://www.mtr.com.hk/en/customer/services/train_service_index.html,2
Hong Kong,Hong Kong SAR,10,Tuen Ma Line,27,published_interval_band_line,"operator statement, interval bands for the whole line",10.58,5.7,2.85,12.0,0.0,2025-09-20,2025-09-20,2026-08-23,operator_web,,https://web.archive.org/web/20250920055914/https://www.mtr.com.hk/en/customer/services/train_service_index.html | https://www.mtr.com.hk/en/customer/services/train_service_index.html,2
Hong Kong,Hong Kong SAR,11,"East Rail Line, Lok Ma Chau spur",2,published_peak_offpeak_only,"operator statement, peak (and off-peak) values only, remainder filled by the bounded 2025 constant",4.0,15.0,12.5,21.0,0.938,,,2026-08-23,operator_web,,https://www.mtr.com.hk/en/customer/services/train_service_index.html,1
Hong Kong,Hong Kong SAR,12,"Tseung Kwan O Line, LOHAS Park branch",3,published_peak_offpeak_only,"operator statement, peak (and off-peak) values only, remainder filled by the bounded 2025 constant",3.81,15.8,12.0,15.0,0.944,,,2026-08-23,operator_web,,https://www.mtr.com.hk/en/customer/services/train_service_index.html,1
Incheon,South Korea,2,Incheon Line 1,33,gtfs_weekday_trips,weekday trips counted in the GTFS feed,7.95,7.6,,,,,,,,,,0
Incheon,South Korea,3,Incheon Line 2,27,gtfs_weekday_trips,weekday trips counted in the GTFS feed,11.97,5.0,,,,,,,,,,0
Incheon,South Korea,7,"Line 7, Bucheon-Incheon section 까치울–석남",11,gtfs_weekday_trips,weekday trips counted in the GTFS feed,6.47,9.3,,,,,,,,,,0
Jinan,Mainland China,1,Line 1,11,amap_interval_band,"Amap interval bands (undated, passed the acceptance test)",5.89,10.2,7.0,9.0,0.0,,,2026-09-06,amap_busline_timedesc,900000071030|900000071031,https://restapi.amap.com/v3/bus/linename?keywords=轨道交通1号线&city=<city>&extensions=all,1
Jinan,Mainland China,2,Line 2,19,press_quoted_operator_notice,press or government relay quoting the operator's notice,8.04,7.5,5.0,7.5,0.235,2024-08-26,2024-08-26,2026-08-23,press_quoted_operator_notice,,http://sd.news.cn/20240826/905d14536ac546d8a085fe98c03da1ef/c.html,1
Jinan,Mainland China,3,Line 3,18,press_quoted_operator_notice,press or government relay quoting the operator's notice,7.03,8.5,5.0,15.0,0.11,2024-11-22,2024-11-22,2026-08-23,press_quoted_operator_notice,,http://www.sd.xinhua.org/20241122/8e1e9dd6d6494112bb89ecd8da2d2c03/c.html,1
Jinhua,Mainland China,1,"Jinyidong Line, Jinyi section",17,published_peak_offpeak_only,"operator statement, peak (and off-peak) values only, remainder filled by the bounded 2025 constant",3.96,15.2,11.163,15.0,0.865,2024-08-26,2024-08-26,2026-08-23,press_quoted_operator_notice,,http://sd.news.cn/20240826/905d14536ac546d8a085fe98c03da1ef/c.html,1
Jinhua,Mainland China,2,"Jinyidong Line, Yidong section",14,published_peak_offpeak_only,"operator statement, peak (and off-peak) values only, remainder filled by the bounded 2025 constant",4.22,14.2,11.163,15.0,0.87,2024-08-26,2024-08-26,2026-08-23,press_quoted_operator_notice,,http://sd.news.cn/20240826/905d14536ac546d8a085fe98c03da1ef/c.html,1
Kaohsiung,Taiwan,1,Red Line,25,tdx_frequency_bands,TDX Frequency endpoint bands,8.16,7.3,,,,,,,,,,0
Kaohsiung,Taiwan,2,Orange Line,14,tdx_frequency_bands,TDX Frequency endpoint bands,8.16,7.3,,,,,,,,,,0
Kobe,Japan,1,Seishin-Yamate Line,17,gtfs_weekday_trips,weekday trips counted in the GTFS feed,8.95,6.7,,,,,,,,,,0
Kobe,Japan,2,Kaigan Line,10,gtfs_weekday_trips,weekday trips counted in the GTFS feed,6.16,9.7,,,,,,,,,,0
Kunming,Mainland China,1,Line 1,18,inherited_from_trunk,inherited from the trunk route of the same line,5.96,10.1,7.667,9.667,0.261,2025-04-20,2025-04-20,2026-08-23,press_quoted_operator_notice,,http://www.yn.xinhuanet.com/20250420/569121d264a7477ab550db128393ae06/c.html,1
Kunming,Mainland China,2,Line 3,20,published_peak_offpeak_only,"operator statement, peak (and off-peak) values only, remainder filled by the bounded 2025 constant",7.79,7.7,5.5,6.944,0.784,2025-04-20,2025-04-20,2026-08-23,press_quoted_operator_notice,,http://www.yn.xinhuanet.com/20250420/569121d264a7477ab550db128393ae06/c.html,1
Kunming,Mainland China,3,Line 4,29,amap_interval_band,"Amap interval bands (undated, passed the acceptance test)",7.05,8.5,6.0,8.0,0.0,,,2026-09-06,amap_busline_timedesc,900000071083|900000071084,https://restapi.amap.com/v3/bus/linename?keywords=地铁4号线&city=<city>&extensions=all,1
Kunming,Mainland China,4,Line 5,22,amap_interval_band,"Amap interval bands (undated, passed the acceptance test)",7.09,8.5,6.0,8.0,0.0,,,2026-09-06,amap_busline_timedesc,900000071162|900000071163,https://restapi.amap.com/v3/bus/linename?keywords=地铁5号线&city=<city>&extensions=all,1
Kunming,Mainland China,5,Line 6,8,press_quoted_operator_notice,press or government relay quoting the operator's notice,5.05,11.9,10.0,10.0,0.0,2025-04-20,2025-04-20,2026-08-23,press_quoted_operator_notice,,http://www.yn.xinhuanet.com/20250420/569121d264a7477ab550db128393ae06/c.html,1
Kunming,Mainland China,6,Line 1,5,published_peak_offpeak_only,"operator statement, peak (and off-peak) values only, remainder filled by the bounded 2025 constant",6.28,9.6,7.667,9.667,0.901,2025-04-20,2025-04-20,2026-08-23,press_quoted_operator_notice,,http://www.yn.xinhuanet.com/20250420/569121d264a7477ab550db128393ae06/c.html,1
Kunming,Mainland China,7,Line 2,14,amap_interval_band,"Amap interval bands (undated, passed the acceptance test)",8.49,7.1,4.0,7.0,0.0,,,2026-09-06,amap_busline_timedesc,530100021490|530100021491,https://restapi.amap.com/v3/bus/linename?keywords=地铁2号线&city=<city>&extensions=all,1
Kyoto,Japan,1,Karasuma Line,15,gtfs_weekday_trips,weekday trips counted in the GTFS feed,8.74,6.9,,,,,,,,,,0
Kyoto,Japan,2,Tozai Line,17,gtfs_weekday_trips,weekday trips counted in the GTFS feed,7.05,8.5,,,,,,,,,,0
Lanzhou,Mainland China,1,Line 1,20,published_interval_band_line,"operator statement, interval bands for the whole line",6.3,9.5,6.333,8.667,0.001,2021-11-15,2021-11-15,2026-08-23,operator_web,,https://www.lzgdjt.com/lzgd/detail.jsp?contentId=45945,1
Lanzhou,Mainland China,2,Line 2,9,press_quoted_operator_notice,press or government relay quoting the operator's notice,6.24,9.6,6.333,8.667,0.0,2023-06-29,2023-06-29,2026-08-23,press_quoted_operator_notice,,http://gs.people.com.cn/n2/2023/0629/c183348-40475709.html,1
Luoyang,Mainland China,1,Line 1,19,published_interval_band_line,"operator statement, interval bands for the whole line",5.35,11.2,7.0,10.0,0.0,2025-03-28,2025-03-28,2026-08-23,operator_web,,https://www.lysubway.com.cn/company_info/detail/2997.html,1
Luoyang,Mainland China,2,Line 2,15,published_interval_band_line,"operator statement, interval bands for the whole line",5.44,11.0,7.0,10.0,0.0,2025-03-28,2025-03-28,2026-08-23,operator_web,,https://www.lysubway.com.cn/company_info/detail/2997.html,1
Macau,Macau SAR,1,Taipa Line,13,published_average_interval,"operator statement, one average interval",7.13,8.4,7.75,7.75,0.0,2025-08-25,2025-08-25,2026-08-22,operator_web,,https://web.archive.org/web/20250825133936/https://www.mlm.com.mo/en/route.html,1
Macau,Macau SAR,2,Seac Pai Van Line,2,published_average_interval,"operator statement, one average interval",9.21,6.5,6.0,6.0,0.0,2025-08-25,2025-08-25,2026-08-22,operator_web,,https://web.archive.org/web/20250825133936/https://www.mlm.com.mo/en/route.html,1
Macau,Macau SAR,3,Hengqin Line,2,published_average_interval,"operator statement, one average interval",9.21,6.5,6.0,6.0,0.0,2025-08-25,2025-08-25,2026-08-22,operator_web,,https://web.archive.org/web/20250825133936/https://www.mlm.com.mo/en/route.html,1
Nanchang,Mainland China,1,Line 1,3,published_peak_offpeak_only,"operator statement, peak (and off-peak) values only, remainder filled by the bounded 2025 constant",10.9,5.5,3.933,6.0,0.3,2025-04-14,2023-04-25,2026-08-23,operator_web; press_quoted_operator_notice,,https://m.thepaper.cn/newsDetail_forward_30645785 | https://www.ncmtr.com/topic_detail_4/820.html,2
Nanchang,Mainland China,2,Line 1,24,published_peak_offpeak_only,"operator statement, peak (and off-peak) values only, remainder filled by the bounded 2025 constant",10.37,5.8,3.933,6.0,0.252,2025-04-14,2023-04-25,2026-08-23,operator_web; press_quoted_operator_notice,,https://m.thepaper.cn/newsDetail_forward_30645785 | https://www.ncmtr.com/topic_detail_4/820.html,2
Nanchang,Mainland China,3,Line 1,9,published_peak_offpeak_only,"operator statement, peak (and off-peak) values only, remainder filled by the bounded 2025 constant",11.33,5.3,3.933,6.0,0.322,2025-04-14,2023-04-25,2026-08-23,operator_web; press_quoted_operator_notice,,https://m.thepaper.cn/newsDetail_forward_30645785 | https://www.ncmtr.com/topic_detail_4/820.html,2
Nanchang,Mainland China,4,Line 2,10,published_peak_offpeak_only,"operator statement, peak (and off-peak) values only, remainder filled by the bounded 2025 constant",9.68,6.2,5.3,6.0,0.774,2023-04-25,2023-04-25,2026-08-23,operator_web,,https://www.ncmtr.com/topic_detail_4/820.html,1
Nanchang,Mainland China,5,Line 2,28,published_peak_offpeak_only,"operator statement, peak (and off-peak) values only, remainder filled by the bounded 2025 constant",7.7,7.8,5.3,6.0,0.743,2023-04-25,2023-04-25,2026-08-23,operator_web,,https://www.ncmtr.com/topic_detail_4/820.html,1
Nanchang,Mainland China,6,Line 3,22,published_interval_band_line,"operator statement, interval bands for the whole line",8.92,6.7,5.4,6.0,0.0,2023-04-25,2023-04-25,2026-08-23,operator_web,,https://www.ncmtr.com/topic_detail_4/820.html,1
Nanchang,Mainland China,7,Line 4,29,published_interval_band_line,"operator statement, interval bands for the whole line",8.21,7.3,5.9,6.5,0.0,2023-04-25,2023-04-25,2026-08-23,operator_web,,https://www.ncmtr.com/topic_detail_4/820.html,1
Nanjing,Mainland China,1,Line 1,32,amap_interval_band,"Amap interval bands (undated, passed the acceptance test)",16.99,3.5,2.0,4.0,0.0,,,2026-09-06,amap_busline_timedesc,360100020431|360100020432|900000057037,https://restapi.amap.com/v3/bus/linename?keywords=地铁1号线&city=<city>&extensions=all | https://restapi.amap.com/v3/bus/linename?keywords=地铁3号线&city=<city>&extensions=all,2
Nanjing,Mainland China,2,Line 2,30,published_peak_offpeak_only,"operator statement, peak (and off-peak) values only, remainder filled by the bounded 2025 constant",12.14,4.9,2.5,5.128,0.768,2025-04-14,2023-04-25,2026-08-23,operator_web; press_quoted_operator_notice,,https://m.thepaper.cn/newsDetail_forward_30645785 | https://www.ncmtr.com/topic_detail_4/820.html,2
Nanjing,Mainland China,3,Line 3,29,transcription_2025_unsourced,"2025 constant, no source",10.5,5.7,5.714,5.714,,,,,,,,0
Nanjing,Mainland China,4,Line 4,18,published_peak_offpeak_only,"operator statement, peak (and off-peak) values only, remainder filled by the bounded 2025 constant",9.05,6.6,5.667,6.186,0.53,2018-07-16,2018-07-16,2026-09-02,press_quoted_operator_notice,,https://jsnews.jschina.com.cn/nj/a/201807/t20180716_1761701.shtml,1
Nanjing,Mainland China,5,Line 5,30,transcription_2025_unsourced,"2025 constant, no source",7.2,8.3,8.333,8.333,,,,,,,,0
Nanjing,Mainland China,6,Line 7,27,amap_interval_band,"Amap interval bands (undated, passed the acceptance test)",7.12,8.4,7.0,10.0,0.0,,,2026-09-06,amap_busline_timedesc,900000057035,https://restapi.amap.com/v3/bus/linename?keywords=地铁3号线&city=<city>&extensions=all,1
Nanjing,Mainland China,7,Line 10,14,amap_interval_band,"Amap interval bands (undated, passed the acceptance test)",8.59,7.0,5.0,9.0,0.0,,,2026-09-06,amap_busline_timedesc,320100022437|900000068673|900000068674,https://restapi.amap.com/v3/bus/linename?keywords=地铁4号线&city=<city>&extensions=all | https://restapi.amap.com/v3/bus/linename?keywords=地铁10号线&city=<city>&extensions=all,2
Nanjing,Mainland China,11,S1 Line (Airport Line),9,transcription_2025_unsourced,"2025 constant, no source",11.7,5.1,5.128,5.128,,,,,,,,0
Nanjing,Mainland China,12,Line S3 (Ninghe Line),19,transcription_2025_unsourced,"2025 constant, no source",6.3,9.5,9.524,9.524,,,,,,,,0
Nanjing,Mainland China,13,Line S6 (Ningju Line),13,published_peak_offpeak_only,"operator statement, peak (and off-peak) values only, remainder filled by the bounded 2025 constant",5.64,10.6,6.0,10.714,0.36,2023-04-25,2022-02-28,2026-08-23,operator_web; press_quoted_operator_notice,,https://www.ncmtr.com/topic_detail_4/820.html | https://m.nj.bendibao.com/mip/127449.shtm,2
Nanjing,Mainland China,14,Line S7 (Ningli Line),9,amap_interval_band,"Amap interval bands (undated, passed the acceptance test)",3.6,16.6,14.0,14.0,0.0,,,2026-09-06,amap_busline_timedesc,900000075073,https://restapi.amap.com/v3/bus/linename?keywords=地铁S7号线(宁溧线)&city=<city>&extensions=all,1
Nanjing,Mainland China,15,Line S8 (Ningtian Line),19,published_peak_offpeak_only,"operator statement, peak (and off-peak) values only, remainder filled by the bounded 2025 constant",6.44,9.3,4.383,8.955,0.876,2022-09-30,2022-09-30,2026-09-02,press_quoted_operator_notice,,http://www.ourjiangsu.com/a/20220930/1664531192871.shtml,1
Nanjing,Mainland China,16,Line S9 (Ninggao Line),6,amap_interval_band,"Amap interval bands (undated, passed the acceptance test)",4.21,14.3,12.0,12.0,0.0,,,2026-09-06,amap_busline_timedesc,900000075092,https://restapi.amap.com/v3/bus/linename?keywords=地铁S9号线(宁高线)&city=<city>&extensions=all,1
Nanning,Mainland China,1,Line 1,25,press_quoted_operator_notice,press or government relay quoting the operator's notice,8.41,7.1,3.5,7.0,0.0,2023-04-25,2023-04-25,2026-08-23,operator_web,,https://www.ncmtr.com/topic_detail_4/820.html,1
Nanning,Mainland China,2,Line 2,23,press_quoted_operator_notice,press or government relay quoting the operator's notice,8.45,7.1,4.5,7.0,0.0,2025-04-14,2023-04-25,2026-08-23,operator_web; press_quoted_operator_notice,,https://m.thepaper.cn/newsDetail_forward_30645785 | https://www.ncmtr.com/topic_detail_4/820.html,2
Nanning,Mainland China,3,Line 3,23,press_quoted_operator_notice,press or government relay quoting the operator's notice,8.5,7.1,4.5,7.0,0.0,2023-04-25,2023-04-25,2026-08-23,operator_web,,https://www.ncmtr.com/topic_detail_4/820.html,1
Nanning,Mainland China,4,Line 4,16,press_quoted_operator_notice,press or government relay quoting the operator's notice,7.38,8.1,5.0,8.0,0.0,2025-08-29,2023-04-25,2026-08-23,operator_web,,https://www.ncmtr.com/topic_detail_20/8.html | https://www.ncmtr.com/topic_detail_4/820.html,2
Nanning,Mainland China,5,Line 5,17,press_quoted_operator_notice,press or government relay quoting the operator's notice,7.01,8.6,6.0,8.0,0.0,2026-05-13,2022-02-28,2026-08-23,press_quoted_operator_notice,,https://news.qq.com/rain/a/20260513A04WV400 | https://m.nj.bendibao.com/mip/127449.shtm,2
Nantong,Mainland China,1,Line 1,28,published_interval_band_line,"operator statement, interval bands for the whole line",6.24,9.6,6.833,10.0,0.0,2025-04-14,2023-04-25,2026-08-23,operator_web; press_quoted_operator_notice,,https://m.thepaper.cn/newsDetail_forward_30645785 | https://www.ncmtr.com/topic_detail_4/820.html,2
Nantong,Mainland China,2,Line 2,16,press_quoted_operator_notice,press or government relay quoting the operator's notice,5.84,10.3,6.833,9.833,0.0,2023-12-24,2023-12-24,2026-09-02,press_quoted_operator_notice,,http://www.ourjiangsu.com/a/20231224/1703409361308.shtml,1
Ningbo,Mainland China,1,Line 1,29,press_quoted_operator_notice,press or government relay quoting the operator's notice,7.75,7.7,4.0,10.0,0.0,2020-12-08,2020-12-08,2026-08-23,press_quoted_operator_notice,,https://nb.ifeng.com/c/820lJtubPlg,1
Ningbo,Mainland China,2,Line 2,27,published_interval_band_line,"operator statement, interval bands for the whole line",9.33,6.4,4.333,10.0,0.0,2023-05-08,2020-12-08,2026-08-23,government_relay; press_quoted_operator_notice,,https://zjnews.zjol.com.cn/zjnews/202305/t20230506_25711126.shtml | https://nb.ifeng.com/c/820lJtubPlg,2
Ningbo,Mainland China,3,Line 3,24,press_quoted_operator_notice,press or government relay quoting the operator's notice,5.64,10.6,4.5,10.0,0.0,2020-12-08,2020-12-08,2026-08-23,press_quoted_operator_notice,,https://nb.ifeng.com/c/820lJtubPlg,1
Ningbo,Mainland China,4,Line 4,27,press_quoted_operator_notice,press or government relay quoting the operator's notice,8.09,7.4,4.417,10.0,0.0,2020-12-08,2020-12-08,2026-08-23,press_quoted_operator_notice,,https://nb.ifeng.com/c/820lJtubPlg,1
Ningbo,Mainland China,5,Line 5,27,press_quoted_operator_notice,press or government relay quoting the operator's notice,8.5,7.1,4.967,7.667,0.0,2021-12-27,2021-12-27,2026-08-23,press_quoted_operator_notice,,https://m.jiemian.com/article/6952766.html,1
Ningbo,Mainland China,6,Line 8,19,press_quoted_operator_notice,press or government relay quoting the operator's notice,6.53,9.2,6.0,10.0,0.0,2025-06-27,2025-06-27,2026-08-23,press_quoted_operator_notice,,https://m.nb.bendibao.com/news/93330.shtm,1
Ningbo,Mainland China,7,Line 7,25,amap_interval_band,"Amap interval bands (undated, passed the acceptance test)",6.55,9.2,9.156,9.156,,,,,,,,0
Qingdao,Mainland China,1,Line 1,41,press_quoted_operator_notice,press or government relay quoting the operator's notice,8.24,7.3,3.725,8.084,0.012,2025-08-29,2025-06-16,2026-08-23,press_quoted_operator_notice,,https://news.qq.com/rain/a/20250829A021UM00 | https://m.qd.bendibao.com/traffic/84210.shtm,2
Qingdao,Mainland China,2,Line 2,25,press_quoted_operator_notice,press or government relay quoting the operator's notice,8.94,6.7,3.167,9.75,0.033,2025-08-29,2025-06-16,2026-08-23,press_quoted_operator_notice,,https://news.qq.com/rain/a/20250829A021UM00 | https://m.qd.bendibao.com/traffic/84210.shtm,2
Qingdao,Mainland China,3,Line 3,22,press_quoted_operator_notice,press or government relay quoting the operator's notice,8.65,6.9,3.458,9.75,0.036,2025-08-29,2025-06-16,2026-08-23,press_quoted_operator_notice,,https://news.qq.com/rain/a/20250829A021UM00 | https://m.qd.bendibao.com/traffic/84210.shtm,2
Qingdao,Mainland China,4,Line 4,25,press_quoted_operator_notice,press or government relay quoting the operator's notice,7.4,8.1,5.0,16.2,0.058,2025-06-16,2025-06-16,2026-08-23,press_quoted_operator_notice,,https://m.qd.bendibao.com/traffic/84210.shtm,1
Qingdao,Mainland China,5,Line 6,21,press_quoted_operator_notice,press or government relay quoting the operator's notice,4.13,14.5,7.667,15.25,0.041,2025-06-16,2025-06-16,2026-08-23,press_quoted_operator_notice,,https://m.qd.bendibao.com/traffic/84210.shtm,1
Qingdao,Mainland China,6,Line 8,11,press_quoted_operator_notice,press or government relay quoting the operator's notice,4.52,13.3,8.416,12.083,0.022,2025-08-29,2025-06-16,2026-08-23,press_quoted_operator_notice,,https://news.qq.com/rain/a/20250829A021UM00 | https://m.qd.bendibao.com/traffic/84210.shtm,2
Qingdao,Mainland China,7,Line 3,8,press_quoted_operator_notice,press or government relay quoting the operator's notice,8.64,6.9,3.458,9.75,0.0,2025-08-29,2025-06-16,2026-08-23,press_quoted_operator_notice,,https://news.qq.com/rain/a/20250829A021UM00 | https://m.qd.bendibao.com/traffic/84210.shtm,2
Qingdao,Mainland China,8,Blue Valley Express (Line 11),21,press_quoted_operator_notice,press or government relay quoting the operator's notice,5.59,10.7,6.292,19.667,0.027,2025-08-29,2025-06-16,2026-08-23,press_quoted_operator_notice,,https://news.qq.com/rain/a/20250829A021UM00 | https://m.qd.bendibao.com/traffic/84210.shtm,2
Qingdao,Mainland China,9,West Coast Express (Line 13),23,press_quoted_operator_notice,press or government relay quoting the operator's notice,2.87,20.9,6.042,19.333,0.029,2025-06-16,2025-06-16,2026-08-23,press_quoted_operator_notice,,https://m.qd.bendibao.com/traffic/84210.shtm,1
Sapporo,Japan,1,Namboku Line,16,gtfs_weekday_trips,weekday trips counted in the GTFS feed,8.89,6.7,,,,,,,,,,0
Sapporo,Japan,2,Tozai Line,19,gtfs_weekday_trips,weekday trips counted in the GTFS feed,8.79,6.8,,,,,,,,,,0
Sapporo,Japan,3,Toho Line,14,gtfs_weekday_trips,weekday trips counted in the GTFS feed,8.26,7.3,,,,,,,,,,0
Sendai,Japan,1,Namboku Line,17,gtfs_weekday_trips,weekday trips counted in the GTFS feed,8.26,7.3,,,,,,,,,,0
Sendai,Japan,2,Tozai Line,13,gtfs_weekday_trips,weekday trips counted in the GTFS feed,7.37,8.1,,,,,,,,,,0
Seoul,South Korea,1,"Line 1, Seoul Metro section (Seoul Station–Cheongnyangni)",10,gtfs_weekday_trips,weekday trips counted in the GTFS feed,12.53,4.8,,,,,,,,,,0
Seoul,South Korea,2,Line 2 main loop,43,v1_value_kept_feed_incomplete,"2025 value kept, route incomplete in the feed",12.0,5.0,,,,,,,,,,0
Seoul,South Korea,3,Line 2 Seongsu branch,5,gtfs_weekday_trips,weekday trips counted in the GTFS feed,5.74,10.5,,,,,,,,,,0
Seoul,South Korea,4,Line 2 Sinjeong branch,5,gtfs_weekday_trips,weekday trips counted in the GTFS feed,5.58,10.8,,,,,,,,,,0
Seoul,South Korea,5,"Line 3, Seoul Metro section 지축–오금",34,gtfs_weekday_trips,weekday trips counted in the GTFS feed,9.74,6.2,,,,,,,,,,0
Seoul,South Korea,6,"Line 4, Seoul Metro section 당고개–남태령",26,gtfs_weekday_trips,weekday trips counted in the GTFS feed,12.05,5.0,,,,,,,,,,0
Seoul,South Korea,7,Line 5 main,44,gtfs_weekday_trips,weekday trips counted in the GTFS feed,10.11,5.9,,,,,,,,,,0
Seoul,South Korea,8,Line 5 Macheon branch,8,gtfs_weekday_trips,weekday trips counted in the GTFS feed,5.45,11.0,,,,,,,,,,0
Seoul,South Korea,9,Line 6,39,gtfs_weekday_trips,weekday trips counted in the GTFS feed,8.47,7.1,,,,,,,,,,0
Seoul,South Korea,10,"Line 7, Seoul section 장암–온수",42,gtfs_weekday_trips,weekday trips counted in the GTFS feed,10.16,5.9,,,,,,,,,,0
Seoul,South Korea,11,Line 8,18,gtfs_weekday_trips,weekday trips counted in the GTFS feed,7.42,8.1,,,,,,,,,,0
Seoul,South Korea,12,Line 9,38,gtfs_weekday_trips,weekday trips counted in the GTFS feed,6.05,9.9,,,,,,,,,,0
Seoul,South Korea,13,Sillim Line,11,gtfs_weekday_trips,weekday trips counted in the GTFS feed,9.53,6.3,,,,,,,,,,0
Seoul,South Korea,14,Ui-Sinseol Line,13,gtfs_weekday_trips,weekday trips counted in the GTFS feed,13.37,4.5,,,,,,,,,,0
Shanghai,Mainland China,1,Line 1,28,published_interval_band_section,"operator statement, interval bands per section",12.28,4.9,2.5,6.5,0.0,,,2026-07-25,operator_web,,https://service.shmetro.com/hcskb/index.htm,1
Shanghai,Mainland China,2,Line 2,30,published_interval_band_section,"operator statement, interval bands per section",10.79,5.6,2.5,7.5,0.0,,,2026-07-25,operator_web,,https://service.shmetro.com/hcskb/index.htm,1
Shanghai,Mainland China,3,Line 3,29,published_interval_band_section,"operator statement, interval bands per section",7.66,7.8,4.0,9.0,0.0,,,2026-07-25,operator_web,,https://service.shmetro.com/hcskb/index.htm,1
Shanghai,Mainland China,4,Line 4,26,published_interval_band_section,"operator statement, interval bands per section",7.4,8.1,4.0,11.0,0.0,,,2026-07-25,operator_web,,https://service.shmetro.com/hcskb/index.htm,1
Shanghai,Mainland China,5,Line 4,26,published_interval_band_section,"operator statement, interval bands per section",7.4,8.1,4.0,11.0,0.0,,,2026-07-25,operator_web,,https://service.shmetro.com/hcskb/index.htm,1
Shanghai,Mainland China,6,Line 5,19,published_interval_band_section,"operator statement, interval bands per section",7.33,8.2,2.5,12.0,0.0,,,2026-07-25,operator_web,,https://service.shmetro.com/hcskb/index.htm,1
Shanghai,Mainland China,7,Line 6,28,published_interval_band_section,"operator statement, interval bands per section",9.91,6.1,2.0,11.0,0.0,,,2026-07-25,operator_web,,https://service.shmetro.com/hcskb/index.htm,1
Shanghai,Mainland China,8,Line 7,33,published_interval_band_section,"operator statement, interval bands per section",9.82,6.1,2.0,10.5,0.0,,,2026-07-25,operator_web,,https://service.shmetro.com/hcskb/index.htm,1
Shanghai,Mainland China,9,Line 8,30,published_interval_band_section,"operator statement, interval bands per section",9.81,6.1,2.0,11.0,0.0,,,2026-07-25,operator_web,,https://service.shmetro.com/hcskb/index.htm,1
Shanghai,Mainland China,10,Line 9,35,published_interval_band_section,"operator statement, interval bands per section",9.44,6.4,1.833,9.0,0.0,,,2026-07-25,operator_web,,https://service.shmetro.com/hcskb/index.htm,1
Shanghai,Mainland China,11,Line 13,31,published_interval_band_section,"operator statement, interval bands per section",10.28,5.8,2.75,8.0,0.0,,,2026-07-25,operator_web,,https://service.shmetro.com/hcskb/index.htm,1
Shanghai,Mainland China,12,Line 14,31,published_interval_band_section,"operator statement, interval bands per section",6.78,8.8,3.0,8.5,0.0,,,2026-07-25,operator_web,,https://service.shmetro.com/hcskb/index.htm,1
Shanghai,Mainland China,13,Line 15,30,published_interval_band_section,"operator statement, interval bands per section",8.57,7.0,3.333,9.0,0.0,,,2026-07-25,operator_web,,https://service.shmetro.com/hcskb/index.htm,1
Shanghai,Mainland China,14,Line 16,13,published_interval_band_section,"operator statement, interval bands per section",10.22,5.9,3.5,10.0,0.0,,,2026-07-25,operator_web,,https://service.shmetro.com/hcskb/index.htm,1
Shanghai,Mainland China,15,Line 17,14,published_interval_band_section,"operator statement, interval bands per section",8.64,6.9,3.0,10.0,0.0,,,2026-07-25,operator_web,,https://service.shmetro.com/hcskb/index.htm,1
Shanghai,Mainland China,16,Line 18,26,published_interval_band_section,"operator statement, interval bands per section",8.24,7.3,2.75,10.0,0.0,,,2026-07-25,operator_web,,https://service.shmetro.com/hcskb/index.htm,1
Shanghai,Mainland China,17,Pujiang Line (APM),6,published_interval_band_section,"operator statement, interval bands per section",6.85,8.8,4.25,10.0,0.0,,,2026-07-25,operator_web,,https://service.shmetro.com/hcskb/index.htm,1
Shanghai,Mainland China,18,Line 10,4,published_interval_band_section,"operator statement, interval bands per section",5.19,11.6,7.875,12.0,0.0,,,2026-07-25,operator_web,,https://service.shmetro.com/hcskb/index.htm,1
Shanghai,Mainland China,19,Line 10,34,published_interval_band_section,"operator statement, interval bands per section",8.9,6.7,2.5,10.0,0.0,,,2026-07-25,operator_web,,https://service.shmetro.com/hcskb/index.htm,1
Shanghai,Mainland China,20,Line 11,8,published_interval_band_section,"operator statement, interval bands per section",5.06,11.9,6.0,12.0,0.0,,,2026-07-25,operator_web,,https://service.shmetro.com/hcskb/index.htm,1
Shanghai,Mainland China,21,Line 11,33,published_interval_band_section,"operator statement, interval bands per section",10.03,6.0,2.0,12.0,0.0,,,2026-07-25,operator_web,,https://service.shmetro.com/hcskb/index.htm,1
Shanghai,Mainland China,22,Line 12,32,published_interval_band_section,"operator statement, interval bands per section",10.3,5.8,2.75,7.5,0.0,,,2026-07-25,operator_web,,https://service.shmetro.com/hcskb/index.htm,1
Shanghai,Mainland China,23,Airport Link Line,7,published_average_interval,"operator statement, one average interval",3.37,17.8,17.815,17.815,,,,,,,,0
Shaoxing,Mainland China,1,Line 1 including the branch,33,press_quoted_operator_notice,press or government relay quoting the operator's notice,7.62,7.9,6.0,15.0,0.0,2024-04-01,2023-04-29,2026-08-23,press_quoted_operator_notice,,https://zjnews.zjol.com.cn/zjnews/202404/t20240401_26748587.shtml | https://zjnews.zjol.com.cn/zjnews/202305/t20230501_25695612.shtml,2
Shaoxing,Mainland China,2,Line 2,9,press_quoted_operator_notice,press or government relay quoting the operator's notice,6.49,9.2,8.0,8.0,0.0,2023-07-26,2023-07-26,2026-08-23,press_quoted_operator_notice,,https://tidenews.com.cn/news.html?id=2533830,1
Shenyang,Mainland China,1,Line 2,33,published_peak_offpeak_only,"operator statement, peak (and off-peak) values only, remainder filled by the bounded 2025 constant",10.55,5.7,2.917,5.396,0.884,2025-06-04,2025-06-04,2026-08-23,press_quoted_operator_notice,,https://news.qq.com/rain/a/20250604A08OCL00,1
Shenyang,Mainland China,2,Line 3,14,published_peak_offpeak_only,"operator statement, peak (and off-peak) values only, remainder filled by the bounded 2025 constant",6.47,9.3,6.667,8.334,0.879,2024-12-29,2024-12-29,2026-08-23,operator_wechat,,https://mp.weixin.qq.com/s/F4Lqpl87FZY32R9sFy1H7w,1
Shenyang,Mainland China,3,Line 4,23,published_peak_offpeak_only,"operator statement, peak (and off-peak) values only, remainder filled by the bounded 2025 constant",7.91,7.6,5.75,7.188,0.886,2023-09-27,2023-09-27,2026-08-23,press_quoted_operator_notice,,https://m.gmw.cn/2023-09/27/content_1303526189.htm,1
Shenyang,Mainland China,4,Line 9,23,published_peak_offpeak_only,"operator statement, peak (and off-peak) values only, remainder filled by the bounded 2025 constant",7.37,8.1,6.0,7.5,0.885,2023-04-27,2023-04-27,2026-08-23,government_relay,,https://www.shenyang.gov.cn/zwgk/zwdt/bxgz/202304/t20230427_4456421.html,1
Shenyang,Mainland China,5,Line 10,21,published_peak_offpeak_only,"operator statement, peak (and off-peak) values only, remainder filled by the bounded 2025 constant",7.43,8.1,6.117,7.646,0.886,2023-04-27,2023-04-27,2026-08-23,government_relay,,https://www.shenyang.gov.cn/zwgk/zwdt/bxgz/202304/t20230427_4456421.html,1
Shenyang,Mainland China,6,Line 1,32,published_peak_offpeak_only,"operator statement, peak (and off-peak) values only, remainder filled by the bounded 2025 constant",10.52,5.7,3.0,8.0,0.884,2025-06-29,2025-06-29,2026-08-23,operator_wechat,,https://mp.weixin.qq.com/s/Dq1oKg5ZBo-kWvTuEWOXyA,1
Shenzhen,Mainland China,1,Line 1 (Luobao),30,published_peak_offpeak_only,"operator statement, peak (and off-peak) values only, remainder filled by the bounded 2025 constant",19.86,3.0,1.917,2.727,0.431,2025-06-29,2025-06-29,2026-08-23,operator_wechat,,https://mp.weixin.qq.com/s/Dq1oKg5ZBo-kWvTuEWOXyA,1
Shenzhen,Mainland China,2,Line 2 / Line 8,42,published_interval_band_section,"operator statement, interval bands per section",9.14,6.6,2.5,6.417,0.0,2025-06-29,2023-12-28,2026-08-23,operator_web; operator_wechat,,https://mp.weixin.qq.com/s/Dq1oKg5ZBo-kWvTuEWOXyA | https://www.szmc.net/szmc_m/home/xinweenzhongxin/gonggaoxinwen/202312/103517.html,2
Shenzhen,Mainland China,3,Line 3 (Longgang),38,published_peak_offpeak_only,"operator statement, peak (and off-peak) values only, remainder filled by the bounded 2025 constant",15.61,3.8,2.0,3.529,0.942,2025-06-29,2025-06-29,2026-08-23,operator_wechat,,https://mp.weixin.qq.com/s/Dq1oKg5ZBo-kWvTuEWOXyA,1
Shenzhen,Mainland China,4,Line 4 (Longhua),23,published_peak_offpeak_only,"operator statement, peak (and off-peak) values only, remainder filled by the bounded 2025 constant",13.07,4.6,2.4,6.0,0.332,2023-11-23,2023-01-03,2026-09-02,press_quoted_operator_notice,,https://finance.sina.com.cn/jjxw/2023-11-23/doc-imzvreks5479038.shtml | https://www.sohu.com/a/624011669_121123851,2
Shenzhen,Mainland China,5,Line 5 (Huanzhong),34,published_peak_offpeak_only,"operator statement, peak (and off-peak) values only, remainder filled by the bounded 2025 constant",13.56,4.4,2.0,4.1,0.854,2025-06-04,2025-06-04,2026-08-23,press_quoted_operator_notice,,https://news.qq.com/rain/a/20250604A08OCL00,1
Shenzhen,Mainland China,6,Line 6 (Guangming),27,published_peak_offpeak_only,"operator statement, peak (and off-peak) values only, remainder filled by the bounded 2025 constant",10.04,6.0,2.333,6.0,0.925,2024-12-29,2023-04-27,2026-08-23,government_relay; operator_wechat; press_quoted_operator_notice,,https://mp.weixin.qq.com/s/F4Lqpl87FZY32R9sFy1H7w | https://m.gmw.cn/2023-09/27/content_1303526189.htm | https://www.shenyang.gov.cn/zwgk/zwdt/bxgz/202304/t20230427_4456421.html,3
Shenzhen,Mainland China,7,Line 6 branch,4,published_average_interval,"operator statement, one average interval",6.79,8.8,7.717,7.717,0.0,2023-04-27,2023-04-27,2026-08-23,government_relay,,https://www.shenyang.gov.cn/zwgk/zwdt/bxgz/202304/t20230427_4456421.html,1
Shenzhen,Mainland China,8,Line 7 (Xili),30,published_peak_offpeak_only,"operator statement, peak (and off-peak) values only, remainder filled by the bounded 2025 constant",9.44,6.4,3.333,7.583,0.292,2025-02-12,2025-02-12,2026-09-02,press_quoted_operator_notice,,https://www.thepaper.cn/newsDetail_forward_30141433,1
Shenzhen,Mainland China,9,Line 9 (Meilin),32,amap_interval_band,"Amap interval bands (undated, passed the acceptance test)",7.01,8.6,4.0,8.0,0.0,,,2026-09-06,amap_busline_timedesc,440300024054|440300024055,https://restapi.amap.com/v3/bus/linename?keywords=地铁9号线&city=<city>&extensions=all,1
Shenzhen,Mainland China,10,Line 10 (Bantian),24,published_peak_offpeak_only,"operator statement, peak (and off-peak) values only, remainder filled by the bounded 2025 constant",9.87,6.1,3.167,7.5,0.311,2025-02-12,2022-07-25,2026-09-02,government_relay; press_quoted_operator_notice,,https://www.thepaper.cn/newsDetail_forward_30141433 | http://sz.bendibao.com/jt/202346/917824.htm | https://www.yantian.gov.cn/cn/hdjl/dwzsk/ggjt/content/post_9977886.html,3
Shenzhen,Mainland China,11,Line 11 (Airport),21,published_peak_offpeak_only,"operator statement, peak (and off-peak) values only, remainder filled by the bounded 2025 constant",11.44,5.2,3.183,5.0,0.914,2025-06-30,2025-06-30,2026-08-23,government_relay,,https://www.sz.gov.cn/cn/xxgk/bmtx/content/post_12255035.html,1
Shenzhen,Mainland China,12,Line 12 (Nanbao),39,published_interval_band_section,"operator statement, interval bands per section",9.44,6.4,3.8,6.0,0.0,2024-01-02,2024-01-02,2026-08-23,government_relay,,http://jtys.sz.gov.cn/ydmh/jtzx/zyhy_1510/content/post_11081873.html,1
Shenzhen,Mainland China,13,Line 14 (Eastern Express),18,published_peak_offpeak_only,"operator statement, peak (and off-peak) values only, remainder filled by the bounded 2025 constant",10.08,6.0,2.333,6.334,0.865,2025-06-30,2025-06-30,2026-08-23,government_relay,,https://www.sz.gov.cn/cn/xxgk/bmtx/content/post_12255035.html,1
Shenzhen,Mainland China,14,Line 16 (Longping),24,published_interval_band_line,"operator statement, interval bands for the whole line",8.08,7.4,4.833,7.5,0.0,2025-09-29,2025-09-29,2026-08-23,operator_web,,https://www.szmc.net/home/xinwenzhongxin/gongsixinwen/202509/105275.html,1
Shenzhen,Mainland China,15,Line 20,5,published_interval_band_line,"operator statement, interval bands for the whole line",6.04,9.9,7.75,8.451,0.205,2025-05-22,2025-02-12,2026-09-02,government_relay; press_quoted_operator_notice,,https://jtys.sz.gov.cn/ydmh/jtcx/dtcx_180970/cxtx/content/post_12190669.html | https://www.thepaper.cn/newsDetail_forward_30141433,2
Shenzhen,Mainland China,16,Line 13 (Shiyan),7,amap_interval_band,"Amap interval bands (undated, passed the acceptance test)",9.0,6.7,5.0,6.0,0.0,,,2026-09-06,amap_busline_timedesc,900000094840|900000094841,https://restapi.amap.com/v3/bus/linename?keywords=地铁13号线(石岩线)&city=<city>&extensions=all,1
Shijiazhuang,Mainland China,1,Line 2,15,published_interval_band_line,"operator statement, interval bands for the whole line",6.65,9.0,6.5,8.0,0.0,2024-09-30,2021-12-16,2026-08-23,operator_web,,http://www.sjzmetro.cn/service/notice/7899.html | http://www.sjzmetro.cn/news_center/group/4870.html,2
Shijiazhuang,Mainland China,2,Line 3,22,published_interval_band_line,"operator statement, interval bands for the whole line",6.53,9.2,6.5,8.0,0.0,2024-09-30,2021-12-16,2026-08-23,operator_web,,http://www.sjzmetro.cn/service/notice/7899.html | http://www.sjzmetro.cn/news_center/group/4870.html,2
Shijiazhuang,Mainland China,3,Line 1,26,published_interval_band_line,"operator statement, interval bands for the whole line",7.28,8.2,5.0,8.0,0.0,2024-09-30,2021-12-16,2026-08-23,operator_web,,http://www.sjzmetro.cn/service/notice/7899.html | http://www.sjzmetro.cn/news_center/group/4870.html,2
Suzhou,Mainland China,1,Line 1,24,published_peak_offpeak_only,"operator statement, peak (and off-peak) values only, remainder filled by the bounded 2025 constant",12.43,4.8,2.0,4.95,0.443,2022-09-04,2022-09-04,2026-08-23,operator_web,,https://www.sz-mtr.com/service/information/notice/202210/992A7FF5.html,1
Suzhou,Mainland China,2,Line 2,35,published_peak_offpeak_only,"operator statement, peak (and off-peak) values only, remainder filled by the bounded 2025 constant",9.42,6.4,2.5,7.101,0.886,2022-09-04,2022-09-04,2026-08-23,operator_web,,https://www.sz-mtr.com/service/information/notice/202210/992A7FF5.html,1
Suzhou,Mainland China,3,Line 3,37,published_peak_offpeak_only,"operator statement, peak (and off-peak) values only, remainder filled by the bounded 2025 constant",8.26,7.3,5.0,7.001,0.767,2022-07-14,2022-07-14,2026-08-23,operator_web,,https://www.sz-mtr.com/service/information/notice/202210/7F41B1A6.html,1
Suzhou,Mainland China,4,Line 4,31,published_peak_offpeak_only,"operator statement, peak (and off-peak) values only, remainder filled by the bounded 2025 constant",8.46,7.1,3.333,7.101,0.367,2026-08-05,2022-07-14,2026-08-23,government_relay; operator_web,,https://www.suzhou.gov.cn/szsrmzf/mszx/202608/40056068bce34b68b418b25cf29221cc.shtml | https://www.sz-mtr.com/service/information/notice/202210/7F41B1A6.html,2
Suzhou,Mainland China,5,Line 5,34,published_peak_offpeak_only,"operator statement, peak (and off-peak) values only, remainder filled by the bounded 2025 constant",7.68,7.8,5.0,7.299,0.443,2022-07-14,2022-07-14,2026-08-23,operator_web,,https://www.sz-mtr.com/service/information/notice/202210/7F41B1A6.html,1
Suzhou,Mainland China,6,Line 6,31,amap_interval_band,"Amap interval bands (undated, passed the acceptance test)",7.78,7.7,6.0,7.0,0.0,,,2026-09-06,amap_busline_timedesc,900000116007|900000116008,https://restapi.amap.com/v3/bus/linename?keywords=轨道交通6号线&city=<city>&extensions=all,1
Suzhou,Mainland China,7,Line 7,29,published_peak_offpeak_only,"operator statement, peak (and off-peak) values only, remainder filled by the bounded 2025 constant",7.77,7.7,6.0,7.001,0.276,2024-11-29,2024-11-29,2026-08-23,press_quoted_operator_notice,,https://news.2500sz.com/doc/2024/11/29/1120220.shtml,1
Suzhou,Mainland China,8,Line 8,28,amap_interval_band,"Amap interval bands (undated, passed the acceptance test)",7.78,7.7,6.0,7.0,0.0,,,2026-09-06,amap_busline_timedesc,900000129461|900000129462,https://restapi.amap.com/v3/bus/linename?keywords=轨道交通8号线&city=<city>&extensions=all,1
Suzhou,Mainland China,9,Line 11 (ex-Kunshan S1),28,press_quoted_operator_notice,press or government relay quoting the operator's notice,7.14,8.4,7.0,8.0,0.236,2023-06-14,2023-06-14,2026-08-23,press_quoted_operator_notice,,https://news.qq.com/rain/a/20230614A05T4F00,1
Taichung,Taiwan,1,Green Line,18,tdx_frequency_bands,TDX Frequency endpoint bands,6.83,8.8,,,,,,,,,,0
Taipei,Taiwan,1,Bannan Line (Blue),23,tdx_frequency_bands,TDX Frequency endpoint bands,13.82,4.3,,,,,,,,,,0
Taipei,Taiwan,2,Wenhu Line (Brown),24,tdx_frequency_bands,TDX Frequency endpoint bands,10.64,5.6,,,,,,,,,,0
Taipei,Taiwan,3,Tamsui-Xinyi Line (Red),27,tdx_frequency_bands,TDX Frequency endpoint bands,7.02,8.5,,,,,,,,,,0
Taipei,Taiwan,4,Xinbeitou branch,2,tdx_frequency_bands,TDX Frequency endpoint bands,6.21,9.7,,,,,,,,,,0
Taipei,Taiwan,5,Songshan-Xindian Line (Green),19,tdx_frequency_bands,TDX Frequency endpoint bands,8.74,6.9,,,,,,,,,,0
Taipei,Taiwan,6,Xiaobitan branch,2,tdx_frequency_bands,TDX Frequency endpoint bands,3.55,16.9,,,,,,,,,,0
Taipei,Taiwan,7,"Zhonghe-Xinlu Line (Orange), Huilong branch",21,tdx_frequency_bands,TDX Frequency endpoint bands,6.79,8.8,,,,,,,,,,0
Taipei,Taiwan,8,"Zhonghe-Xinlu Line (Orange), Luzhou branch",17,tdx_frequency_bands,TDX Frequency endpoint bands,6.79,8.8,,,,,,,,,,0
Taipei,Taiwan,9,Circular Line (Yellow),14,tdx_frequency_bands,TDX Frequency endpoint bands,2.61,23.0,,,,,,,,,,0
Taiyuan,Mainland China,1,Line 1,24,published_interval_band_line,"operator statement, interval bands for the whole line",7.77,7.7,6.5,6.5,0.0,2025-02-18,2025-02-18,2026-09-02,operator_wechat,,https://mp.weixin.qq.com/s/4GgR0_QsmFn1NJHhAPlsRw,1
Taiyuan,Mainland China,2,Line 2,23,press_quoted_operator_notice,press or government relay quoting the operator's notice,6.68,9.0,6.5,8.0,0.0,2023-12-20,2023-12-20,2026-08-23,press_quoted_operator_notice,,http://www.sx.xinhuanet.com/20231221/803b8927c5bd4a5784750a7be894fe82/c.html,1
Taizhou,Mainland China,1,S1 Line,15,published_peak_offpeak_only,"operator statement, peak (and off-peak) values only, remainder filled by the bounded 2025 constant",6.9,8.7,5.5,9.39,0.314,2023-12-20,2023-12-20,2026-08-23,press_quoted_operator_notice,,http://www.sx.xinhuanet.com/20231221/803b8927c5bd4a5784750a7be894fe82/c.html,1
Taoyuan,Taiwan,1,Taoyuan Airport MRT,22,tdx_frequency_bands,TDX Frequency endpoint bands,3.9,15.4,,,,,,,,,,0
Tianjin,Mainland China,1,Line 1,32,published_peak_offpeak_only,"operator statement, peak (and off-peak) values only, remainder filled by the bounded 2025 constant",11.95,5.0,3.25,4.525,0.88,2023-03-15,2023-03-15,2026-08-23,press_quoted_operator_notice,,https://www.cnr.cn/tj/tjyw/20230316/t20230316_526184572.shtml,1
Tianjin,Mainland China,2,Line 2,20,published_peak_offpeak_only,"operator statement, peak (and off-peak) values only, remainder filled by the bounded 2025 constant",7.57,7.9,5.2,7.5,0.391,2026-04-22,2026-04-22,2026-08-23,press_quoted_operator_notice,,https://tidenews.com.cn/tmh_news.html?id=69e8dcf7385477000171adac,1
Tianjin,Mainland China,3,Line 3,26,press_quoted_operator_notice,press or government relay quoting the operator's notice,8.53,7.0,4.8,7.5,0.25,2025-01-11,2023-01-09,2026-08-23,press_quoted_operator_notice,,http://tj.people.com.cn/n2/2025/0112/c375366-41105343.html | https://m.gmw.cn/2023-01/09/content_1303248645.htm?source=sohu,2
Tianjin,Mainland China,4,Line 5,29,published_peak_offpeak_only,"operator statement, peak (and off-peak) values only, remainder filled by the bounded 2025 constant",8.92,6.7,4.8,6.667,0.707,2023-03-15,2023-03-15,2026-08-23,press_quoted_operator_notice,,https://www.cnr.cn/tj/tjyw/20230316/t20230316_526184572.shtml,1
Tianjin,Mainland China,5,Line 6,40,amap_interval_band,"Amap interval bands (undated, passed the acceptance test)",8.24,7.3,4.0,8.0,0.0,,,2026-09-06,amap_busline_timedesc,120100021325|120100021326,https://restapi.amap.com/v3/bus/linename?keywords=地铁6号线&city=<city>&extensions=all,1
Tianjin,Mainland China,6,Line 4,16,amap_interval_band,"Amap interval bands (undated, passed the acceptance test)",5.26,11.4,10.0,10.0,0.0,,,2026-09-06,amap_busline_timedesc,900000075525|900000075526,https://restapi.amap.com/v3/bus/linename?keywords=地铁4号线&city=<city>&extensions=all,1
Tianjin,Mainland China,7,Line 4,14,published_peak_offpeak_only,"operator statement, peak (and off-peak) values only, remainder filled by the bounded 2025 constant",8.14,7.4,4.5,8.0,0.276,2021-12-27,2021-12-27,2026-09-02,press_quoted_operator_notice,,http://tj.sina.cn/news/2021-12-27/detail-ikyamrmz1430622.d.html,1
Tianjin,Mainland China,8,Line 6,9,amap_interval_band,"Amap interval bands (undated, passed the acceptance test)",6.87,8.7,5.0,10.0,0.0,,,2026-09-06,amap_busline_timedesc,900000115252|900000115253,https://restapi.amap.com/v3/bus/linename?keywords=地铁6号线&city=<city>&extensions=all,1
Tianjin,Mainland China,9,"Line 9 (津滨轻轨, Binhai Mass Transit)",21,published_peak_offpeak_only,"operator statement, peak (and off-peak) values only, remainder filled by the bounded 2025 constant",9.01,6.7,4.5,6.667,0.71,2023-03-15,2023-03-15,2026-08-23,press_quoted_operator_notice,,https://www.cnr.cn/tj/tjyw/20230316/t20230316_526184572.shtml,1
Tianjin,Mainland China,10,Line 10,21,published_peak_offpeak_only,"operator statement, peak (and off-peak) values only, remainder filled by the bounded 2025 constant",7.6,7.9,5.0,7.5,0.883,2022-11-17,2022-11-17,2026-08-23,press_quoted_operator_notice,,http://tj.people.com.cn/n2/2022/1117/c375366-40198472.html,1
Tianjin,Mainland China,11,Tianjin-Jinghai Line (Tianjin-Jinghai Line),4,published_peak_offpeak_only,"operator statement, peak (and off-peak) values only, remainder filled by the bounded 2025 constant",4.05,14.8,10.0,15.0,0.258,2024-09-28,2024-09-28,2026-09-02,press_quoted_operator_notice,,https://epaper.tianjinwe.com/tjrb/html/2024-09/28/content_143082_1339151.htm,1
Tianjin,Mainland China,12,Line 11,21,amap_interval_band,"Amap interval bands (undated, passed the acceptance test)",7.31,8.2,5.0,9.0,0.0,,,2026-09-06,amap_busline_timedesc,900000082333|900000082334,https://restapi.amap.com/v3/bus/linename?keywords=地铁11号线&city=<city>&extensions=all,1
Tokyo,Japan,1,Ginza Line,19,gtfs_weekday_trips,weekday trips counted in the GTFS feed,17.0,3.5,,,,,,,,,,0
Tokyo,Japan,2,Marunouchi Line,28,gtfs_weekday_trips,weekday trips counted in the GTFS feed,15.79,3.8,,,,,,,,,,0
Tokyo,Japan,3,Marunouchi Line Honancho branch,4,gtfs_weekday_trips,weekday trips counted in the GTFS feed,5.24,11.5,,,,,,,,,,0
Tokyo,Japan,4,Hibiya Line,22,gtfs_weekday_trips,weekday trips counted in the GTFS feed,14.79,4.1,,,,,,,,,,0
Tokyo,Japan,5,Tozai Line,23,gtfs_weekday_trips,weekday trips counted in the GTFS feed,11.21,5.4,,,,,,,,,,0
Tokyo,Japan,6,Chiyoda Line,20,gtfs_weekday_trips,weekday trips counted in the GTFS feed,13.21,4.5,,,,,,,,,,0
Tokyo,Japan,7,Yurakucho Line,24,gtfs_weekday_trips,weekday trips counted in the GTFS feed,11.53,5.2,,,,,,,,,,0
Tokyo,Japan,8,Hanzomon Line,14,gtfs_weekday_trips,weekday trips counted in the GTFS feed,14.63,4.1,,,,,,,,,,0
Tokyo,Japan,9,Namboku Line,19,gtfs_weekday_trips,weekday trips counted in the GTFS feed,9.95,6.0,,,,,,,,,,0
Tokyo,Japan,10,Fukutoshin Line,16,gtfs_weekday_trips,weekday trips counted in the GTFS feed,7.61,7.9,,,,,,,,,,0
Tokyo,Japan,11,Toei Asakusa Line,20,gtfs_weekday_trips,weekday trips counted in the GTFS feed,8.47,7.1,,,,,,,,,,0
Tokyo,Japan,12,Toei Mita Line,27,gtfs_weekday_trips,weekday trips counted in the GTFS feed,10.47,5.7,,,,,,,,,,0
Tokyo,Japan,13,Toei Shinjuku Line,21,gtfs_weekday_trips,weekday trips counted in the GTFS feed,9.84,6.1,,,,,,,,,,0
Tokyo,Japan,14,Toei Oedo Line,38,gtfs_weekday_trips,weekday trips counted in the GTFS feed,10.32,5.8,,,,,,,,,,0
Tokyo,Japan,15,Yurikamome (Tokyo Waterfront New Transit Line),16,gtfs_weekday_trips,weekday trips counted in the GTFS feed,12.21,4.9,,,,,,,,,,0
Tokyo,Japan,16,Nippori-Toneri Liner,13,gtfs_weekday_trips,weekday trips counted in the GTFS feed,12.82,4.7,,,,,,,,,,0
Tokyo,Japan,17,Tokyo Monorail Haneda Airport Line,11,gtfs_weekday_trips,weekday trips counted in the GTFS feed,7.79,7.7,,,,,,,,,,0
Wenzhou,Mainland China,1,S1 Line,18,published_interval_band_line,"operator statement, interval bands for the whole line",4.52,13.3,9.283,10.0,0.229,2025-05-06,2025-05-06,2026-08-23,government_relay,,http://leaders.people.com.cn/n1/2025/0506/c58278-40473845.html,1
Wenzhou,Mainland China,2,S2 Line,20,published_peak_offpeak_only,"operator statement, peak (and off-peak) values only, remainder filled by the bounded 2025 constant",5.23,11.5,9.283,10.0,0.271,2025-05-06,2025-05-06,2026-08-23,government_relay,,http://leaders.people.com.cn/n1/2025/0506/c58278-40473845.html,1
Wuhan,Mainland China,1,Line 1,32,published_peak_offpeak_only,"operator statement, peak (and off-peak) values only, remainder filled by the bounded 2025 constant",11.85,5.1,3.3,4.858,0.825,2025-03-06,2023-02-13,2026-08-23,government_relay,,https://www.wuhan.gov.cn/hdjl/rdhy/202503/t20250306_2548208.shtml | https://jtj.wuhan.gov.cn/jtzx/zwdt/202302/t20230213_2151487.shtml,2
Wuhan,Mainland China,2,Line 2,38,published_peak_offpeak_only,"operator statement, peak (and off-peak) values only, remainder filled by the bounded 2025 constant",12.99,4.6,2.7,4.532,0.827,2025-03-06,2023-02-13,2026-08-23,government_relay,,https://www.wuhan.gov.cn/hdjl/rdhy/202503/t20250306_2548208.shtml | https://jtj.wuhan.gov.cn/jtzx/zwdt/202302/t20230213_2151487.shtml,2
Wuhan,Mainland China,3,Line 3,24,amap_interval_band,"Amap interval bands (undated, passed the acceptance test)",8.95,6.7,4.0,6.0,0.0,,,2026-09-06,amap_busline_timedesc,420100024331|420100024332,https://restapi.amap.com/v3/bus/linename?keywords=轨道交通3号线&city=<city>&extensions=all,1
Wuhan,Mainland China,4,Line 4,37,published_peak_offpeak_only,"operator statement, peak (and off-peak) values only, remainder filled by the bounded 2025 constant",12.41,4.8,2.7,4.435,0.941,2025-03-06,2025-03-06,2026-08-23,government_relay,,https://www.wuhan.gov.cn/hdjl/rdhy/202503/t20250306_2548208.shtml,1
Wuhan,Mainland China,5,Line 5,27,published_peak_offpeak_only,"operator statement, peak (and off-peak) values only, remainder filled by the bounded 2025 constant",10.83,5.5,4.0,5.231,0.77,2025-03-06,2025-03-06,2026-08-23,government_relay,,https://www.wuhan.gov.cn/hdjl/rdhy/202503/t20250306_2548208.shtml,1
Wuhan,Mainland China,6,Line 7,37,published_peak_offpeak_only,"operator statement, peak (and off-peak) values only, remainder filled by the bounded 2025 constant",8.98,6.7,4.5,5.964,0.941,2023-02-13,2023-02-13,2026-08-23,government_relay,,https://jtj.wuhan.gov.cn/jtzx/zwdt/202302/t20230213_2151487.shtml,1
Wuhan,Mainland China,7,Line 8,26,transcription_2025_unsourced,"2025 constant, no source",8.88,6.8,6.757,6.757,,,,,,,,0
Wuhan,Mainland China,8,Line 11,23,transcription_2025_unsourced,"2025 constant, no source",8.59,7.0,6.985,6.985,,,,,,,,0
Wuhan,Mainland China,9,Line 16,14,amap_interval_band,"Amap interval bands (undated, passed the acceptance test)",5.58,10.8,9.0,9.0,0.0,,,2026-09-06,amap_busline_timedesc,900000090803|900000094219,https://restapi.amap.com/v3/bus/linename?keywords=轨道交通16号线&city=<city>&extensions=all,1
Wuhan,Mainland China,10,Line 19,7,amap_interval_band,"Amap interval bands (undated, passed the acceptance test)",5.7,10.5,9.0,9.0,0.0,,,2026-09-06,amap_busline_timedesc,900000115789|900000115790,https://restapi.amap.com/v3/bus/linename?keywords=轨道交通19号线&city=<city>&extensions=all,1
Wuhan,Mainland China,11,Yangluo line,16,transcription_2025_unsourced,"2025 constant, no source",8.29,7.2,7.238,7.238,,,,,,,,0
Wuhan,Mainland China,12,Line 6,32,published_peak_offpeak_only,"operator statement, peak (and off-peak) values only, remainder filled by the bounded 2025 constant",7.36,8.1,6.0,7.238,0.942,2023-02-13,2023-02-13,2026-08-23,government_relay,,https://jtj.wuhan.gov.cn/jtzx/zwdt/202302/t20230213_2151487.shtml,1
Wuhu,Mainland China,1,Line 1,25,published_peak_offpeak_only,"operator statement, peak (and off-peak) values only, remainder filled by the bounded 2025 constant",5.29,11.3,5.817,11.634,0.746,2025-03-06,2025-03-06,2026-08-23,government_relay,,https://www.wuhan.gov.cn/hdjl/rdhy/202503/t20250306_2548208.shtml,1
Wuhu,Mainland China,2,Line 2,11,published_peak_offpeak_only,"operator statement, peak (and off-peak) values only, remainder filled by the bounded 2025 constant",5.66,10.6,5.567,11.134,0.749,2025-03-06,2025-03-06,2026-08-23,government_relay,,https://www.wuhan.gov.cn/hdjl/rdhy/202503/t20250306_2548208.shtml,1
Wuxi,Mainland China,1,Line 1 with through-running S1,27,published_peak_offpeak_only,"operator statement, peak (and off-peak) values only, remainder filled by the bounded 2025 constant",7.67,7.8,5.0,7.5,0.429,2023-12-02,2023-12-02,2026-08-23,press_quoted_operator_notice,,https://www.sina.cn/news/detail/4974439865780381.html,1
Wuxi,Mainland China,3,Line 2,22,published_peak_offpeak_only,"operator statement, peak (and off-peak) values only, remainder filled by the bounded 2025 constant",8.07,7.4,5.0,7.5,0.258,2024-10-30,2024-10-30,2026-08-23,press_quoted_operator_notice,,https://m.163.com/dy/article/JFOA2TEQ0512GU5O.html,1
Wuxi,Mainland China,4,Line 3,21,published_peak_offpeak_only,"operator statement, peak (and off-peak) values only, remainder filled by the bounded 2025 constant",6.53,9.2,7.742,10.0,0.287,2024-07-04,2024-07-04,2026-08-23,government_relay,,https://www.wnd.gov.cn/doc/2024/07/04/4343501.shtml,1
Wuxi,Mainland China,5,Line 4,29,press_quoted_operator_notice,press or government relay quoting the operator's notice,5.6,10.7,8.0,9.8,0.0,2021-12-22,2021-12-22,2026-08-23,press_quoted_operator_notice,,https://m.wx.bendibao.com/traffic/59238.shtm,1
Xiamen,Mainland China,1,Line 1,24,published_interval_band_line,"operator statement, interval bands for the whole line",10.02,6.0,4.167,7.5,0.233,2024-07-19,2018-11-20,2026-08-23,government_relay; press_quoted_operator_notice,,https://fj.sina.cn/hulitoutiao/2024-07-19/detail-incerrqz5375760.d.html | https://www.chinametro.net/index.php?m=mobilenewscon&id=539&aid=46077,2
Xiamen,Mainland China,2,Line 2,32,published_peak_offpeak_only,"operator statement, peak (and off-peak) values only, remainder filled by the bounded 2025 constant",9.0,6.7,2.667,7.5,0.879,2023-07-01,2023-07-01,2026-08-23,press_quoted_operator_notice,,https://www.fjdaily.com/app/content/2023-07/01/content_1943403.html,1
Xiamen,Mainland China,3,Line 3,21,published_interval_band_section,"operator statement, interval bands per section",5.95,10.1,5.5,13.833,0.246,2021-07-12,2021-06-18,2026-08-23,government_relay; press_quoted_operator_notice,,https://www.fjdaily.com/app/content/2021-07/12/content_1073472.html | https://www.investxiamen.org.cn/detail/4078.html,2
Xian,Mainland China,1,Line 1,30,published_peak_offpeak_only,"operator statement, peak (and off-peak) values only, remainder filled by the bounded 2025 constant",10.2,5.9,2.967,6.0,0.886,2023-07-01,2023-07-01,2026-08-23,press_quoted_operator_notice,,https://www.fjdaily.com/app/content/2023-07/01/content_1943403.html,1
Xian,Mainland China,2,Line 2,25,published_peak_offpeak_only,"operator statement, peak (and off-peak) values only, remainder filled by the bounded 2025 constant",12.34,4.9,2.467,5.0,0.887,2023-07-01,2023-07-01,2026-08-23,press_quoted_operator_notice,,https://www.fjdaily.com/app/content/2023-07/01/content_1943403.html,1
Xian,Mainland China,3,Line 3,26,published_peak_offpeak_only,"operator statement, peak (and off-peak) values only, remainder filled by the bounded 2025 constant",12.0,5.0,2.5,5.0,0.883,2021-06-18,2021-06-18,2026-08-23,government_relay,,https://www.investxiamen.org.cn/detail/4078.html,1
Xian,Mainland China,4,Line 4,29,published_peak_offpeak_only,"operator statement, peak (and off-peak) values only, remainder filled by the bounded 2025 constant",9.31,6.4,3.483,6.316,0.883,2018-11-20,2018-11-20,2026-08-23,press_quoted_operator_notice,,https://www.chinametro.net/index.php?m=mobilenewscon&id=539&aid=46077,1
Xian,Mainland China,5,Line 5,34,published_peak_offpeak_only,"operator statement, peak (and off-peak) values only, remainder filled by the bounded 2025 constant",6.98,8.6,4.167,8.571,0.883,2021-06-18,2021-06-18,2026-08-23,government_relay,,https://www.investxiamen.org.cn/detail/4078.html,1
Xian,Mainland China,6,Line 6,32,published_peak_offpeak_only,"operator statement, peak (and off-peak) values only, remainder filled by the bounded 2025 constant",13.06,4.6,2.733,4.444,0.824,2024-07-19,2018-11-20,2026-08-23,government_relay; press_quoted_operator_notice,,https://fj.sina.cn/hulitoutiao/2024-07-19/detail-incerrqz5375760.d.html | https://www.fjdaily.com/app/content/2023-07/01/content_1943403.html | https://www.chinametro.net/index.php?m=mobilenewscon&id=539&aid=46077,3
Xian,Mainland China,7, Line 8 (Loop Line),37,published_peak_offpeak_only,"operator statement, peak (and off-peak) values only, remainder filled by the bounded 2025 constant",10.56,5.7,4.3,5.375,0.887,2024-12-26,2021-07-12,2026-08-23,government_relay; press_quoted_operator_notice,,http://pub.cnwest.com/data/content/2025/01/3946.html | https://www.fjdaily.com/app/content/2021-07/12/content_1073472.html,2
Xian,Mainland China,8, Line 8 (Loop Line),37,published_peak_offpeak_only,"operator statement, peak (and off-peak) values only, remainder filled by the bounded 2025 constant",10.56,5.7,4.3,5.375,0.887,2024-12-26,2021-07-12,2026-08-23,government_relay; press_quoted_operator_notice,,http://pub.cnwest.com/data/content/2025/01/3946.html | https://www.fjdaily.com/app/content/2021-07/12/content_1073472.html,2
Xian,Mainland China,9,Line 9,15,published_peak_offpeak_only,"operator statement, peak (and off-peak) values only, remainder filled by the bounded 2025 constant",7.36,8.2,5.667,7.084,0.875,2025-09-29,2025-09-29,2026-08-23,press_quoted_operator_notice,,https://epaper.sanqin.com/html/pic/202509/29/36846c03-4a42-4d54-a373-dc411c415edb.pdf,1
Xian,Mainland China,10,Line 10,17,published_peak_offpeak_only,"operator statement, peak (and off-peak) values only, remainder filled by the bounded 2025 constant",6.22,9.6,7.05,8.604,0.879,2025-09-29,2024-09-25,2026-08-23,press_quoted_operator_notice,,https://epaper.sanqin.com/html/pic/202509/29/36846c03-4a42-4d54-a373-dc411c415edb.pdf | http://m.cnwest.com/sxxw/a/2024/09/25/22798196.html,2
Xian,Mainland China,14,Line 14,18,published_peak_offpeak_only,"operator statement, peak (and off-peak) values only, remainder filled by the bounded 2025 constant",6.07,9.9,6.9,8.625,0.879,2025-09-29,2025-09-29,2026-08-23,press_quoted_operator_notice,,https://epaper.sanqin.com/html/pic/202509/29/36846c03-4a42-4d54-a373-dc411c415edb.pdf,1
Xian,Mainland China,16,Line 16,9,published_peak_offpeak_only,"operator statement, peak (and off-peak) values only, remainder filled by the bounded 2025 constant",5.62,10.7,7.417,9.271,0.875,2025-09-29,2025-09-29,2026-08-23,press_quoted_operator_notice,,https://epaper.sanqin.com/html/pic/202509/29/36846c03-4a42-4d54-a373-dc411c415edb.pdf,1
Xuzhou,Mainland China,1,Line 1,18,published_interval_band_line,"operator statement, interval bands for the whole line",6.82,8.8,5.5,8.667,0.0,2025-03-21,2022-12-30,2026-08-23,operator_wechat; press_quoted_operator_notice,,https://www.sina.cn/news/detail/5146692757750392.html | https://www.sohu.com/a/622921928_121117454,2
Xuzhou,Mainland China,2,Line 2,20,press_quoted_operator_notice,press or government relay quoting the operator's notice,6.8,8.8,6.5,8.667,0.003,2022-12-30,2022-12-30,2026-08-23,press_quoted_operator_notice,,https://www.sohu.com/a/622921928_121117454,1
Xuzhou,Mainland China,3,Line 3,22,press_quoted_operator_notice,press or government relay quoting the operator's notice,6.8,8.8,6.5,9.0,0.0,2024-12-03,2022-12-30,2026-08-23,press_quoted_operator_notice,,http://www.js.xinhuanet.com/20241203/97e57f50e823403685b6225ec68308d6/c.html | https://www.sohu.com/a/622921928_121117454,2
Yokohama,Japan,1,Blue Line (Lines 1 and 3),32,gtfs_weekday_trips,weekday trips counted in the GTFS feed,8.11,7.4,,,,,,,,,,0
Yokohama,Japan,2,Green Line (Line 4),10,gtfs_weekday_trips,weekday trips counted in the GTFS feed,8.74,6.9,,,,,,,,,,0
Zhengzhou,Mainland China,1,Line 1,30,amap_interval_band,"Amap interval bands (undated, passed the acceptance test)",9.49,6.3,3.0,8.0,0.0,,,2026-09-06,amap_busline_timedesc,410100022629|410100022630,https://restapi.amap.com/v3/bus/linename?keywords=地铁1号线&city=<city>&extensions=all,1
Zhengzhou,Mainland China,2,Line 2,22,amap_interval_band,"Amap interval bands (undated, passed the acceptance test)",10.13,5.9,3.0,10.0,0.0,,,2026-09-06,amap_busline_timedesc,410100021064|410100021065,https://restapi.amap.com/v3/bus/linename?keywords=地铁2号线&city=<city>&extensions=all,1
Zhengzhou,Mainland China,3,Line 3,25,press_quoted_operator_notice,press or government relay quoting the operator's notice,8.26,7.3,4.75,10.0,0.172,2025-02-06,2025-02-06,2026-08-23,press_quoted_operator_notice,,https://henan.sina.cn/news/m/2025-02-06/detail-ineiparm4438034.d.html,1
Zhengzhou,Mainland China,4,Line 4,27,amap_interval_band,"Amap interval bands (undated, passed the acceptance test)",4.31,13.9,10.0,15.0,0.0,,,2026-09-06,amap_busline_timedesc,900000075797|900000075798,https://restapi.amap.com/v3/bus/linename?keywords=地铁4号线&city=<city>&extensions=all,1
Zhengzhou,Mainland China,5,Line 5,32,published_peak_offpeak_only,"operator statement, peak (and off-peak) values only, remainder filled by the bounded 2025 constant",8.09,7.4,4.0,8.0,0.771,2023-02-23,2021-12-23,2026-09-02,operator_web; press_quoted_operator_notice,,https://henan.sina.cn/news/z/2023-02-23/detail-imyhrutf0335780.d.html | http://www.zzmetro.com/article/index/id/3134,2
Zhengzhou,Mainland China,6,Line 5,32,published_peak_offpeak_only,"operator statement, peak (and off-peak) values only, remainder filled by the bounded 2025 constant",8.09,7.4,4.0,8.0,0.771,2023-02-23,2021-12-23,2026-09-02,operator_web; press_quoted_operator_notice,,https://henan.sina.cn/news/z/2023-02-23/detail-imyhrutf0335780.d.html | http://www.zzmetro.com/article/index/id/3134,2
Zhengzhou,Mainland China,7,Line 6,28,published_peak_offpeak_only,"operator statement, peak (and off-peak) values only, remainder filled by the bounded 2025 constant",7.49,8.0,5.0,9.333,0.299,2025-07-07,2024-12-02,2026-09-02,government_relay; press_quoted_operator_notice,,https://henan.sina.cn/news/z/2025-07-07/detail-infeqytq9953598.d.html | https://zzjt.zhengzhou.gov.cn/jtyw/8859237.jhtml,2
Zhengzhou,Mainland China,8,Line 7,21,published_peak_offpeak_only,"operator statement, peak (and off-peak) values only, remainder filled by the bounded 2025 constant",7.12,8.4,6.0,9.433,0.304,2025-07-07,2024-12-28,2026-09-02,press_quoted_operator_notice,,https://henan.sina.cn/news/z/2025-07-07/detail-infeqytq9953598.d.html | https://www.sohu.com/a/842813778_120109837,2
Zhengzhou,Mainland China,9,Line 8,28,amap_interval_band,"Amap interval bands (undated, passed the acceptance test)",6.25,9.6,7.0,9.0,0.0,,,2026-09-06,amap_busline_timedesc,900000139439|900000139440,https://restapi.amap.com/v3/bus/linename?keywords=地铁8号线&city=<city>&extensions=all,1
Zhengzhou,Mainland China,10,Line 12,11,amap_interval_band,"Amap interval bands (undated, passed the acceptance test)",4.54,13.2,12.0,12.0,0.0,,,2026-09-06,amap_busline_timedesc,900000150086|900000150090,https://restapi.amap.com/v3/bus/linename?keywords=地铁12号线&city=<city>&extensions=all,1
Zhengzhou,Mainland China,11,Line 14,6,amap_interval_band,"Amap interval bands (undated, passed the acceptance test)",3.37,17.8,11.0,17.0,0.0,,,2026-09-06,amap_busline_timedesc,900000104418|900000104419,https://restapi.amap.com/v3/bus/linename?keywords=地铁14号线&city=<city>&extensions=all,1
Zhengzhou,Mainland China,12,Chengjiao Line,19,published_peak_offpeak_only,"operator statement, peak (and off-peak) values only, remainder filled by the bounded 2025 constant",3.37,17.8,9.0,16.173,0.743,2023-02-20,2023-02-20,2026-09-02,press_quoted_operator_notice,,https://henan.sina.cn/news/z/2023-02-20/detail-imyhhxhc7470023.d.html,1
Zhengzhou,Mainland China,13,Zhengzhou-Xuchang Line,27,published_interval_band_line,"operator statement, interval bands for the whole line",3.58,16.7,10.0,15.0,0.071,2023-12-28,2023-12-27,2026-09-02,government_relay; press_quoted_operator_notice,,https://shifanqu.xuchang.gov.cn/shms/014002/20240101/88f6240e-8a68-40fe-ba44-56e1660c9e47.html | https://news.qq.com/rain/a/20231227A01EMT00,2
Zhengzhou,Mainland China,14,Line 10,12,amap_interval_band,"Amap interval bands (undated, passed the acceptance test)",5.85,10.3,9.0,10.0,0.0,,,2026-09-06,amap_busline_timedesc,900000090721|900000090734,https://restapi.amap.com/v3/bus/linename?keywords=地铁10号线&city=<city>&extensions=all,1
Ürümqi,Mainland China,1,Line 1,21,press_quoted_operator_notice,press or government relay quoting the operator's notice,5.26,11.4,6.0,10.0,0.0,2024-06-18,2024-06-18,2026-09-02,press_quoted_operator_notice,,https://view.inews.qq.com/a/20240618A0A7R800,1
Ürümqi,Mainland China,2,Airport MRT,2,published_peak_offpeak_only,"operator statement, peak (and off-peak) values only, remainder filled by the bounded 2025 constant",3.3,18.2,15.0,15.0,0.489,2025-07-31,2025-07-31,2026-09-02,government_relay,,http://www.cjxww.cn/new/cjwnews/cjwcnNews/202507/t20250731_29877324.html,1
