city,jurisdiction,route_id,line,n_stations,basis_label,basis,trains_per_hour,headway_min,published_peak_headway_min,published_offpeak_headway_min,constant_fill_share,newest_source_date,oldest_source_date,read_on,source_types,n_bands,band_ids,amap_record_ids,urls,n_urls
Beijing,Mainland China,1,1号线八通线,37,operator_timetable_departures,departures counted hour by hour on the operator's station timetables,13.16,4.6,2.0,8.571,0.0,2026-05-15,2026-05-15,2026-08-23,operator_timetable_page,37,NOTE-BEI-0373|NOTE-BEI-0374|NOTE-BEI-0375|NOTE-BEI-0376|NOTE-BEI-0377|NOTE-BEI-0378|NOTE-BEI-0379|NOTE-BEI-0380|NOTE-BEI-0381|NOTE-BEI-0382|NOTE-BEI-0383|NOTE-BEI-0384|NOTE-BEI-0385|NOTE-BEI-0386|NOTE-BEI-0387|NOTE-BEI-0388|NOTE-BEI-0389|NOTE-BEI-0390|NOTE-BEI-0391|NOTE-BEI-0392|NOTE-BEI-0393|NOTE-BEI-0394|NOTE-BEI-0395|NOTE-BEI-0396|NOTE-BEI-0397|NOTE-BEI-0398|NOTE-BEI-0399|NOTE-BEI-0400|NOTE-BEI-0401|NOTE-BEI-0402|NOTE-BEI-0403|NOTE-BEI-0404|NOTE-BEI-0405|NOTE-BEI-0406|NOTE-BEI-0407|NOTE-BEI-0408|NOTE-BEI-0409,,https://eos-beijing-2.cmecloud.cn/app-dtstatic/%E5%85%AB%E9%80%9A%E7%BA%BF-%E7%8E%AF%E7%90%83%E5%BA%A6%E5%81%87%E5%8C%BA%E7%AB%99-%E8%8B%B9%E6%9E%9C%E5%9B%AD%E7%AB%99%E6%96%B9%E5%90%91-%E5%B7%A5%E4%BD%9C%E6%97%A5.jpg | https://eos-beijing-2.cmecloud.cn/app-dtstatic/1%E5%8F%B7%E7%BA%BF-%E8%8B%B9%E6%9E%9C%E5%9B%AD%E7%AB%99-%E7%8E%AF%E7%90%83%E5%BA%A6%E5%81%87%E5%8C%BA%E7%AB%99%E6%96%B9%E5%90%91-%E5%B7%A5%E4%BD%9C%E6%97%A5.jpg,2
Beijing,Mainland China,2,2号线,18,inherited_from_trunk,inherited from the trunk route of the same line,10.87,5.5,3.158,8.571,0.0,2026-07-15,2026-07-15,2026-08-23,operator_timetable_page,37,NOTE-BEI-0410|NOTE-BEI-0411|NOTE-BEI-0412|NOTE-BEI-0413|NOTE-BEI-0414|NOTE-BEI-0415|NOTE-BEI-0416|NOTE-BEI-0417|NOTE-BEI-0418|NOTE-BEI-0419|NOTE-BEI-0420|NOTE-BEI-0421|NOTE-BEI-0422|NOTE-BEI-0423|NOTE-BEI-0424|NOTE-BEI-0425|NOTE-BEI-0426|NOTE-BEI-0427|NOTE-BEI-0428|NOTE-BEI-0429|NOTE-BEI-0430|NOTE-BEI-0431|NOTE-BEI-0432|NOTE-BEI-0433|NOTE-BEI-0434|NOTE-BEI-0435|NOTE-BEI-0436|NOTE-BEI-0437|NOTE-BEI-0438|NOTE-BEI-0439|NOTE-BEI-0440|NOTE-BEI-0441|NOTE-BEI-0442|NOTE-BEI-0443|NOTE-BEI-0444|NOTE-BEI-0445|NOTE-BEI-0446,,https://eos-beijing-2.cmecloud.cn/app-dtstatic/2%E5%8F%B7%E7%BA%BF-%E8%A5%BF%E7%9B%B4%E9%97%A8%E7%AB%99-%E8%BD%A6%E5%85%AC%E5%BA%84%E7%AB%99%E6%96%B9%E5%90%91-%E5%B7%A5%E4%BD%9C%E6%97%A5.jpg | https://eos-beijing-2.cmecloud.cn/app-dtstatic/2%E5%8F%B7%E7%BA%BF-%E8%BD%A6%E5%85%AC%E5%BA%84%E7%AB%99-%E8%A5%BF%E7%9B%B4%E9%97%A8%E7%AB%99%E6%96%B9%E5%90%91-%E5%B7%A5%E4%BD%9C%E6%97%A5.jpg,2
Beijing,Mainland China,3,2号线,18,inherited_from_trunk,inherited from the trunk route of the same line,10.87,5.5,3.158,8.571,0.0,2026-07-15,2026-07-15,2026-08-23,operator_timetable_page,37,NOTE-BEI-0410|NOTE-BEI-0411|NOTE-BEI-0412|NOTE-BEI-0413|NOTE-BEI-0414|NOTE-BEI-0415|NOTE-BEI-0416|NOTE-BEI-0417|NOTE-BEI-0418|NOTE-BEI-0419|NOTE-BEI-0420|NOTE-BEI-0421|NOTE-BEI-0422|NOTE-BEI-0423|NOTE-BEI-0424|NOTE-BEI-0425|NOTE-BEI-0426|NOTE-BEI-0427|NOTE-BEI-0428|NOTE-BEI-0429|NOTE-BEI-0430|NOTE-BEI-0431|NOTE-BEI-0432|NOTE-BEI-0433|NOTE-BEI-0434|NOTE-BEI-0435|NOTE-BEI-0436|NOTE-BEI-0437|NOTE-BEI-0438|NOTE-BEI-0439|NOTE-BEI-0440|NOTE-BEI-0441|NOTE-BEI-0442|NOTE-BEI-0443|NOTE-BEI-0444|NOTE-BEI-0445|NOTE-BEI-0446,,https://eos-beijing-2.cmecloud.cn/app-dtstatic/2%E5%8F%B7%E7%BA%BF-%E8%A5%BF%E7%9B%B4%E9%97%A8%E7%AB%99-%E8%BD%A6%E5%85%AC%E5%BA%84%E7%AB%99%E6%96%B9%E5%90%91-%E5%B7%A5%E4%BD%9C%E6%97%A5.jpg | https://eos-beijing-2.cmecloud.cn/app-dtstatic/2%E5%8F%B7%E7%BA%BF-%E8%BD%A6%E5%85%AC%E5%BA%84%E7%AB%99-%E8%A5%BF%E7%9B%B4%E9%97%A8%E7%AB%99%E6%96%B9%E5%90%91-%E5%B7%A5%E4%BD%9C%E6%97%A5.jpg,2
Beijing,Mainland China,4,4号线大兴线,35,operator_timetable_departures,departures counted hour by hour on the operator's station timetables,13.99,4.3,1.717,7.667,0.0,2026-05-28,2013-03-16,2026-08-23,operator_timetable_page; operator_web,37,NOTE-BEI-0019|NOTE-BEI-0484|NOTE-BEI-0485|NOTE-BEI-0486|NOTE-BEI-0487|NOTE-BEI-0488|NOTE-BEI-0489|NOTE-BEI-0490|NOTE-BEI-0491|NOTE-BEI-0492|NOTE-BEI-0493|NOTE-BEI-0494|NOTE-BEI-0495|NOTE-BEI-0496|NOTE-BEI-0497|NOTE-BEI-0498|NOTE-BEI-0499|NOTE-BEI-0500|NOTE-BEI-0501|NOTE-BEI-0503|NOTE-BEI-0504|NOTE-BEI-0505|NOTE-BEI-0506|NOTE-BEI-0507|NOTE-BEI-0508|NOTE-BEI-0509|NOTE-BEI-0510|NOTE-BEI-0511|NOTE-BEI-0512|NOTE-BEI-0513|NOTE-BEI-0514|NOTE-BEI-0515|NOTE-BEI-0516|NOTE-BEI-0517|NOTE-BEI-0518|NOTE-BEI-0519|NOTE-BEI-0520,,https://www.mtr.bj.cn/service/line/station/5d5a1958b1ea0278b8fffd7f.html | https://www.mtr.bj.cn/service/line/station/5d5a18eeb1ea0278b8fffd5d.html | https://www.mtr.bj.cn/article/5d67b7f80fa1a0bbdccc720f.html,3
Beijing,Mainland China,5,5号线,23,operator_timetable_departures,departures counted hour by hour on the operator's station timetables,13.97,4.3,2.143,8.571,0.0,2026-07-15,2026-07-15,2026-08-23,operator_timetable_page,37,NOTE-BEI-0522|NOTE-BEI-0523|NOTE-BEI-0524|NOTE-BEI-0525|NOTE-BEI-0526|NOTE-BEI-0527|NOTE-BEI-0528|NOTE-BEI-0529|NOTE-BEI-0530|NOTE-BEI-0531|NOTE-BEI-0532|NOTE-BEI-0533|NOTE-BEI-0534|NOTE-BEI-0535|NOTE-BEI-0536|NOTE-BEI-0537|NOTE-BEI-0538|NOTE-BEI-0539|NOTE-BEI-0540|NOTE-BEI-0541|NOTE-BEI-0542|NOTE-BEI-0543|NOTE-BEI-0544|NOTE-BEI-0545|NOTE-BEI-0546|NOTE-BEI-0547|NOTE-BEI-0548|NOTE-BEI-0549|NOTE-BEI-0550|NOTE-BEI-0551|NOTE-BEI-0552|NOTE-BEI-0553|NOTE-BEI-0554|NOTE-BEI-0555|NOTE-BEI-0556|NOTE-BEI-0557|NOTE-BEI-0558,,https://eos-beijing-2.cmecloud.cn/app-dtstatic/5%E5%8F%B7%E7%BA%BF-%E5%A4%A9%E9%80%9A%E8%8B%91%E5%8C%97%E7%AB%99-%E5%AE%8B%E5%AE%B6%E5%BA%84%E7%AB%99%E6%96%B9%E5%90%91-%E5%B7%A5%E4%BD%9C%E6%97%A5.jpg | https://eos-beijing-2.cmecloud.cn/app-dtstatic/5%E5%8F%B7%E7%BA%BF-%E5%AE%8B%E5%AE%B6%E5%BA%84%E7%AB%99-%E5%A4%A9%E9%80%9A%E8%8B%91%E5%8C%97%E7%AB%99%E6%96%B9%E5%90%91-%E5%B7%A5%E4%BD%9C%E6%97%A5.jpg,2
Beijing,Mainland China,6,7号线,30,operator_timetable_departures,departures counted hour by hour on the operator's station timetables,8.63,7.0,3.0,10.0,0.0,2026-05-20,2026-05-20,2026-08-23,operator_timetable_page,37,NOTE-BEI-0597|NOTE-BEI-0598|NOTE-BEI-0599|NOTE-BEI-0600|NOTE-BEI-0601|NOTE-BEI-0602|NOTE-BEI-0603|NOTE-BEI-0604|NOTE-BEI-0605|NOTE-BEI-0606|NOTE-BEI-0607|NOTE-BEI-0608|NOTE-BEI-0609|NOTE-BEI-0610|NOTE-BEI-0611|NOTE-BEI-0612|NOTE-BEI-0613|NOTE-BEI-0614|NOTE-BEI-0615|NOTE-BEI-0616|NOTE-BEI-0617|NOTE-BEI-0618|NOTE-BEI-0619|NOTE-BEI-0620|NOTE-BEI-0621|NOTE-BEI-0622|NOTE-BEI-0623|NOTE-BEI-0624|NOTE-BEI-0625|NOTE-BEI-0626|NOTE-BEI-0627|NOTE-BEI-0628|NOTE-BEI-0629|NOTE-BEI-0630|NOTE-BEI-0631|NOTE-BEI-0632|NOTE-BEI-0633,,https://eos-beijing-2.cmecloud.cn/app-dtstatic/7%E5%8F%B7%E7%BA%BF-%E5%8C%97%E4%BA%AC%E8%A5%BF%E7%AB%99-%E7%8E%AF%E7%90%83%E5%BA%A6%E5%81%87%E5%8C%BA%E7%AB%99%E6%96%B9%E5%90%91-%E5%B7%A5%E4%BD%9C%E6%97%A5.jpg | https://eos-beijing-2.cmecloud.cn/app-dtstatic/7%E5%8F%B7%E7%BA%BF-%E7%8E%AF%E7%90%83%E5%BA%A6%E5%81%87%E5%8C%BA%E7%AB%99-%E5%8C%97%E4%BA%AC%E8%A5%BF%E7%AB%99%E6%96%B9%E5%90%91-%E5%B7%A5%E4%BD%9C%E6%97%A5.jpg,2
Beijing,Mainland China,7,8号线,35,operator_timetable_departures,departures counted hour by hour on the operator's station timetables,10.82,5.5,2.0,10.0,0.0,2026-05-06,2026-04-29,2026-08-23,operator_timetable_page,37,NOTE-BEI-0634|NOTE-BEI-0635|NOTE-BEI-0636|NOTE-BEI-0637|NOTE-BEI-0638|NOTE-BEI-0639|NOTE-BEI-0640|NOTE-BEI-0641|NOTE-BEI-0642|NOTE-BEI-0643|NOTE-BEI-0644|NOTE-BEI-0645|NOTE-BEI-0646|NOTE-BEI-0647|NOTE-BEI-0648|NOTE-BEI-0649|NOTE-BEI-0650|NOTE-BEI-0651|NOTE-BEI-0652|NOTE-BEI-0653|NOTE-BEI-0654|NOTE-BEI-0655|NOTE-BEI-0656|NOTE-BEI-0657|NOTE-BEI-0658|NOTE-BEI-0659|NOTE-BEI-0660|NOTE-BEI-0661|NOTE-BEI-0662|NOTE-BEI-0663|NOTE-BEI-0664|NOTE-BEI-0665|NOTE-BEI-0666|NOTE-BEI-0667|NOTE-BEI-0668|NOTE-BEI-0669|NOTE-BEI-0670,,https://eos-beijing-2.cmecloud.cn/app-dtstatic/8%E5%8F%B7%E7%BA%BF-%E7%80%9B%E6%B5%B7%E7%AB%99-%E6%9C%B1%E8%BE%9B%E5%BA%84%E7%AB%99%E6%96%B9%E5%90%91-%E5%B7%A5%E4%BD%9C%E6%97%A5.jpg | https://eos-beijing-2.cmecloud.cn/app-dtstatic/8%E5%8F%B7%E7%BA%BF-%E6%9C%B1%E8%BE%9B%E5%BA%84%E7%AB%99-%E7%80%9B%E6%B5%B7%E7%AB%99%E6%96%B9%E5%90%91-%E5%B7%A5%E4%BD%9C%E6%97%A5.jpg,2
Beijing,Mainland China,8,9号线,13,operator_timetable_departures,departures counted hour by hour on the operator's station timetables,11.95,5.0,2.727,7.5,0.0,2026-06-11,2026-06-11,2026-08-23,operator_timetable_page,37,NOTE-BEI-0671|NOTE-BEI-0672|NOTE-BEI-0673|NOTE-BEI-0674|NOTE-BEI-0675|NOTE-BEI-0676|NOTE-BEI-0677|NOTE-BEI-0678|NOTE-BEI-0679|NOTE-BEI-0680|NOTE-BEI-0681|NOTE-BEI-0682|NOTE-BEI-0683|NOTE-BEI-0684|NOTE-BEI-0685|NOTE-BEI-0686|NOTE-BEI-0687|NOTE-BEI-0688|NOTE-BEI-0689|NOTE-BEI-0691|NOTE-BEI-0692|NOTE-BEI-0693|NOTE-BEI-0694|NOTE-BEI-0695|NOTE-BEI-0696|NOTE-BEI-0697|NOTE-BEI-0698|NOTE-BEI-0699|NOTE-BEI-0700|NOTE-BEI-0701|NOTE-BEI-0702|NOTE-BEI-0703|NOTE-BEI-0704|NOTE-BEI-0705|NOTE-BEI-0706|NOTE-BEI-0707|NOTE-BEI-0708,,https://eos-beijing-2.cmecloud.cn/app-dtstatic/9%E5%8F%B7%E7%BA%BF-%E5%9B%BD%E5%AE%B6%E5%9B%BE%E4%B9%A6%E9%A6%86%E7%AB%99-%E9%83%AD%E5%85%AC%E5%BA%84%E7%AB%99%E3%80%81%E9%98%8E%E6%9D%91%E4%B8%9C%E7%AB%99%E6%96%B9%E5%90%91-%E5%B7%A5%E4%BD%9C%E6%97%A5.jpg | https://eos-beijing-2.cmecloud.cn/app-dtstatic/9%E5%8F%B7%E7%BA%BF-%E9%83%AD%E5%85%AC%E5%BA%84%E7%AB%99-%E5%9B%BD%E5%AE%B6%E5%9B%BE%E4%B9%A6%E9%A6%86%E7%AB%99%E6%96%B9%E5%90%91-%E5%B7%A5%E4%BD%9C%E6%97%A5.jpg,2
Beijing,Mainland China,9,10号线,45,inherited_from_trunk,inherited from the trunk route of the same line,17.39,3.4,2.105,6.75,0.0,2026-05-27,2026-05-27,2026-08-23,operator_timetable_page,38,NOTE-BEI-0035|NOTE-BEI-0036|NOTE-BEI-0037|NOTE-BEI-0038|NOTE-BEI-0039|NOTE-BEI-0040|NOTE-BEI-0041|NOTE-BEI-0042|NOTE-BEI-0043|NOTE-BEI-0044|NOTE-BEI-0045|NOTE-BEI-0046|NOTE-BEI-0047|NOTE-BEI-0048|NOTE-BEI-0049|NOTE-BEI-0050|NOTE-BEI-0051|NOTE-BEI-0052|NOTE-BEI-0053|NOTE-BEI-0056|NOTE-BEI-0057|NOTE-BEI-0058|NOTE-BEI-0059|NOTE-BEI-0060|NOTE-BEI-0061|NOTE-BEI-0062|NOTE-BEI-0063|NOTE-BEI-0064|NOTE-BEI-0065|NOTE-BEI-0066|NOTE-BEI-0067|NOTE-BEI-0068|NOTE-BEI-0069|NOTE-BEI-0070|NOTE-BEI-0071|NOTE-BEI-0072|NOTE-BEI-0073|NOTE-BEI-0074,,https://eos-beijing-2.cmecloud.cn/app-dtstatic/10%E5%8F%B7%E7%BA%BF-%E5%B7%B4%E6%B2%9F%E7%AB%99-%E7%81%AB%E5%99%A8%E8%90%A5%E7%AB%99%E6%96%B9%E5%90%91-%E5%B7%A5%E4%BD%9C%E6%97%A5.jpg | https://eos-beijing-2.cmecloud.cn/app-dtstatic/10%E5%8F%B7%E7%BA%BF-%E7%81%AB%E5%99%A8%E8%90%A5%E7%AB%99-%E5%B7%B4%E6%B2%9F%E7%AB%99%E6%96%B9%E5%90%91-%E5%B7%A5%E4%BD%9C%E6%97%A5.jpg,2
Beijing,Mainland China,10,10号线,45,inherited_from_trunk,inherited from the trunk route of the same line,17.39,3.4,2.105,6.75,0.0,2026-05-27,2026-05-27,2026-08-23,operator_timetable_page,38,NOTE-BEI-0035|NOTE-BEI-0036|NOTE-BEI-0037|NOTE-BEI-0038|NOTE-BEI-0039|NOTE-BEI-0040|NOTE-BEI-0041|NOTE-BEI-0042|NOTE-BEI-0043|NOTE-BEI-0044|NOTE-BEI-0045|NOTE-BEI-0046|NOTE-BEI-0047|NOTE-BEI-0048|NOTE-BEI-0049|NOTE-BEI-0050|NOTE-BEI-0051|NOTE-BEI-0052|NOTE-BEI-0053|NOTE-BEI-0056|NOTE-BEI-0057|NOTE-BEI-0058|NOTE-BEI-0059|NOTE-BEI-0060|NOTE-BEI-0061|NOTE-BEI-0062|NOTE-BEI-0063|NOTE-BEI-0064|NOTE-BEI-0065|NOTE-BEI-0066|NOTE-BEI-0067|NOTE-BEI-0068|NOTE-BEI-0069|NOTE-BEI-0070|NOTE-BEI-0071|NOTE-BEI-0072|NOTE-BEI-0073|NOTE-BEI-0074,,https://eos-beijing-2.cmecloud.cn/app-dtstatic/10%E5%8F%B7%E7%BA%BF-%E5%B7%B4%E6%B2%9F%E7%AB%99-%E7%81%AB%E5%99%A8%E8%90%A5%E7%AB%99%E6%96%B9%E5%90%91-%E5%B7%A5%E4%BD%9C%E6%97%A5.jpg | https://eos-beijing-2.cmecloud.cn/app-dtstatic/10%E5%8F%B7%E7%BA%BF-%E7%81%AB%E5%99%A8%E8%90%A5%E7%AB%99-%E5%B7%B4%E6%B2%9F%E7%AB%99%E6%96%B9%E5%90%91-%E5%B7%A5%E4%BD%9C%E6%97%A5.jpg,2
Beijing,Mainland China,11,11号线,4,operator_timetable_departures,departures counted hour by hour on the operator's station timetables,5.63,10.7,7.333,10.0,0.0,2026-04-29,2026-04-29,2026-08-23,operator_timetable_page,36,NOTE-BEI-0076|NOTE-BEI-0077|NOTE-BEI-0078|NOTE-BEI-0079|NOTE-BEI-0080|NOTE-BEI-0081|NOTE-BEI-0082|NOTE-BEI-0083|NOTE-BEI-0084|NOTE-BEI-0085|NOTE-BEI-0086|NOTE-BEI-0087|NOTE-BEI-0088|NOTE-BEI-0089|NOTE-BEI-0090|NOTE-BEI-0091|NOTE-BEI-0092|NOTE-BEI-0093|NOTE-BEI-0094|NOTE-BEI-0095|NOTE-BEI-0096|NOTE-BEI-0097|NOTE-BEI-0098|NOTE-BEI-0099|NOTE-BEI-0100|NOTE-BEI-0101|NOTE-BEI-0102|NOTE-BEI-0103|NOTE-BEI-0104|NOTE-BEI-0105|NOTE-BEI-0106|NOTE-BEI-0107|NOTE-BEI-0108|NOTE-BEI-0109|NOTE-BEI-0110|NOTE-BEI-0111,,https://eos-beijing-2.cmecloud.cn/app-dtstatic/11%E5%8F%B7%E7%BA%BF-%E6%96%B0%E9%A6%96%E9%92%A2%E7%AB%99-%E6%A8%A1%E5%BC%8F%E5%8F%A3%E7%AB%99%E6%96%B9%E5%90%91-%E5%B7%A5%E4%BD%9C%E6%97%A5.jpg | https://eos-beijing-2.cmecloud.cn/app-dtstatic/11%E5%8F%B7%E7%BA%BF-%E6%A8%A1%E5%BC%8F%E5%8F%A3%E7%AB%99-%E6%96%B0%E9%A6%96%E9%92%A2%E7%AB%99%E6%96%B9%E5%90%91-%E5%B7%A5%E4%BD%9C%E6%97%A5.jpg,2
Beijing,Mainland China,12,12号线,20,operator_timetable_departures,departures counted hour by hour on the operator's station timetables,9.34,6.4,3.75,7.5,0.0,2026-05-09,2024-12-14,2026-08-23,operator_timetable_page; press_quoted_operator_notice,38,NOTE-BEI-0016|NOTE-BEI-0112|NOTE-BEI-0113|NOTE-BEI-0114|NOTE-BEI-0115|NOTE-BEI-0116|NOTE-BEI-0117|NOTE-BEI-0118|NOTE-BEI-0119|NOTE-BEI-0120|NOTE-BEI-0121|NOTE-BEI-0122|NOTE-BEI-0123|NOTE-BEI-0124|NOTE-BEI-0125|NOTE-BEI-0126|NOTE-BEI-0127|NOTE-BEI-0128|NOTE-BEI-0129|NOTE-BEI-0130|NOTE-BEI-0131|NOTE-BEI-0132|NOTE-BEI-0133|NOTE-BEI-0134|NOTE-BEI-0135|NOTE-BEI-0136|NOTE-BEI-0137|NOTE-BEI-0138|NOTE-BEI-0139|NOTE-BEI-0140|NOTE-BEI-0141|NOTE-BEI-0142|NOTE-BEI-0143|NOTE-BEI-0144|NOTE-BEI-0145|NOTE-BEI-0146|NOTE-BEI-0147|NOTE-BEI-0148,,https://eos-beijing-2.cmecloud.cn/app-dtstatic/12%E5%8F%B7%E7%BA%BF-%E5%9B%9B%E5%AD%A3%E9%9D%92%E6%A1%A5%E7%AB%99-%E4%B8%9C%E5%9D%9D%E5%8C%97%E7%AB%99%E6%96%B9%E5%90%91-%E5%B7%A5%E4%BD%9C%E6%97%A5.jpg | https://eos-beijing-2.cmecloud.cn/app-dtstatic/12%E5%8F%B7%E7%BA%BF-%E4%B8%9C%E5%9D%9D%E5%8C%97%E7%AB%99-%E5%9B%9B%E5%AD%A3%E9%9D%92%E6%A1%A5%E7%AB%99%E6%96%B9%E5%90%91-%E5%B7%A5%E4%BD%9C%E6%97%A5.jpg | https://xinwen.bjd.com.cn/content/s675cfa93e4b000299bad5f08.html,3
Beijing,Mainland China,13,13号线,17,operator_timetable_departures,departures counted hour by hour on the operator's station timetables,9.16,6.6,3.333,9.167,0.0,2026-05-27,2026-05-27,2026-08-23,operator_timetable_page,38,NOTE-BEI-0149|NOTE-BEI-0150|NOTE-BEI-0151|NOTE-BEI-0152|NOTE-BEI-0153|NOTE-BEI-0154|NOTE-BEI-0155|NOTE-BEI-0156|NOTE-BEI-0157|NOTE-BEI-0158|NOTE-BEI-0159|NOTE-BEI-0160|NOTE-BEI-0161|NOTE-BEI-0162|NOTE-BEI-0163|NOTE-BEI-0164|NOTE-BEI-0165|NOTE-BEI-0166|NOTE-BEI-0167|NOTE-BEI-0168|NOTE-BEI-0169|NOTE-BEI-0170|NOTE-BEI-0171|NOTE-BEI-0172|NOTE-BEI-0173|NOTE-BEI-0174|NOTE-BEI-0175|NOTE-BEI-0176|NOTE-BEI-0177|NOTE-BEI-0178|NOTE-BEI-0179|NOTE-BEI-0180|NOTE-BEI-0181|NOTE-BEI-0182|NOTE-BEI-0183|NOTE-BEI-0184|NOTE-BEI-0185|NOTE-BEI-0186,,https://eos-beijing-2.cmecloud.cn/app-dtstatic/13%E5%8F%B7%E7%BA%BF-%E4%B8%9C%E7%9B%B4%E9%97%A8%E7%AB%99-%E8%A5%BF%E7%9B%B4%E9%97%A8%E7%AB%99%E6%96%B9%E5%90%91-%E5%B7%A5%E4%BD%9C%E6%97%A5.jpg | https://eos-beijing-2.cmecloud.cn/app-dtstatic/13%E5%8F%B7%E7%BA%BF-%E8%A5%BF%E7%9B%B4%E9%97%A8%E7%AB%99-%E4%B8%9C%E7%9B%B4%E9%97%A8%E7%AB%99%E6%96%B9%E5%90%91-%E5%B7%A5%E4%BD%9C%E6%97%A5.jpg,2
Beijing,Mainland China,14,14号线,36,operator_timetable_departures,departures counted hour by hour on the operator's station timetables,9.74,6.2,3.0,8.6,0.0,2026-05-28,2026-05-28,2026-08-23,operator_timetable_page,36,NOTE-BEI-0188|NOTE-BEI-0189|NOTE-BEI-0190|NOTE-BEI-0191|NOTE-BEI-0192|NOTE-BEI-0193|NOTE-BEI-0194|NOTE-BEI-0195|NOTE-BEI-0196|NOTE-BEI-0197|NOTE-BEI-0198|NOTE-BEI-0199|NOTE-BEI-0200|NOTE-BEI-0201|NOTE-BEI-0202|NOTE-BEI-0203|NOTE-BEI-0204|NOTE-BEI-0205|NOTE-BEI-0207|NOTE-BEI-0208|NOTE-BEI-0209|NOTE-BEI-0210|NOTE-BEI-0211|NOTE-BEI-0212|NOTE-BEI-0213|NOTE-BEI-0214|NOTE-BEI-0215|NOTE-BEI-0216|NOTE-BEI-0217|NOTE-BEI-0218|NOTE-BEI-0219|NOTE-BEI-0220|NOTE-BEI-0221|NOTE-BEI-0222|NOTE-BEI-0223|NOTE-BEI-0224,,https://www.mtr.bj.cn/service/line/station/5d5a13a4b1ea0278b8fffd04.html | https://www.mtr.bj.cn/service/line/station/5d5a13a4b1ea0278b8fffcfd.html,2
Beijing,Mainland China,15,15号线,20,operator_timetable_departures,departures counted hour by hour on the operator's station timetables,10.0,6.0,2.727,9.0,0.0,2026-04-29,2026-04-29,2026-08-23,operator_timetable_page,38,NOTE-BEI-0225|NOTE-BEI-0226|NOTE-BEI-0227|NOTE-BEI-0228|NOTE-BEI-0229|NOTE-BEI-0230|NOTE-BEI-0231|NOTE-BEI-0232|NOTE-BEI-0233|NOTE-BEI-0234|NOTE-BEI-0235|NOTE-BEI-0236|NOTE-BEI-0237|NOTE-BEI-0238|NOTE-BEI-0239|NOTE-BEI-0240|NOTE-BEI-0241|NOTE-BEI-0242|NOTE-BEI-0243|NOTE-BEI-0244|NOTE-BEI-0245|NOTE-BEI-0246|NOTE-BEI-0247|NOTE-BEI-0248|NOTE-BEI-0249|NOTE-BEI-0250|NOTE-BEI-0251|NOTE-BEI-0252|NOTE-BEI-0253|NOTE-BEI-0254|NOTE-BEI-0255|NOTE-BEI-0256|NOTE-BEI-0257|NOTE-BEI-0258|NOTE-BEI-0259|NOTE-BEI-0260|NOTE-BEI-0261|NOTE-BEI-0262,,https://eos-beijing-2.cmecloud.cn/app-dtstatic/15%E5%8F%B7%E7%BA%BF-%E4%BF%B8%E4%BC%AF%E7%AB%99-%E6%B8%85%E5%8D%8E%E4%B8%9C%E8%B7%AF%E8%A5%BF%E5%8F%A3%E7%AB%99%E6%96%B9%E5%90%91-%E5%B7%A5%E4%BD%9C%E6%97%A5.jpg | https://eos-beijing-2.cmecloud.cn/app-dtstatic/15%E5%8F%B7%E7%BA%BF-%E6%B8%85%E5%8D%8E%E4%B8%9C%E8%B7%AF%E8%A5%BF%E5%8F%A3%E7%AB%99-%E4%BF%B8%E4%BC%AF%E7%AB%99%E6%96%B9%E5%90%91-%E5%B7%A5%E4%BD%9C%E6%97%A5.jpg,2
Beijing,Mainland China,16,16号线,30,operator_timetable_departures,departures counted hour by hour on the operator's station timetables,7.53,8.0,6.0,10.0,0.0,2026-05-28,2026-05-28,2026-08-23,operator_timetable_page,36,NOTE-BEI-0263|NOTE-BEI-0264|NOTE-BEI-0265|NOTE-BEI-0266|NOTE-BEI-0267|NOTE-BEI-0268|NOTE-BEI-0269|NOTE-BEI-0270|NOTE-BEI-0271|NOTE-BEI-0272|NOTE-BEI-0273|NOTE-BEI-0274|NOTE-BEI-0275|NOTE-BEI-0276|NOTE-BEI-0277|NOTE-BEI-0278|NOTE-BEI-0279|NOTE-BEI-0280|NOTE-BEI-0281|NOTE-BEI-0282|NOTE-BEI-0283|NOTE-BEI-0284|NOTE-BEI-0285|NOTE-BEI-0286|NOTE-BEI-0287|NOTE-BEI-0288|NOTE-BEI-0289|NOTE-BEI-0290|NOTE-BEI-0291|NOTE-BEI-0292|NOTE-BEI-0293|NOTE-BEI-0294|NOTE-BEI-0295|NOTE-BEI-0296|NOTE-BEI-0297|NOTE-BEI-0298,,https://www.mtr.bj.cn/service/line/station/5d5a1291b1ea0278b8fffcfc.html | https://www.mtr.bj.cn/service/line/station/65895a3af7181b5a64729e2f.html,2
Beijing,Mainland China,17,19号线,10,operator_timetable_departures,departures counted hour by hour on the operator's station timetables,10.24,5.9,3.75,8.333,0.0,2024-08-08,2024-08-08,2026-08-23,operator_timetable_page,38,NOTE-BEI-0335|NOTE-BEI-0336|NOTE-BEI-0337|NOTE-BEI-0338|NOTE-BEI-0339|NOTE-BEI-0340|NOTE-BEI-0341|NOTE-BEI-0342|NOTE-BEI-0343|NOTE-BEI-0344|NOTE-BEI-0345|NOTE-BEI-0346|NOTE-BEI-0347|NOTE-BEI-0348|NOTE-BEI-0349|NOTE-BEI-0350|NOTE-BEI-0351|NOTE-BEI-0352|NOTE-BEI-0353|NOTE-BEI-0354|NOTE-BEI-0355|NOTE-BEI-0356|NOTE-BEI-0357|NOTE-BEI-0358|NOTE-BEI-0359|NOTE-BEI-0360|NOTE-BEI-0361|NOTE-BEI-0362|NOTE-BEI-0363|NOTE-BEI-0364|NOTE-BEI-0365|NOTE-BEI-0366|NOTE-BEI-0367|NOTE-BEI-0368|NOTE-BEI-0369|NOTE-BEI-0370|NOTE-BEI-0371|NOTE-BEI-0372,,https://www.bii.com.cn/file/2024/08/08/1723130709277.jpg | https://www.bii.com.cn/file/2024/08/08/1723131212275.jpg,2
Beijing,Mainland China,18,大兴机场线,3,operator_timetable_departures,departures counted hour by hour on the operator's station timetables,5.76,10.4,2.0,10.0,0.0,2026-02-06,2026-02-06,2026-08-23,operator_timetable_page,36,NOTE-BEI-0784|NOTE-BEI-0785|NOTE-BEI-0786|NOTE-BEI-0787|NOTE-BEI-0788|NOTE-BEI-0789|NOTE-BEI-0790|NOTE-BEI-0791|NOTE-BEI-0792|NOTE-BEI-0793|NOTE-BEI-0794|NOTE-BEI-0795|NOTE-BEI-0796|NOTE-BEI-0797|NOTE-BEI-0798|NOTE-BEI-0799|NOTE-BEI-0800|NOTE-BEI-0801|NOTE-BEI-0802|NOTE-BEI-0803|NOTE-BEI-0804|NOTE-BEI-0805|NOTE-BEI-0806|NOTE-BEI-0807|NOTE-BEI-0808|NOTE-BEI-0809|NOTE-BEI-0810|NOTE-BEI-0811|NOTE-BEI-0812|NOTE-BEI-0813|NOTE-BEI-0814|NOTE-BEI-0815|NOTE-BEI-0816|NOTE-BEI-0817|NOTE-BEI-0818|NOTE-BEI-0819,,https://www.bii.com.cn/file/2026/02/06/1770363725395.jpg | https://www.bii.com.cn/file/2026/02/06/1770363436197.jpg,2
Beijing,Mainland China,19,昌平线,20,operator_timetable_departures,departures counted hour by hour on the operator's station timetables,11.24,5.3,2.308,10.0,0.0,2026-04-29,2026-04-29,2026-08-23,operator_timetable_page,38,NOTE-BEI-0857|NOTE-BEI-0858|NOTE-BEI-0859|NOTE-BEI-0860|NOTE-BEI-0861|NOTE-BEI-0862|NOTE-BEI-0863|NOTE-BEI-0864|NOTE-BEI-0865|NOTE-BEI-0866|NOTE-BEI-0867|NOTE-BEI-0868|NOTE-BEI-0869|NOTE-BEI-0870|NOTE-BEI-0871|NOTE-BEI-0872|NOTE-BEI-0873|NOTE-BEI-0874|NOTE-BEI-0875|NOTE-BEI-0876|NOTE-BEI-0877|NOTE-BEI-0878|NOTE-BEI-0879|NOTE-BEI-0880|NOTE-BEI-0881|NOTE-BEI-0882|NOTE-BEI-0883|NOTE-BEI-0884|NOTE-BEI-0885|NOTE-BEI-0886|NOTE-BEI-0887|NOTE-BEI-0888|NOTE-BEI-0889|NOTE-BEI-0890|NOTE-BEI-0891|NOTE-BEI-0892|NOTE-BEI-0893|NOTE-BEI-0894,,https://eos-beijing-2.cmecloud.cn/app-dtstatic/%E6%98%8C%E5%B9%B3%E7%BA%BF-%E6%98%8C%E5%B9%B3%E8%A5%BF%E5%B1%B1%E5%8F%A3%E7%AB%99-%E8%93%9F%E9%97%A8%E6%A1%A5%E7%AB%99%E6%96%B9%E5%90%91-%E5%B7%A5%E4%BD%9C%E6%97%A5.jpg | https://eos-beijing-2.cmecloud.cn/app-dtstatic/%E6%98%8C%E5%B9%B3%E7%BA%BF-%E8%93%9F%E9%97%A8%E6%A1%A5%E7%AB%99-%E6%98%8C%E5%B9%B3%E8%A5%BF%E5%B1%B1%E5%8F%A3%E7%AB%99%E6%96%B9%E5%90%91-%E5%B7%A5%E4%BD%9C%E6%97%A5.jpg,2
Beijing,Mainland China,20,房山线,16,operator_timetable_departures,departures counted hour by hour on the operator's station timetables,9.71,6.2,2.222,10.0,0.0,2026-06-11,2026-06-11,2026-08-23,operator_timetable_page,37,NOTE-BEI-0820|NOTE-BEI-0821|NOTE-BEI-0822|NOTE-BEI-0823|NOTE-BEI-0824|NOTE-BEI-0825|NOTE-BEI-0826|NOTE-BEI-0827|NOTE-BEI-0828|NOTE-BEI-0829|NOTE-BEI-0830|NOTE-BEI-0831|NOTE-BEI-0832|NOTE-BEI-0833|NOTE-BEI-0834|NOTE-BEI-0835|NOTE-BEI-0836|NOTE-BEI-0837|NOTE-BEI-0838|NOTE-BEI-0839|NOTE-BEI-0840|NOTE-BEI-0841|NOTE-BEI-0842|NOTE-BEI-0843|NOTE-BEI-0844|NOTE-BEI-0845|NOTE-BEI-0846|NOTE-BEI-0847|NOTE-BEI-0848|NOTE-BEI-0849|NOTE-BEI-0850|NOTE-BEI-0851|NOTE-BEI-0852|NOTE-BEI-0853|NOTE-BEI-0854|NOTE-BEI-0855|NOTE-BEI-0856,,https://eos-beijing-2.cmecloud.cn/app-dtstatic/%E6%88%BF%E5%B1%B1%E7%BA%BF-%E4%B8%9C%E7%AE%A1%E5%A4%B4%E5%8D%97%E7%AB%99-%E9%98%8E%E6%9D%91%E4%B8%9C%E7%AB%99%E6%96%B9%E5%90%91-%E5%B7%A5%E4%BD%9C%E6%97%A5.jpg | https://eos-beijing-2.cmecloud.cn/app-dtstatic/%E6%88%BF%E5%B1%B1%E7%BA%BF-%E9%98%8E%E6%9D%91%E4%B8%9C%E7%AB%99-%E4%B8%9C%E7%AE%A1%E5%A4%B4%E5%8D%97%E7%AB%99%E3%80%81%E5%9B%BD%E5%AE%B6%E5%9B%BE%E4%B9%A6%E9%A6%86%E7%AB%99%E6%96%B9%E5%90%91-%E5%B7%A5%E4%BD%9C%E6%97%A5.jpg,2
Beijing,Mainland China,21,亦庄线,14,operator_timetable_departures,departures counted hour by hour on the operator's station timetables,7.5,8.0,1.0,10.0,0.0,2026-05-14,2026-05-14,2026-08-23,operator_timetable_page,37,NOTE-BEI-0747|NOTE-BEI-0748|NOTE-BEI-0749|NOTE-BEI-0750|NOTE-BEI-0751|NOTE-BEI-0752|NOTE-BEI-0753|NOTE-BEI-0754|NOTE-BEI-0755|NOTE-BEI-0756|NOTE-BEI-0757|NOTE-BEI-0758|NOTE-BEI-0759|NOTE-BEI-0760|NOTE-BEI-0761|NOTE-BEI-0762|NOTE-BEI-0763|NOTE-BEI-0764|NOTE-BEI-0765|NOTE-BEI-0766|NOTE-BEI-0767|NOTE-BEI-0768|NOTE-BEI-0769|NOTE-BEI-0770|NOTE-BEI-0771|NOTE-BEI-0772|NOTE-BEI-0773|NOTE-BEI-0774|NOTE-BEI-0775|NOTE-BEI-0776|NOTE-BEI-0777|NOTE-BEI-0778|NOTE-BEI-0779|NOTE-BEI-0780|NOTE-BEI-0781|NOTE-BEI-0782|NOTE-BEI-0783,,https://eos-beijing-2.cmecloud.cn/app-dtstatic/%E4%BA%A6%E5%BA%84%E7%BA%BF-%E4%BA%A6%E5%BA%84%E7%81%AB%E8%BD%A6%E7%AB%99-%E5%AE%8B%E5%AE%B6%E5%BA%84%E7%AB%99%E6%96%B9%E5%90%91-%E5%B7%A5%E4%BD%9C%E6%97%A5.jpg | https://eos-beijing-2.cmecloud.cn/app-dtstatic/%E4%BA%A6%E5%BA%84%E7%BA%BF-%E5%AE%8B%E5%AE%B6%E5%BA%84%E7%AB%99-%E4%BA%A6%E5%BA%84%E7%81%AB%E8%BD%A6%E7%AB%99%E6%96%B9%E5%90%91-%E5%B7%A5%E4%BD%9C%E6%97%A5.jpg,2
Beijing,Mainland China,22,首都机场线,5,operator_timetable_departures,departures counted hour by hour on the operator's station timetables,4.63,13.0,4.0,12.0,0.0,2026-06-29,2026-06-29,2026-08-23,operator_timetable_page,36,NOTE-BEI-0931|NOTE-BEI-0932|NOTE-BEI-0933|NOTE-BEI-0934|NOTE-BEI-0935|NOTE-BEI-0936|NOTE-BEI-0937|NOTE-BEI-0938|NOTE-BEI-0939|NOTE-BEI-0940|NOTE-BEI-0941|NOTE-BEI-0942|NOTE-BEI-0943|NOTE-BEI-0944|NOTE-BEI-0945|NOTE-BEI-0946|NOTE-BEI-0947|NOTE-BEI-0948|NOTE-BEI-0949|NOTE-BEI-0950|NOTE-BEI-0951|NOTE-BEI-0952|NOTE-BEI-0953|NOTE-BEI-0954|NOTE-BEI-0955|NOTE-BEI-0956|NOTE-BEI-0957|NOTE-BEI-0958|NOTE-BEI-0959|NOTE-BEI-0960|NOTE-BEI-0961|NOTE-BEI-0962|NOTE-BEI-0963|NOTE-BEI-0964|NOTE-BEI-0965|NOTE-BEI-0966,,https://eos-beijing-2.cmecloud.cn/app-dtstatic/%E9%A6%96%E9%83%BD%E6%9C%BA%E5%9C%BA%E7%BA%BF-2%E5%8F%B7%E8%88%AA%E7%AB%99%E6%A5%BC%E7%AB%99-%E5%8C%97%E6%96%B0%E6%A1%A5%E6%96%B9%E5%90%91.jpg | https://eos-beijing-2.cmecloud.cn/app-dtstatic/%E9%A6%96%E9%83%BD%E6%9C%BA%E5%9C%BA%E7%BA%BF-%E5%8C%97%E6%96%B0%E6%A1%A5%E7%AB%99-%E9%A6%96%E9%83%BD%E6%9C%BA%E5%9C%BA%E6%96%B9%E5%90%91.jpg,2
Beijing,Mainland China,24,燕房线,9,published_interval_band_section,"operator statement, interval bands per section",7.67,7.8,5.0,9.333,0.0,2026-07-05,2025-02-28,2026-08-23,operator_timetable_page; operator_web,8,NOTE-BEI-0004|NOTE-BEI-0005|NOTE-BEI-0006|NOTE-BEI-0007|NOTE-BEI-0895|NOTE-BEI-0896|NOTE-BEI-0913|NOTE-BEI-0914,,https://www.bii.com.cn/file/2026/07/05/1783265011957.png | https://www.bii.com.cn/file/2026/07/05/1783265156288.png | https://www.bjmoa.cn/newsInfo_7663.html,3
Beijing,Mainland China,25,S1线,8,operator_timetable_departures,departures counted hour by hour on the operator's station timetables,6.74,8.9,5.0,12.0,0.0,2026-04-29,2026-04-29,2026-08-23,operator_timetable_page,38,NOTE-BEI-0709|NOTE-BEI-0710|NOTE-BEI-0711|NOTE-BEI-0712|NOTE-BEI-0713|NOTE-BEI-0714|NOTE-BEI-0715|NOTE-BEI-0716|NOTE-BEI-0717|NOTE-BEI-0718|NOTE-BEI-0719|NOTE-BEI-0720|NOTE-BEI-0721|NOTE-BEI-0722|NOTE-BEI-0723|NOTE-BEI-0724|NOTE-BEI-0725|NOTE-BEI-0726|NOTE-BEI-0727|NOTE-BEI-0728|NOTE-BEI-0729|NOTE-BEI-0730|NOTE-BEI-0731|NOTE-BEI-0732|NOTE-BEI-0733|NOTE-BEI-0734|NOTE-BEI-0735|NOTE-BEI-0736|NOTE-BEI-0737|NOTE-BEI-0738|NOTE-BEI-0739|NOTE-BEI-0740|NOTE-BEI-0741|NOTE-BEI-0742|NOTE-BEI-0743|NOTE-BEI-0744|NOTE-BEI-0745|NOTE-BEI-0746,,https://eos-beijing-2.cmecloud.cn/app-dtstatic/S1%E7%BA%BF-%E7%9F%B3%E5%8E%82%E7%AB%99-%E8%8B%B9%E6%9E%9C%E5%9B%AD%E7%AB%99%E6%96%B9%E5%90%91-%E5%B7%A5%E4%BD%9C%E6%97%A5.jpg | https://eos-beijing-2.cmecloud.cn/app-dtstatic/S1%E7%BA%BF-%E8%8B%B9%E6%9E%9C%E5%9B%AD%E7%AB%99-%E7%9F%B3%E5%8E%82%E7%AB%99%E6%96%B9%E5%90%91-%E5%B7%A5%E4%BD%9C%E6%97%A5.jpg,2
Beijing,Mainland China,27,17号线,7,operator_timetable_departures,departures counted hour by hour on the operator's station timetables,7.24,8.3,6.0,8.667,0.0,2026-05-28,2025-10-15,2026-08-23,operator_timetable_page; operator_web,33,NOTE-BEI-0017|NOTE-BEI-0299|NOTE-BEI-0300|NOTE-BEI-0301|NOTE-BEI-0302|NOTE-BEI-0303|NOTE-BEI-0304|NOTE-BEI-0305|NOTE-BEI-0306|NOTE-BEI-0307|NOTE-BEI-0308|NOTE-BEI-0309|NOTE-BEI-0310|NOTE-BEI-0313|NOTE-BEI-0314|NOTE-BEI-0315|NOTE-BEI-0316|NOTE-BEI-0317|NOTE-BEI-0318|NOTE-BEI-0319|NOTE-BEI-0320|NOTE-BEI-0321|NOTE-BEI-0322|NOTE-BEI-0323|NOTE-BEI-0324|NOTE-BEI-0325|NOTE-BEI-0326|NOTE-BEI-0327|NOTE-BEI-0328|NOTE-BEI-0331|NOTE-BEI-0332|NOTE-BEI-0333|NOTE-BEI-0334,,https://www.mtr.bj.cn/service/line/station/61ce491bb0972c463ee519cb.html | https://www.mtr.bj.cn/service/line/station/6583d8e211244c4ae1b3a2c2.html | https://cdnwww.mtr.bj.cn/bjmtr/attachments/v8-alLoWXpFc2QWDjPw4P.pdf,3
Beijing,Mainland China,28,17号线,9,operator_timetable_departures,departures counted hour by hour on the operator's station timetables,7.24,8.3,6.0,8.667,0.0,2026-05-28,2025-10-15,2026-08-23,operator_timetable_page; operator_web,33,NOTE-BEI-0017|NOTE-BEI-0299|NOTE-BEI-0300|NOTE-BEI-0301|NOTE-BEI-0302|NOTE-BEI-0303|NOTE-BEI-0304|NOTE-BEI-0305|NOTE-BEI-0306|NOTE-BEI-0307|NOTE-BEI-0308|NOTE-BEI-0309|NOTE-BEI-0310|NOTE-BEI-0313|NOTE-BEI-0314|NOTE-BEI-0315|NOTE-BEI-0316|NOTE-BEI-0317|NOTE-BEI-0318|NOTE-BEI-0319|NOTE-BEI-0320|NOTE-BEI-0321|NOTE-BEI-0322|NOTE-BEI-0323|NOTE-BEI-0324|NOTE-BEI-0325|NOTE-BEI-0326|NOTE-BEI-0327|NOTE-BEI-0328|NOTE-BEI-0331|NOTE-BEI-0332|NOTE-BEI-0333|NOTE-BEI-0334,,https://www.mtr.bj.cn/service/line/station/61ce491bb0972c463ee519cb.html | https://www.mtr.bj.cn/service/line/station/6583d8e211244c4ae1b3a2c2.html | https://cdnwww.mtr.bj.cn/bjmtr/attachments/v8-alLoWXpFc2QWDjPw4P.pdf,3
Beijing,Mainland China,29,6号线,34,operator_timetable_departures,departures counted hour by hour on the operator's station timetables,10.66,5.6,2.143,12.5,0.0,2026-06-29,2026-06-29,2026-08-23,operator_timetable_page,38,NOTE-BEI-0559|NOTE-BEI-0560|NOTE-BEI-0561|NOTE-BEI-0562|NOTE-BEI-0563|NOTE-BEI-0564|NOTE-BEI-0565|NOTE-BEI-0566|NOTE-BEI-0567|NOTE-BEI-0568|NOTE-BEI-0569|NOTE-BEI-0570|NOTE-BEI-0571|NOTE-BEI-0572|NOTE-BEI-0573|NOTE-BEI-0574|NOTE-BEI-0575|NOTE-BEI-0576|NOTE-BEI-0577|NOTE-BEI-0578|NOTE-BEI-0579|NOTE-BEI-0580|NOTE-BEI-0581|NOTE-BEI-0582|NOTE-BEI-0583|NOTE-BEI-0584|NOTE-BEI-0585|NOTE-BEI-0586|NOTE-BEI-0587|NOTE-BEI-0588|NOTE-BEI-0589|NOTE-BEI-0590|NOTE-BEI-0591|NOTE-BEI-0592|NOTE-BEI-0593|NOTE-BEI-0594|NOTE-BEI-0595|NOTE-BEI-0596,,https://eos-beijing-2.cmecloud.cn/app-dtstatic/6%E5%8F%B7%E7%BA%BF-%E6%BD%9E%E9%98%B3%E7%AB%99-%E9%87%91%E5%AE%89%E6%A1%A5%E7%AB%99%E6%96%B9%E5%90%91-%E5%B7%A5%E4%BD%9C%E6%97%A5.jpg | https://eos-beijing-2.cmecloud.cn/app-dtstatic/6%E5%8F%B7%E7%BA%BF-%E9%87%91%E5%AE%89%E6%A1%A5%E7%AB%99-%E6%BD%9E%E9%98%B3%E7%AB%99%E6%96%B9%E5%90%91-%E5%B7%A5%E4%BD%9C%E6%97%A5.jpg,2
Beijing,Mainland China,30,3号线,10,operator_timetable_departures,departures counted hour by hour on the operator's station timetables,9.79,6.1,3.75,8.333,0.0,2026-07-17,2024-12-14,2026-08-23,operator_timetable_page; press_quoted_operator_notice,38,NOTE-BEI-0015|NOTE-BEI-0447|NOTE-BEI-0448|NOTE-BEI-0449|NOTE-BEI-0450|NOTE-BEI-0451|NOTE-BEI-0452|NOTE-BEI-0453|NOTE-BEI-0454|NOTE-BEI-0455|NOTE-BEI-0456|NOTE-BEI-0457|NOTE-BEI-0458|NOTE-BEI-0459|NOTE-BEI-0460|NOTE-BEI-0461|NOTE-BEI-0462|NOTE-BEI-0463|NOTE-BEI-0464|NOTE-BEI-0465|NOTE-BEI-0466|NOTE-BEI-0467|NOTE-BEI-0468|NOTE-BEI-0469|NOTE-BEI-0470|NOTE-BEI-0471|NOTE-BEI-0472|NOTE-BEI-0473|NOTE-BEI-0474|NOTE-BEI-0475|NOTE-BEI-0476|NOTE-BEI-0477|NOTE-BEI-0478|NOTE-BEI-0479|NOTE-BEI-0480|NOTE-BEI-0481|NOTE-BEI-0482|NOTE-BEI-0483,,https://eos-beijing-2.cmecloud.cn/app-dtstatic/3%E5%8F%B7%E7%BA%BF-%E4%B8%9C%E5%9B%9B%E5%8D%81%E6%9D%A1%E7%AB%99-%E4%B8%9C%E5%9D%9D%E5%8C%97%E7%AB%99%E6%96%B9%E5%90%91-%E5%B7%A5%E4%BD%9C%E6%97%A5.jpg | https://eos-beijing-2.cmecloud.cn/app-dtstatic/3%E5%8F%B7%E7%BA%BF-%E4%B8%9C%E5%9D%9D%E5%8C%97%E7%AB%99-%E4%B8%9C%E5%9B%9B%E5%8D%81%E6%9D%A1%E7%AB%99%E6%96%B9%E5%90%91-%E5%B7%A5%E4%BD%9C%E6%97%A5.jpg | https://xinwen.bjd.com.cn/content/s675cfa93e4b000299bad5f08.html,3
Busan,South Korea,1,1호선,40,gtfs_weekday_trips,weekday trips counted in the GTFS feed,9.32,6.4,,,,,,,,0,,,,0
Busan,South Korea,2,2호선,43,gtfs_weekday_trips,weekday trips counted in the GTFS feed,8.84,6.8,,,,,,,,0,,,,0
Busan,South Korea,3,3호선,17,gtfs_weekday_trips,weekday trips counted in the GTFS feed,8.37,7.2,,,,,,,,0,,,,0
Busan,South Korea,4,4호선,14,gtfs_weekday_trips,weekday trips counted in the GTFS feed,8.05,7.5,,,,,,,,0,,,,0
Busan,South Korea,5,부산김해경전철,21,gtfs_weekday_trips,weekday trips counted in the GTFS feed,10.37,5.8,,,,,,,,0,,,,0
Changchun,Mainland China,1,1号线,15,press_quoted_operator_notice,press or government relay quoting the operator's notice,8.89,6.7,5.0,6.0,0.0,2020-04-02,2020-04-02,2026-08-23,press_quoted_operator_notice,2,NOTE-CHA-0001|NOTE-CHA-0002,,https://m.cc.bendibao.com/traffic/47870.shtm,1
Changchun,Mainland China,2,4号线,21,press_quoted_operator_notice,press or government relay quoting the operator's notice,7.46,8.0,5.5,6.5,0.0,2020-04-02,2020-04-02,2026-08-23,press_quoted_operator_notice,3,NOTE-CHA-0009|NOTE-CHA-0010|NOTE-CHA-0011,,https://m.cc.bendibao.com/traffic/47870.shtm,1
Changchun,Mainland China,3,6号线,22,press_quoted_operator_notice,press or government relay quoting the operator's notice,8.25,7.3,5.0,7.0,0.0,2024-06-07,2024-06-07,2026-08-23,press_quoted_operator_notice,3,NOTE-CHA-0014|NOTE-CHA-0015|NOTE-CHA-0016,,https://m.cc.bendibao.com/traffic/64306.shtm,1
Changchun,Mainland China,4,8号线,12,press_quoted_operator_notice,press or government relay quoting the operator's notice,4.89,12.3,8.0,10.0,0.0,2021-01-07,2020-04-02,2026-08-23,press_quoted_operator_notice,2,NOTE-CHA-0012|NOTE-CHA-0013,,https://jl.ifeng.com/c/82o543UcdzL | https://m.cc.bendibao.com/traffic/47870.shtm,2
Changchun,Mainland China,5,3号线,34,press_quoted_operator_notice,press or government relay quoting the operator's notice,8.25,7.3,5.0,6.0,0.0,2020-04-02,2020-04-02,2026-08-23,press_quoted_operator_notice,3,NOTE-CHA-0006|NOTE-CHA-0007|NOTE-CHA-0008,,https://m.cc.bendibao.com/traffic/47870.shtm,1
Changchun,Mainland China,6,2号线,21,press_quoted_operator_notice,press or government relay quoting the operator's notice,8.5,7.1,5.0,6.0,0.0,2020-04-02,2020-04-02,2026-08-23,press_quoted_operator_notice,3,NOTE-CHA-0003|NOTE-CHA-0004|NOTE-CHA-0005,,https://m.cc.bendibao.com/traffic/47870.shtm,1
Changsha,Mainland China,1,1号线,25,published_peak_offpeak_only,"operator statement, peak (and off-peak) values only, remainder filled by the bounded 2025 constant",8.48,7.1,4.583,6.617,0.404,2020-04-02,2020-04-02,2026-08-23,press_quoted_operator_notice,2,NOTE-CHA-0001|NOTE-CHA-0002,,https://m.cc.bendibao.com/traffic/47870.shtm,1
Changsha,Mainland China,2,2号线,23,published_peak_offpeak_only,"operator statement, peak (and off-peak) values only, remainder filled by the bounded 2025 constant",10.03,6.0,3.65,6.073,0.763,2020-04-02,2020-04-02,2026-08-23,press_quoted_operator_notice,2,NOTE-CHA-0003|NOTE-CHA-0004,,https://m.cc.bendibao.com/traffic/47870.shtm,1
Changsha,Mainland China,3,3号线,33,published_peak_offpeak_only,"operator statement, peak (and off-peak) values only, remainder filled by the bounded 2025 constant",6.62,9.1,6.483,8.104,0.88,2020-04-02,2020-04-02,2026-08-23,press_quoted_operator_notice,2,NOTE-CHA-0005|NOTE-CHA-0006,,https://m.cc.bendibao.com/traffic/47870.shtm,1
Changsha,Mainland China,4,4号线,25,published_peak_offpeak_only,"operator statement, peak (and off-peak) values only, remainder filled by the bounded 2025 constant",7.25,8.3,4.0,7.742,0.853,2020-04-02,2020-04-02,2026-08-23,press_quoted_operator_notice,2,NOTE-CHA-0007|NOTE-CHA-0008,,https://m.cc.bendibao.com/traffic/47870.shtm,1
Changsha,Mainland China,5,5号线,18,published_peak_offpeak_only,"operator statement, peak (and off-peak) values only, remainder filled by the bounded 2025 constant",6.58,9.1,6.283,8.368,0.881,2020-04-02,2020-04-02,2026-08-23,press_quoted_operator_notice,2,NOTE-CHA-0009|NOTE-CHA-0010,,https://m.cc.bendibao.com/traffic/47870.shtm,1
Changsha,Mainland China,6,6号线,34,inherited_from_trunk,inherited from the trunk route of the same line,7.15,8.4,4.183,7.742,0.015,2020-04-02,2020-04-02,2026-08-23,press_quoted_operator_notice,1,NOTE-CHA-0011,,https://m.cc.bendibao.com/traffic/47870.shtm,1
Changsha,Mainland China,7,磁浮快线,3,published_peak_offpeak_only,"operator statement, peak (and off-peak) values only, remainder filled by the bounded 2025 constant",5.89,10.2,5.467,10.0,0.882,2020-04-02,2020-04-02,2026-08-23,press_quoted_operator_notice,1,NOTE-CHA-0008,,https://m.cc.bendibao.com/traffic/47870.shtm,1
Changzhou,Mainland China,1,1号线,29,published_peak_offpeak_only,"operator statement, peak (and off-peak) values only, remainder filled by the bounded 2025 constant",6.79,8.8,6.0,7.762,0.744,2020-04-02,2020-04-02,2026-08-23,press_quoted_operator_notice,1,NOTE-CHA-0001,,https://m.cc.bendibao.com/traffic/47870.shtm,1
Changzhou,Mainland China,2,2号线,15,published_peak_offpeak_only,"operator statement, peak (and off-peak) values only, remainder filled by the bounded 2025 constant",7.05,8.5,6.0,7.722,0.752,2020-04-02,2020-04-02,2026-08-23,press_quoted_operator_notice,1,NOTE-CHA-0002,,https://m.cc.bendibao.com/traffic/47870.shtm,1
Chengdu,Mainland China,1,2号线,32,transcription_2025_unsourced,"2025 constant, no source",12.0,5.0,5.0,5.0,,,,,,0,,,,0
Chengdu,Mainland China,2,S3(资阳)线,7,press_quoted_operator_notice,press or government relay quoting the operator's notice,3.18,18.8,15.0,20.0,0.011,2024-09-26,2024-09-26,2026-09-02,press_quoted_operator_notice,2,NOTE-CHE-9009|NOTE-CHE-9010,,https://www.sina.cn/news/detail/5082799712769244.html,1
Chengdu,Mainland China,3,3号线,37,transcription_2025_unsourced,"2025 constant, no source",10.0,6.0,6.0,6.0,,,,,,0,,,,0
Chengdu,Mainland China,4,4号线,30,transcription_2025_unsourced,"2025 constant, no source",10.0,6.0,6.0,6.0,,,,,,0,,,,0
Chengdu,Mainland China,5,5号线,41,transcription_2025_unsourced,"2025 constant, no source",10.0,6.0,6.0,6.0,,,,,,0,,,,0
Chengdu,Mainland China,6,6号线,56,transcription_2025_unsourced,"2025 constant, no source",7.5,8.0,8.0,8.0,,,,,,0,,,,0
Chengdu,Mainland China,7,7号线,31,transcription_2025_unsourced,"2025 constant, no source",6.67,9.0,8.996,8.996,,,,,,0,,,,0
Chengdu,Mainland China,8,7号线,31,transcription_2025_unsourced,"2025 constant, no source",6.67,9.0,8.996,8.996,,,,,,0,,,,0
Chengdu,Mainland China,9,8号线,32,transcription_2025_unsourced,"2025 constant, no source",7.5,8.0,8.0,8.0,,,,,,0,,,,0
Chengdu,Mainland China,10,9号线,13,amap_interval_band,"Amap interval bands (undated, passed the acceptance test)",8.22,7.3,4.0,8.0,0.0,,,2026-09-06,amap_busline_timedesc,10,AMAP-CHE-0009|AMAP-CHE-0010|AMAP-CHE-0011|AMAP-CHE-0012|AMAP-CHE-0013|AMAP-CHE-0016|AMAP-CHE-0017|AMAP-CHE-0018|AMAP-CHE-0019|AMAP-CHE-0020,900000075807|900000075808,https://restapi.amap.com/v3/bus/linename?keywords=地铁9号线&city=<city>&extensions=all,1
Chengdu,Mainland China,11,10号线,16,transcription_2025_unsourced,"2025 constant, no source",7.0,8.6,8.571,8.571,,,,,,0,,,,0
Chengdu,Mainland China,12,27号线,23,transcription_2025_unsourced,"2025 constant, no source",8.0,7.5,7.5,7.5,,,,,,0,,,,0
Chengdu,Mainland China,13,1号线,33,published_peak_offpeak_only,"operator statement, peak (and off-peak) values only, remainder filled by the bounded 2025 constant",15.66,3.8,2.0,3.75,0.883,2025-04-24,2025-04-24,2026-08-23,press_quoted_operator_notice,1,NOTE-CHE-0001,,https://news.cctv.cn/2025/04/24/ARTI2agzpRosSjVlDL8MU2c3250424.shtml,1
Chengdu,Mainland China,14,1号线,3,published_peak_offpeak_only,"operator statement, peak (and off-peak) values only, remainder filled by the bounded 2025 constant",15.73,3.8,2.0,3.75,0.883,2025-04-24,2025-04-24,2026-08-23,press_quoted_operator_notice,1,NOTE-CHE-0001,,https://news.cctv.cn/2025/04/24/ARTI2agzpRosSjVlDL8MU2c3250424.shtml,1
Chengdu,Mainland China,15,17号线,3,transcription_2025_unsourced,"2025 constant, no source",8.0,7.5,7.5,7.5,,,,,,0,,,,0
Chengdu,Mainland China,16,18号线,12,published_peak_offpeak_only,"operator statement, peak (and off-peak) values only, remainder filled by the bounded 2025 constant",9.8,6.1,3.917,7.25,0.308,2023-03-26,2023-03-26,2026-09-02,press_quoted_operator_notice,3,NOTE-CHE-9001|NOTE-CHE-9002|NOTE-CHE-9003,,https://sichuan.scol.com.cn/ggxw/202303/58838696.html,1
Chengdu,Mainland China,17,19号线,18,published_peak_offpeak_only,"operator statement, peak (and off-peak) values only, remainder filled by the bounded 2025 constant",10.96,5.5,3.0,6.0,0.767,2023-11-28,2023-11-28,2026-09-02,press_quoted_operator_notice,2,NOTE-CHE-9006|NOTE-CHE-9007,,http://sc.people.com.cn/n2/2023/1128/c345167-40657810.html,1
Chengdu,Mainland China,18,18号线,5,press_quoted_operator_notice,press or government relay quoting the operator's notice,8.77,6.8,3.917,8.416,0.0,2023-03-26,2023-03-26,2026-09-02,press_quoted_operator_notice,4,NOTE-CHE-9001|NOTE-CHE-9002|NOTE-CHE-9003|published_offpeak_of_line,,https://sichuan.scol.com.cn/ggxw/202303/58838696.html,1
Chongqing,Mainland China,1,1号线,25,published_peak_offpeak_only,"operator statement, peak (and off-peak) values only, remainder filled by the bounded 2025 constant",14.34,4.2,3.0,3.846,0.759,2020-01-13,2020-01-13,2026-09-02,government_relay,2,NOTE-CHO-9001|NOTE-CHO-9002,,http://cq.gov.cn/ywdt/bmts/202001/t20200113_8655466.html,1
Chongqing,Mainland China,2,2号线,25,inherited_from_trunk,inherited from the trunk route of the same line,5.38,11.2,9.75,9.75,0.22,2020-03-27,2020-03-27,2026-09-02,government_relay,1,NOTE-CHO-9004,,http://www.ddknews.gov.cn/ddk_Content/2020-03/27/content_4650847.htm,1
Chongqing,Mainland China,3,轨道交通3号线(空港线),7,amap_interval_band,"Amap interval bands (undated, passed the acceptance test)",5.05,11.9,10.0,10.0,0.0,,,2026-09-06,amap_busline_timedesc,1,AMAP-CHO-0006,900000067948,https://restapi.amap.com/v3/bus/linename?keywords=轨道交通3号线(空港线)&city=<city>&extensions=all,1
Chongqing,Mainland China,4,3号线,39,published_peak_offpeak_only,"operator statement, peak (and off-peak) values only, remainder filled by the bounded 2025 constant",17.8,3.4,2.5,3.158,0.702,2015-01-30,2015-01-30,2026-08-23,press_quoted_operator_notice,2,NOTE-CHO-0005|NOTE-CHO-0006,,http://politics.people.com.cn/n/2015/0130/c70731-26479868.html,1
Chongqing,Mainland China,5,5号线,32,published_peak_offpeak_only,"operator statement, peak (and off-peak) values only, remainder filled by the bounded 2025 constant",7.47,8.0,4.5,5.66,0.884,2024-11-27,2024-11-27,2026-08-23,government_relay,1,NOTE-CHO-0003,,http://www.cq.gov.cn/ywdt/bmts/202411/t20241127_13837623.html,1
Chongqing,Mainland China,6,6号线,28,published_peak_offpeak_only,"operator statement, peak (and off-peak) values only, remainder filled by the bounded 2025 constant",14.52,4.1,3.167,3.704,0.761,2021-05-27,2021-05-27,2026-09-02,government_relay,2,NOTE-CHO-9005|NOTE-CHO-9006,,http://cq.gov.cn/ywdt/bmts/202105/t20210527_9335105.html,1
Chongqing,Mainland China,7,9号线,31,published_peak_offpeak_only,"operator statement, peak (and off-peak) values only, remainder filled by the bounded 2025 constant",8.3,7.2,6.0,6.667,0.766,2023-02-01,2022-10-26,2026-09-02,government_relay,4,NOTE-CHO-9010|NOTE-CHO-9011|NOTE-CHO-9012|NOTE-CHO-9013,,https://www.cq.gov.cn/ywdt/bmts/202302/t20230201_11556089.html | http://www.cq.gov.cn/ywdt/jrcq/202210/t20221026_11227247.html,2
Chongqing,Mainland China,8,10号线,27,published_peak_offpeak_only,"operator statement, peak (and off-peak) values only, remainder filled by the bounded 2025 constant",7.11,8.4,6.5,7.5,0.758,2023-11-29,2023-02-17,2026-09-02,government_relay; press_quoted_operator_notice,4,NOTE-CHO-9015|NOTE-CHO-9016|NOTE-CHO-9017|NOTE-CHO-9018,,https://cq.cnr.cn/xwsd/20231129/t20231129_526502759.shtml | https://www.cq.gov.cn/ywdt/bmts/202302/t20230217_11620275.html,2
Chongqing,Mainland China,9,18号线,19,published_interval_band_line,"operator statement, interval bands for the whole line",7.55,8.0,5.0,8.0,0.0,2024-06-30,2024-06-30,2026-08-23,government_relay,2,NOTE-CHO-0001|NOTE-CHO-0002,,https://www.cq.gov.cn/zwgk/zfxxgkml/zdlyxxgk/jt/jtzx/202406/t20240630_13335005.html,1
Chongqing,Mainland China,10,璧铜线,9,published_average_interval,"operator statement, one average interval",2.58,23.2,18.0,18.0,0.0,2025-01-03,2025-01-03,2026-08-23,government_relay,1,NOTE-CHO-0004,,https://www.cq.gov.cn/ywdt/jrcq/202501/t20250103_14043422_app.html,1
Chongqing,Mainland China,11,轨道交通国博线,13,published_peak_offpeak_only,"operator statement, peak (and off-peak) values only, remainder filled by the bounded 2025 constant",4.4,13.6,10.0,13.5,0.401,2023-09-01,2023-05-18,2026-09-02,press_quoted_operator_notice,3,NOTE-CHO-9019|NOTE-CHO-9020|NOTE-CHO-9021,,https://epaper.cqcb.com/html/202309/01/content_427553.html | https://cq.ifeng.com/c/8PrjghxVKxu,2
Chongqing,Mainland China,12,环线,33,press_quoted_operator_notice,press or government relay quoting the operator's notice,7.75,7.7,4.5,6.0,0.223,2022-03-08,2022-03-08,2026-09-02,press_quoted_operator_notice,3,NOTE-CHO-9022|NOTE-CHO-9023|NOTE-CHO-9024,,https://www.jiemian.com/article/7183241.html,1
Chongqing,Mainland China,13,环线,37,press_quoted_operator_notice,press or government relay quoting the operator's notice,7.75,7.7,4.5,6.0,0.221,2022-03-08,2022-03-08,2026-09-02,press_quoted_operator_notice,3,NOTE-CHO-9022|NOTE-CHO-9023|NOTE-CHO-9024,,https://www.jiemian.com/article/7183241.html,1
Chongqing,Mainland China,15,江跳线,7,published_interval_band_line,"operator statement, interval bands for the whole line",3.52,17.1,10.0,15.0,0.124,2022-08-04,2022-08-04,2026-09-02,government_relay,3,NOTE-CHO-9026|NOTE-CHO-9027|NOTE-CHO-9028,,https://www.cq.gov.cn/zwgk/zfxxgkml/hygq/202208/t20220804_10978248.html,1
Chongqing,Mainland China,17,4号线,24,published_average_interval,"operator statement, one average interval",4.11,14.6,10.0,10.0,0.0,2022-06-20,2022-06-20,2026-09-02,government_relay,1,NOTE-CHO-9029,,https://www.cq.gov.cn/zwgk/zfxxgkzl/fdzdgknr/zdxm/dtxx/202206/t20220620_10831327.html,1
Daegu,South Korea,1,1호선,32,gtfs_weekday_trips,weekday trips counted in the GTFS feed,7.74,7.8,,,,,,,,0,,,,0
Daegu,South Korea,2,2호선,29,gtfs_weekday_trips,weekday trips counted in the GTFS feed,7.74,7.8,,,,,,,,0,,,,0
Daegu,South Korea,3,3호선,30,gtfs_weekday_trips,weekday trips counted in the GTFS feed,8.21,7.3,,,,,,,,0,,,,0
Dalian,Mainland China,1,1号线,22,published_peak_offpeak_only,"operator statement, peak (and off-peak) values only, remainder filled by the bounded 2025 constant",8.23,7.3,4.0,6.186,0.934,2023-04-16,2023-04-16,2026-08-23,press_quoted_operator_notice,4,NOTE-DAL-0001|NOTE-DAL-0002|NOTE-DAL-0003|NOTE-DAL-0004,,https://www.thepaper.cn/newsDetail_forward_22725320,1
Dalian,Mainland China,2,2号线,29,published_peak_offpeak_only,"operator statement, peak (and off-peak) values only, remainder filled by the bounded 2025 constant",8.98,6.7,3.5,11.0,0.83,2023-04-16,2023-04-16,2026-08-23,press_quoted_operator_notice,12,NOTE-DAL-0005|NOTE-DAL-0006|NOTE-DAL-0007|NOTE-DAL-0008|NOTE-DAL-0009|NOTE-DAL-0010|NOTE-DAL-0011|NOTE-DAL-0012|NOTE-DAL-0013|NOTE-DAL-0014|NOTE-DAL-0015|NOTE-DAL-0016,,https://www.thepaper.cn/newsDetail_forward_22725320,1
Dalian,Mainland China,3,地铁3号线支线,7,press_quoted_operator_notice,press or government relay quoting the operator's notice,3.55,16.9,10.0,15.0,0.156,2021-12-28,2021-12-28,2026-08-23,press_quoted_operator_notice,2,NOTE-DAL-0037|NOTE-DAL-0038,,https://dalian.runsky.com/2021-12/28/content_6170453.html,1
Dalian,Mainland China,4,3号线,13,published_peak_offpeak_only,"operator statement, peak (and off-peak) values only, remainder filled by the bounded 2025 constant",4.11,14.6,5.941,20.0,0.35,2024-08-31,2024-08-31,2026-08-23,operator_web,1,NOTE-DAL-0028,,https://www.dltransgrp.com/subway/subwayShow.do?newsId=c2831d76535741d79833c653e9db21bb,1
Dalian,Mainland China,5,5号线,18,published_peak_offpeak_only,"operator statement, peak (and off-peak) values only, remainder filled by the bounded 2025 constant",6.48,9.3,4.5,10.0,0.273,2023-03-25,2023-03-25,2026-09-02,government_relay,3,NOTE-DAL-9001|NOTE-DAL-9002|NOTE-DAL-9003,,https://news.qq.com/rain/a/20230325A01XHQ00,1
Dalian,Mainland China,6,12号线,8,published_peak_offpeak_only,"operator statement, peak (and off-peak) values only, remainder filled by the bounded 2025 constant",3.53,17.0,13.0,13.043,0.595,2023-04-21,2023-04-21,2026-08-23,press_quoted_operator_notice,4,NOTE-DAL-0024|NOTE-DAL-0025|NOTE-DAL-0026|NOTE-DAL-0027,,https://m.gmw.cn/2023-04/21/content_1303350694.htm,1
Dalian,Mainland China,7,13号线,12,transcription_2025_unsourced,"2025 constant, no source",4.3,14.0,13.953,13.953,,,,,,0,,,,0
Dongguan,Mainland China,1,2号线,15,press_quoted_operator_notice,press or government relay quoting the operator's notice,7.04,8.5,6.0,9.0,0.0,2021-05-07,2021-05-07,2026-08-23,press_quoted_operator_notice,3,NOTE-DON-0001|NOTE-DON-0002|NOTE-DON-0003,,https://pub.timedg.com/a/2021-05/07/AP60e970b1e4b04c831916259a.html,1
Foshan,Mainland China,1,佛山2号线,17,published_interval_band_line,"operator statement, interval bands for the whole line",6.19,9.7,5.75,12.0,0.045,2025-05-16,2021-12-25,2026-08-23,government_relay; press_quoted_operator_notice,3,NOTE-FOS-0001|NOTE-FOS-0002|NOTE-FOS-0005,,https://ipaper.oeeee.com/ipaper/A/html/2025-05/16/content_4995.htm | https://www.gz.gov.cn/zt/qltjygadwqjsxsdzgzlfzdf/mtjj/content/post_7986666.html,2
Foshan,Mainland China,2,广佛线,17,published_peak_offpeak_only,"operator statement, peak (and off-peak) values only, remainder filled by the bounded 2025 constant",9.56,6.3,5.0,5.825,0.764,2011-07-07,2011-07-07,2026-08-23,operator_web,1,NOTE-FOS-0006,,https://www.fmetro.net/xwzx/gsdt/content_962,1
Foshan,Mainland China,3,3号线,26,press_quoted_operator_notice,press or government relay quoting the operator's notice,6.07,9.9,5.917,12.667,0.045,2025-05-22,2025-05-22,2026-09-02,press_quoted_operator_notice,4,NOTE-FOS-9001|NOTE-FOS-9002|NOTE-FOS-9003|NOTE-FOS-9004,,https://web.archive.org/web/20250522123005/https://www.nfnews.com/content/LozBvxzLon.html,1
Fukuoka,Japan,1,空港線,13,gtfs_weekday_trips,weekday trips counted in the GTFS feed,9.32,6.4,,,,,,,,0,,,,0
Fukuoka,Japan,2,箱崎線,7,gtfs_weekday_trips,weekday trips counted in the GTFS feed,6.84,8.8,,,,,,,,0,,,,0
Fukuoka,Japan,3,七隈線,18,gtfs_weekday_trips,weekday trips counted in the GTFS feed,8.84,6.8,,,,,,,,0,,,,0
Fuzhou,Mainland China,1,1号线,25,published_interval_band_line,"operator statement, interval bands for the whole line",8.48,7.1,4.5,6.833,0.083,2023-08-22,2023-01-06,2026-08-23,operator_wechat; press_quoted_operator_notice,9,NOTE-FUZ-0001|NOTE-FUZ-0002|NOTE-FUZ-0003|NOTE-FUZ-0004|NOTE-FUZ-0005|NOTE-FUZ-0006|NOTE-FUZ-0007|NOTE-FUZ-0008|NOTE-FUZ-0009,,https://www.sohu.com/a/714011839_121106994 | https://mp.weixin.qq.com/s/svCu-QQHXL8ZM3nscl8EPA,2
Fuzhou,Mainland China,2,2号线,22,published_interval_band_line,"operator statement, interval bands for the whole line",8.51,7.1,4.5,6.833,0.0,2023-08-22,2023-01-06,2026-08-23,operator_wechat; press_quoted_operator_notice,10,NOTE-FUZ-0010|NOTE-FUZ-0011|NOTE-FUZ-0012|NOTE-FUZ-0013|NOTE-FUZ-0014|NOTE-FUZ-0015|NOTE-FUZ-0016|NOTE-FUZ-0017|NOTE-FUZ-0018|published_offpeak_of_line,,https://www.sohu.com/a/714011839_121106994 | https://mp.weixin.qq.com/s/svCu-QQHXL8ZM3nscl8EPA,2
Fuzhou,Mainland China,3,4号线,23,press_quoted_operator_notice,press or government relay quoting the operator's notice,8.07,7.4,5.5,6.833,0.0,2024-04-28,2024-04-28,2026-08-23,press_quoted_operator_notice,6,NOTE-FUZ-0019|NOTE-FUZ-0020|NOTE-FUZ-0021|NOTE-FUZ-0022|NOTE-FUZ-0023|published_offpeak_of_line,,https://www.clnews.com.cn/html/3/20240428/662df95412374.shtml,1
Fuzhou,Mainland China,4,5号线,20,press_quoted_operator_notice,press or government relay quoting the operator's notice,6.97,8.6,6.833,7.833,0.0,2024-04-28,2024-04-28,2026-08-23,press_quoted_operator_notice,6,NOTE-FUZ-0024|NOTE-FUZ-0025|NOTE-FUZ-0026|NOTE-FUZ-0027|NOTE-FUZ-0028|published_offpeak_of_line,,https://www.clnews.com.cn/html/3/20240428/662df95412374.shtml,1
Fuzhou,Mainland China,5,6号线,14,published_interval_band_line,"operator statement, interval bands for the whole line",5.31,11.3,7.833,9.333,0.0,2023-01-06,2023-01-06,2026-08-23,operator_wechat,2,NOTE-FUZ-0029|NOTE-FUZ-0030,,https://mp.weixin.qq.com/s/svCu-QQHXL8ZM3nscl8EPA,1
Guangzhou,Mainland China,1,1号线,16,transcription_2025_unsourced,"2025 constant, no source",12.0,5.0,5.0,5.0,,,,,,0,,,,0
Guangzhou,Mainland China,2,2号线,24,published_peak_offpeak_only,"operator statement, peak (and off-peak) values only, remainder filled by the bounded 2025 constant",13.43,4.5,2.233,4.286,0.886,2019-12-15,2019-12-15,2026-09-02,press_quoted_operator_notice,2,NOTE-GUA-9037|NOTE-GUA-9038,,https://pc.nfnews.com/38/2896248.html,1
Guangzhou,Mainland China,3,3号线,29,inherited_from_trunk,inherited from the trunk route of the same line,12.6,4.8,3.0,7.0,0.0,,,2026-09-06,amap_busline_timedesc,12,AMAP-GUA-0015|AMAP-GUA-0016|AMAP-GUA-0017|AMAP-GUA-0018|AMAP-GUA-0019|AMAP-GUA-0020|AMAP-GUA-0025|AMAP-GUA-0026|AMAP-GUA-0027|AMAP-GUA-0028|AMAP-GUA-0029|AMAP-GUA-0030,440100023033|440100023034,https://restapi.amap.com/v3/bus/linename?keywords=地铁3号线&city=<city>&extensions=all,1
Guangzhou,Mainland China,4,4号线,24,published_peak_offpeak_only,"operator statement, peak (and off-peak) values only, remainder filled by the bounded 2025 constant",13.02,4.6,2.333,4.666,0.884,2021-10-13,2021-10-13,2026-09-02,press_quoted_operator_notice,1,NOTE-GUA-9036,,https://static.nfnews.com/content/202110/13/c5829379.html,1
Guangzhou,Mainland China,5,5号线,30,transcription_2025_unsourced,"2025 constant, no source",13.0,4.6,4.615,4.615,,,,,,0,,,,0
Guangzhou,Mainland China,6,6号线,32,amap_interval_band,"Amap interval bands (undated, passed the acceptance test)",7.43,8.1,4.0,8.0,0.0,,,2026-09-06,amap_busline_timedesc,10,AMAP-GUA-0031|AMAP-GUA-0032|AMAP-GUA-0033|AMAP-GUA-0034|AMAP-GUA-0035|AMAP-GUA-0037|AMAP-GUA-0038|AMAP-GUA-0039|AMAP-GUA-0040|AMAP-GUA-0041,440100023053|440100023054,https://restapi.amap.com/v3/bus/linename?keywords=地铁6号线&city=<city>&extensions=all,1
Guangzhou,Mainland China,7,7号线,28,published_peak_offpeak_only,"operator statement, peak (and off-peak) values only, remainder filled by the bounded 2025 constant",9.33,6.4,5.317,6.0,0.827,2023-12-28,2023-12-28,2026-09-02,government_relay,2,NOTE-GUA-9032|NOTE-GUA-9033,,https://www.gz.gov.cn/zwfw/zxfw/jtfw/content/post_9409437.html,1
Guangzhou,Mainland China,8,8号线,28,published_peak_offpeak_only,"operator statement, peak (and off-peak) values only, remainder filled by the bounded 2025 constant",11.27,5.3,3.333,5.455,0.768,2020-10-16,2020-10-16,2026-09-02,government_relay,4,NOTE-GUA-9028|NOTE-GUA-9029|NOTE-GUA-9030|NOTE-GUA-9031,,https://www.gz.gov.cn/zwfw/zxfw/content/post_6849729.html,1
Guangzhou,Mainland China,9,9号线,11,amap_interval_band,"Amap interval bands (undated, passed the acceptance test)",8.21,7.3,4.0,8.0,0.0,,,2026-09-06,amap_busline_timedesc,10,AMAP-GUA-0053|AMAP-GUA-0054|AMAP-GUA-0055|AMAP-GUA-0056|AMAP-GUA-0057|AMAP-GUA-0058|AMAP-GUA-0059|AMAP-GUA-0060|AMAP-GUA-0061|AMAP-GUA-0062,900000043839|900000043871,https://restapi.amap.com/v3/bus/linename?keywords=地铁9号线&city=<city>&extensions=all,1
Guangzhou,Mainland China,10,10号线,21,published_peak_offpeak_only,"operator statement, peak (and off-peak) values only, remainder filled by the bounded 2025 constant",8.41,7.1,4.0,8.0,0.404,2025-06-27,2025-06-27,2026-09-02,press_quoted_operator_notice,2,NOTE-GUA-9001|NOTE-GUA-9002,,https://news.dayoo.com/guangzhou/202506/27/139995_54841304.htm,1
Guangzhou,Mainland China,11,11号线,31,published_interval_band_line,"operator statement, interval bands for the whole line",7.86,7.6,5.35,7.5,0.0,2025-09-29,2024-12-20,2026-09-02,government_relay,4,NOTE-GUA-0001|NOTE-GUA-0002|NOTE-GUA-9013|NOTE-GUA-9014,,https://www.gz.gov.cn/zwfw/zxfw/jtfw/content/post_10466308.html | https://www.gz.gov.cn/zwfw/zxfw/jtfw/content/post_10035640.html,2
Guangzhou,Mainland China,12,11号线,31,published_interval_band_line,"operator statement, interval bands for the whole line",7.86,7.6,5.35,7.5,0.0,2025-09-29,2024-12-20,2026-09-02,government_relay,4,NOTE-GUA-0001|NOTE-GUA-0002|NOTE-GUA-9013|NOTE-GUA-9014,,https://www.gz.gov.cn/zwfw/zxfw/jtfw/content/post_10466308.html | https://www.gz.gov.cn/zwfw/zxfw/jtfw/content/post_10035640.html,2
Guangzhou,Mainland China,13,12号线,9,published_peak_offpeak_only,"operator statement, peak (and off-peak) values only, remainder filled by the bounded 2025 constant",8.3,7.2,6.5,6.667,0.538,2025-06-13,2025-06-13,2026-09-02,government_relay,1,NOTE-GUA-9005,,https://www.gz.gov.cn/zwfw/zxfw/jtfw/content/post_10308536.html,1
Guangzhou,Mainland China,14,12号线,8,transcription_2025_unsourced,"2025 constant, no source",9.0,6.7,6.667,6.667,,,,,,0,,,,0
Guangzhou,Mainland China,15,3号线 (天河客运站支线),6,amap_interval_band,"Amap interval bands (undated, passed the acceptance test)",12.63,4.8,3.0,7.0,0.0,,,2026-09-06,amap_busline_timedesc,12,AMAP-GUA-0015|AMAP-GUA-0016|AMAP-GUA-0017|AMAP-GUA-0018|AMAP-GUA-0019|AMAP-GUA-0020|AMAP-GUA-0025|AMAP-GUA-0026|AMAP-GUA-0027|AMAP-GUA-0028|AMAP-GUA-0029|AMAP-GUA-0030,440100023033|440100023034,https://restapi.amap.com/v3/bus/linename?keywords=地铁3号线&city=<city>&extensions=all,1
Guangzhou,Mainland China,16,14号线,13,published_peak_offpeak_only,"operator statement, peak (and off-peak) values only, remainder filled by the bounded 2025 constant",6.79,8.8,4.75,8.571,0.441,2024-05-20,2024-05-20,2026-08-23,press_quoted_operator_notice,1,NOTE-GUA-0003,,https://pc.nfnews.com/38/8890197.html,1
Guangzhou,Mainland China,17,18号线,8,published_interval_band_line,"operator statement, interval bands for the whole line",2.8,21.4,4.367,35.0,0.0,2022-04-16,2022-04-16,2026-08-23,government_relay,2,NOTE-GUA-0005|NOTE-GUA-0006,,https://www.gz.gov.cn/zwfw/zxfw/content/post_8191281.html,1
Guangzhou,Mainland China,18,21号线,20,transcription_2025_unsourced,"2025 constant, no source",6.0,10.0,10.0,10.0,,,,,,0,,,,0
Guangzhou,Mainland China,19,22号线,4,published_peak_offpeak_only,"operator statement, peak (and off-peak) values only, remainder filled by the bounded 2025 constant",5.8,10.3,7.5,10.0,0.765,2022-03-31,2022-03-31,2026-09-02,press_quoted_operator_notice,2,NOTE-GUA-9016|NOTE-GUA-9017,,https://huacheng.gz-cmc.com/pages/2022/03/31/1dc3d957d8524336b22cb1eb5d2f28c4.html,1
Guangzhou,Mainland China,20,APM线,9,transcription_2025_unsourced,"2025 constant, no source",18.0,3.3,3.333,3.333,,,,,,0,,,,0
Guangzhou,Mainland China,21,广佛线,8,published_peak_offpeak_only,"operator statement, peak (and off-peak) values only, remainder filled by the bounded 2025 constant",11.16,5.4,2.967,5.934,0.765,2020-11-03,2020-11-03,2026-09-02,press_quoted_operator_notice,2,NOTE-GUA-9039|NOTE-GUA-9040,,https://pc.nfnews.com/40/4243472.html,1
Guangzhou,Mainland China,22,13号线,11,published_peak_offpeak_only,"operator statement, peak (and off-peak) values only, remainder filled by the bounded 2025 constant",8.07,7.4,6.0,6.667,0.761,2025-08-08,2025-08-08,2026-09-02,government_relay,2,NOTE-GUA-9008|NOTE-GUA-9009,,https://www.gz.gov.cn/zwfw/zxfw/jtfw/content/post_10393475.html,1
Guiyang,Mainland China,1,1号线,25,press_quoted_operator_notice,press or government relay quoting the operator's notice,6.39,9.4,5.5,9.0,0.02,2022-08-29,2021-04-26,2026-08-23,press_quoted_operator_notice,5,NOTE-GUI-0001|NOTE-GUI-0002|NOTE-GUI-0003|NOTE-GUI-0004|NOTE-GUI-0005,,https://m.gy.bendibao.com/traffic/60711.shtm | https://www.163.com/dy/article/G8H6H1HF0550TXNW.html,2
Guiyang,Mainland China,2,S1线,13,published_peak_offpeak_only,"operator statement, peak (and off-peak) values only, remainder filled by the bounded 2025 constant",5.54,10.8,7.833,9.791,0.88,2025-02-14,2025-02-14,2026-08-23,government_relay,1,NOTE-GUI-0019,,https://finance.sina.cn/2025-02-14/detail-inekmitf4264434.d.html,1
Guiyang,Mainland China,3,2号线,32,press_quoted_operator_notice,press or government relay quoting the operator's notice,7.53,8.0,5.5,9.0,0.033,2022-08-29,2021-04-26,2026-08-23,press_quoted_operator_notice,5,NOTE-GUI-0007|NOTE-GUI-0008|NOTE-GUI-0009|NOTE-GUI-0010|NOTE-GUI-0011,,https://m.gy.bendibao.com/traffic/60711.shtm | https://www.163.com/dy/article/G8H6H1HF0550TXNW.html,2
Guiyang,Mainland China,4,3号线,29,press_quoted_operator_notice,press or government relay quoting the operator's notice,7.49,8.0,6.0,9.0,0.057,2023-12-16,2023-12-16,2026-08-23,press_quoted_operator_notice,5,NOTE-GUI-0013|NOTE-GUI-0014|NOTE-GUI-0015|NOTE-GUI-0016|NOTE-GUI-0017,,https://news.qq.com/rain/a/20231216A08M2A00,1
Hangzhou,Mainland China,1,1号线,33,amap_interval_band,"Amap interval bands (undated, passed the acceptance test)",11.95,5.0,3.0,5.0,0.0,,,2026-09-06,amap_busline_timedesc,10,AMAP-HAN-0001|AMAP-HAN-0002|AMAP-HAN-0003|AMAP-HAN-0004|AMAP-HAN-0005|AMAP-HAN-0011|AMAP-HAN-0012|AMAP-HAN-0013|AMAP-HAN-0014|AMAP-HAN-0015,330100023133|330100023135,https://restapi.amap.com/v3/bus/linename?keywords=地铁1号线&city=<city>&extensions=all,1
Hangzhou,Mainland China,2,2号线,33,published_peak_offpeak_only,"operator statement, peak (and off-peak) values only, remainder filled by the bounded 2025 constant",11.84,5.1,2.5,5.455,0.855,2025-11-17,2025-11-17,2026-08-23,government_relay,2,NOTE-HAN-0017|NOTE-HAN-0018,,https://m.thepaper.cn/newsDetail_forward_31990099,1
Hangzhou,Mainland China,3,4号线,33,press_quoted_operator_notice,press or government relay quoting the operator's notice,9.9,6.1,2.417,6.833,0.167,2025-07-26,2025-07-26,2026-08-23,press_quoted_operator_notice,5,NOTE-HAN-0021|NOTE-HAN-0022|NOTE-HAN-0023|NOTE-HAN-0024|published_offpeak_of_line,,https://zjnews.zjol.com.cn/yc/qmt/202507/t20250726_31137106.shtml,1
Hangzhou,Mainland China,4,5号线,40,published_peak_offpeak_only,"operator statement, peak (and off-peak) values only, remainder filled by the bounded 2025 constant",13.42,4.5,2.833,4.101,0.942,2025-05-14,2025-05-14,2026-08-23,government_relay,1,NOTE-HAN-0009,,https://www.hzzx.gov.cn/cshz/content/2025-05/14/content_8994352.htm,1
Hangzhou,Mainland China,5,7号线,24,published_peak_offpeak_only,"operator statement, peak (and off-peak) values only, remainder filled by the bounded 2025 constant",8.51,7.1,5.5,6.316,0.882,2025-11-17,2025-11-17,2026-08-23,government_relay,2,NOTE-HAN-0019|NOTE-HAN-0020,,https://m.thepaper.cn/newsDetail_forward_31990099,1
Hangzhou,Mainland China,6,8号线,9,published_peak_offpeak_only,"operator statement, peak (and off-peak) values only, remainder filled by the bounded 2025 constant",6.63,9.0,6.75,9.0,0.292,2021-06-28,2021-06-28,2026-09-02,press_quoted_operator_notice,3,NOTE-HAN-9001|NOTE-HAN-9002|NOTE-HAN-9003,,https://news.qq.com/rain/a/20210628A0APB900,1
Hangzhou,Mainland China,7,9号线,21,published_peak_offpeak_only,"operator statement, peak (and off-peak) values only, remainder filled by the bounded 2025 constant",9.64,6.2,3.0,6.154,0.849,2025-03-05,2024-03-05,2026-08-23,government_relay,3,NOTE-HAN-0004|NOTE-HAN-0005|NOTE-HAN-0006,,https://www.hzzx.gov.cn/cshz/content/2025-03/05/content_8873285.htm | https://m.thepaper.cn/newsDetail_forward_26571152,2
Hangzhou,Mainland China,8,10号线,12,published_peak_offpeak_only,"operator statement, peak (and off-peak) values only, remainder filled by the bounded 2025 constant",7.76,7.7,6.0,7.5,0.299,2022-02-21,2022-02-21,2026-08-23,press_quoted_operator_notice,2,NOTE-HAN-0025|NOTE-HAN-0026,,https://finance.sina.cn/2022-02-21/detail-imcwiwss2135770.d.html,1
Hangzhou,Mainland China,9,16号线,12,published_peak_offpeak_only,"operator statement, peak (and off-peak) values only, remainder filled by the bounded 2025 constant",7.72,7.8,4.0,7.059,0.696,2025-03-05,2024-03-05,2026-08-23,government_relay,2,NOTE-HAN-0007|NOTE-HAN-0008,,https://www.hzzx.gov.cn/cshz/content/2025-03/05/content_8873285.htm | https://m.thepaper.cn/newsDetail_forward_26571152,2
Hangzhou,Mainland China,10,6号线,33,published_peak_offpeak_only,"operator statement, peak (and off-peak) values only, remainder filled by the bounded 2025 constant",9.41,6.4,3.167,5.714,0.785,2025-03-05,2025-03-05,2026-08-23,government_relay,3,NOTE-HAN-0001|NOTE-HAN-0002|NOTE-HAN-0003,,https://www.hzzx.gov.cn/cshz/content/2025-03/05/content_8873285.htm,1
Hangzhou,Mainland China,11,6号线,4,press_quoted_operator_notice,press or government relay quoting the operator's notice,6.15,9.8,9.0,9.0,0.0,2020-12-30,2020-12-30,2026-09-02,press_quoted_operator_notice,4,NOTE-HAN-9005|NOTE-HAN-9006|NOTE-HAN-9007|published_offpeak_of_line,,https://hwyst.hangzhou.com.cn/xwfb/content/2020-12/30/content_7884255.htm,1
Hangzhou,Mainland China,12,3号线,33,published_peak_offpeak_only,"operator statement, peak (and off-peak) values only, remainder filled by the bounded 2025 constant",9.44,6.4,3.0,7.0,0.39,2026-03-25,2024-03-05,2026-08-23,government_relay; press_quoted_operator_notice,6,NOTE-HAN-0012|NOTE-HAN-0013|NOTE-HAN-0014|NOTE-HAN-0015|NOTE-HAN-0016|published_offpeak_of_line,,https://news.qq.com/rain/a/20260325A07BJC00 | https://m.thepaper.cn/newsDetail_forward_26571152,2
Hangzhou,Mainland China,13,3号线,5,published_peak_offpeak_only,"operator statement, peak (and off-peak) values only, remainder filled by the bounded 2025 constant",9.53,6.3,4.8,7.0,0.529,2026-03-25,2026-03-25,2026-08-23,press_quoted_operator_notice,1,NOTE-HAN-0016,,https://news.qq.com/rain/a/20260325A07BJC00,1
Hangzhou,Mainland China,14,9号线,21,published_peak_offpeak_only,"operator statement, peak (and off-peak) values only, remainder filled by the bounded 2025 constant",9.64,6.2,3.0,6.154,0.849,2025-03-05,2024-03-05,2026-08-23,government_relay,3,NOTE-HAN-0004|NOTE-HAN-0005|NOTE-HAN-0006,,https://www.hzzx.gov.cn/cshz/content/2025-03/05/content_8873285.htm | https://m.thepaper.cn/newsDetail_forward_26571152,2
Hangzhou,Mainland China,15,19号线,17,published_peak_offpeak_only,"operator statement, peak (and off-peak) values only, remainder filled by the bounded 2025 constant",8.47,7.1,5.0,7.5,0.321,2025-06-30,2025-06-30,2026-08-23,press_quoted_operator_notice,2,NOTE-HAN-0010|NOTE-HAN-0011,,https://zjnews.zjol.com.cn/zjnews/202506/t20250630_31082688.shtml,1
Harbin,Mainland China,1,1号线,23,press_quoted_operator_notice,press or government relay quoting the operator's notice,8.29,7.2,3.967,6.5,0.132,2023-03-10,2023-03-10,2026-08-23,press_quoted_operator_notice,4,NOTE-HAR-0001|NOTE-HAR-0002|NOTE-HAR-0003|NOTE-HAR-0004,,https://m.sohu.com/a/652421420_349336,1
Harbin,Mainland China,2,2号线,19,press_quoted_operator_notice,press or government relay quoting the operator's notice,8.16,7.4,5.167,6.967,0.142,2023-03-10,2023-03-10,2026-08-23,press_quoted_operator_notice,4,NOTE-HAR-0005|NOTE-HAR-0006|NOTE-HAR-0007|NOTE-HAR-0008,,https://m.sohu.com/a/652421420_349336,1
Harbin,Mainland China,3,3号线,36,published_peak_offpeak_only,"operator statement, peak (and off-peak) values only, remainder filled by the bounded 2025 constant",8.88,6.8,4.967,6.967,0.316,2024-11-26,2024-11-26,2026-08-23,press_quoted_operator_notice,2,NOTE-HAR-0009|NOTE-HAR-0010,,https://m.thepaper.cn/newsDetail_forward_29460046,1
Harbin,Mainland China,4,3号线,36,published_peak_offpeak_only,"operator statement, peak (and off-peak) values only, remainder filled by the bounded 2025 constant",8.88,6.8,4.967,6.967,0.316,2024-11-26,2024-11-26,2026-08-23,press_quoted_operator_notice,2,NOTE-HAR-0009|NOTE-HAR-0010,,https://m.thepaper.cn/newsDetail_forward_29460046,1
Harbin,Mainland China,5,3号线,6,published_peak_offpeak_only,"operator statement, peak (and off-peak) values only, remainder filled by the bounded 2025 constant",8.85,6.8,4.967,6.967,0.298,2024-11-26,2024-11-26,2026-08-23,press_quoted_operator_notice,2,NOTE-HAR-0009|NOTE-HAR-0010,,https://m.thepaper.cn/newsDetail_forward_29460046,1
Hefei,Mainland China,1,1号线,26,published_interval_band_line,"operator statement, interval bands for the whole line",9.01,6.7,4.833,6.5,0.0,2023-09-23,2023-09-23,2026-08-23,government_relay,3,NOTE-HEF-0001|NOTE-HEF-0002|NOTE-HEF-0003,,http://ah.people.com.cn/n2/2023/0923/c227131-40582251.html,1
Hefei,Mainland China,2,2号线,35,published_interval_band_line,"operator statement, interval bands for the whole line",8.6,7.0,3.967,7.0,0.0,2023-02-27,2023-02-27,2026-08-23,government_relay,3,NOTE-HEF-0004|NOTE-HEF-0005|NOTE-HEF-0006,,http://ah.anhuinews.com/gdxw/202302/t20230227_6695446.html,1
Hefei,Mainland China,3,3号线,41,published_interval_band_line,"operator statement, interval bands for the whole line",8.39,7.2,4.333,7.133,0.0,2023-09-28,2023-02-27,2026-08-23,government_relay; press_quoted_operator_notice,3,NOTE-HEF-0007|NOTE-HEF-0008|NOTE-HEF-0009,,https://tidenews.com.cn/news.html?id=2593672 | http://ah.anhuinews.com/gdxw/202302/t20230227_6695446.html,2
Hefei,Mainland China,4,4号线,38,published_interval_band_line,"operator statement, interval bands for the whole line",7.29,8.2,4.833,9.0,0.0,2023-09-23,2023-09-23,2026-08-23,government_relay,3,NOTE-HEF-0010|NOTE-HEF-0011|NOTE-HEF-0012,,http://ah.people.com.cn/n2/2023/0923/c227131-40582251.html,1
Hefei,Mainland China,5,5号线,33,published_interval_band_line,"operator statement, interval bands for the whole line",7.23,8.3,5.5,8.0,0.0,2023-09-23,2023-09-23,2026-08-23,government_relay,3,NOTE-HEF-0013|NOTE-HEF-0014|NOTE-HEF-0015,,http://ah.people.com.cn/n2/2023/0923/c227131-40582251.html,1
Hefei,Mainland China,6,8号线,12,published_interval_band_line,"operator statement, interval bands for the whole line",7.19,8.3,5.5,8.0,0.0,2024-12-25,2024-12-25,2026-08-23,government_relay,3,NOTE-HEF-0016|NOTE-HEF-0017|NOTE-HEF-0018,,http://ah.people.com.cn/n2/2024/1225/c227142-41086611.html,1
Hohhot,Mainland China,1,1号线,20,press_quoted_operator_notice,press or government relay quoting the operator's notice,5.74,10.5,6.0,15.0,0.0,2023-04-06,2023-04-06,2026-08-23,press_quoted_operator_notice,5,NOTE-HOH-0001|NOTE-HOH-0002|NOTE-HOH-0003|NOTE-HOH-0004|NOTE-HOH-0005,,https://static.0471tv.org.cn/rb/pc/con/202304/07/content_23038.html,1
Hohhot,Mainland China,2,2号线,24,press_quoted_operator_notice,press or government relay quoting the operator's notice,5.76,10.4,6.0,15.0,0.0,2023-04-06,2023-04-06,2026-08-23,press_quoted_operator_notice,5,NOTE-HOH-0006|NOTE-HOH-0007|NOTE-HOH-0008|NOTE-HOH-0009|NOTE-HOH-0010,,https://static.0471tv.org.cn/rb/pc/con/202304/07/content_23038.html,1
Hong Kong,Hong Kong SAR,1,迪士尼线,2,published_interval_band_line,"operator statement, interval bands for the whole line",6.86,8.8,5.0,10.0,0.0,2025-09-20,2025-09-20,2026-08-23,operator_web,3,NOTE-HON-0030|NOTE-HON-0031|NOTE-HON-0032,,https://web.archive.org/web/20250920055914/https://www.mtr.com.hk/en/customer/services/train_service_index.html,1
Hong Kong,Hong Kong SAR,2,东铁线,14,published_interval_band_section,"operator statement, interval bands per section",10.64,5.6,3.2,21.0,0.0,2025-09-20,2025-09-20,2026-09-07,operator_web,8,NOTE-HON-0036|NOTE-HON-0037|NOTE-HON-0038|NOTE-HON-0039|NOTE-HON-0055|NOTE-HON-0057|NOTE-HON-9001|NOTE-HON-9002,,https://web.archive.org/web/20250920055914/https://www.mtr.com.hk/en/customer/services/train_service_index.html | https://www.mtr.com.hk/en/customer/services/train_service_index.html,2
Hong Kong,Hong Kong SAR,3,东涌线,8,published_interval_band_section,"operator statement, interval bands per section",8.4,7.1,3.5,12.0,0.0,2025-09-20,2025-09-20,2026-08-23,operator_web,7,NOTE-HON-0024|NOTE-HON-0025|NOTE-HON-0026|NOTE-HON-0027|NOTE-HON-0028|NOTE-HON-0029|NOTE-HON-0053,,https://web.archive.org/web/20250920055914/https://www.mtr.com.hk/en/customer/services/train_service_index.html | https://www.mtr.com.hk/en/customer/services/train_service_index.html,2
Hong Kong,Hong Kong SAR,4,港岛线,17,published_interval_band_line,"operator statement, interval bands for the whole line",16.01,3.7,1.9,12.0,0.0,2025-09-20,2025-09-20,2026-08-23,operator_web,4,NOTE-HON-0001|NOTE-HON-0002|NOTE-HON-0003|NOTE-HON-0048,,https://web.archive.org/web/20250920055914/https://www.mtr.com.hk/en/customer/services/train_service_index.html | https://www.mtr.com.hk/en/customer/services/train_service_index.html,2
Hong Kong,Hong Kong SAR,5,观塘线,17,published_interval_band_section,"operator statement, interval bands per section",15.48,3.9,2.1,12.0,0.0,2025-09-20,2025-09-20,2026-08-23,operator_web,7,NOTE-HON-0007|NOTE-HON-0008|NOTE-HON-0009|NOTE-HON-0010|NOTE-HON-0011|NOTE-HON-0012|NOTE-HON-0050,,https://web.archive.org/web/20250920055914/https://www.mtr.com.hk/en/customer/services/train_service_index.html | https://www.mtr.com.hk/en/customer/services/train_service_index.html,2
Hong Kong,Hong Kong SAR,6,机场快线,5,published_interval_band_line,"operator statement, interval bands for the whole line",5.63,10.7,10.0,12.0,0.0,2025-09-20,2025-09-20,2026-08-23,operator_web,4,NOTE-HON-0045|NOTE-HON-0046|NOTE-HON-0047|NOTE-HON-0056,,https://web.archive.org/web/20250920055914/https://www.mtr.com.hk/en/customer/services/train_service_index.html | https://www.mtr.com.hk/en/customer/services/train_service_index.html,2
Hong Kong,Hong Kong SAR,7,将军澳线,6,published_interval_band_section,"operator statement, interval bands per section",9.56,6.3,2.2,12.0,0.0,2025-09-20,2025-09-20,2026-08-23,operator_web,7,NOTE-HON-0013|NOTE-HON-0014|NOTE-HON-0018|NOTE-HON-0019|NOTE-HON-0020|NOTE-HON-0051|NOTE-HON-0059,,https://web.archive.org/web/20250920055914/https://www.mtr.com.hk/en/customer/services/train_service_index.html | https://www.mtr.com.hk/en/customer/services/train_service_index.html,2
Hong Kong,Hong Kong SAR,8,南港岛线,5,published_interval_band_line,"operator statement, interval bands for the whole line",10.61,5.7,3.3,12.0,0.0,2025-09-20,2025-09-20,2026-08-23,operator_web,4,NOTE-HON-0021|NOTE-HON-0022|NOTE-HON-0023|NOTE-HON-0052,,https://web.archive.org/web/20250920055914/https://www.mtr.com.hk/en/customer/services/train_service_index.html | https://www.mtr.com.hk/en/customer/services/train_service_index.html,2
Hong Kong,Hong Kong SAR,9,荃湾线,16,published_interval_band_line,"operator statement, interval bands for the whole line",15.76,3.8,2.1,12.0,0.0,2025-09-20,2025-09-20,2026-08-23,operator_web,4,NOTE-HON-0004|NOTE-HON-0005|NOTE-HON-0006|NOTE-HON-0049,,https://web.archive.org/web/20250920055914/https://www.mtr.com.hk/en/customer/services/train_service_index.html | https://www.mtr.com.hk/en/customer/services/train_service_index.html,2
Hong Kong,Hong Kong SAR,10,屯马线,27,published_interval_band_line,"operator statement, interval bands for the whole line",10.58,5.7,2.85,12.0,0.0,2025-09-20,2025-09-20,2026-08-23,operator_web,4,NOTE-HON-0033|NOTE-HON-0034|NOTE-HON-0035|NOTE-HON-0054,,https://web.archive.org/web/20250920055914/https://www.mtr.com.hk/en/customer/services/train_service_index.html | https://www.mtr.com.hk/en/customer/services/train_service_index.html,2
Hong Kong,Hong Kong SAR,11,东铁线 (落马洲支线),2,published_peak_offpeak_only,"operator statement, peak (and off-peak) values only, remainder filled by the bounded 2025 constant",4.0,15.0,12.5,21.0,0.938,,,2026-08-23,operator_web,1,NOTE-HON-0058,,https://www.mtr.com.hk/en/customer/services/train_service_index.html,1
Hong Kong,Hong Kong SAR,12,将军澳线 (康城支线),3,published_peak_offpeak_only,"operator statement, peak (and off-peak) values only, remainder filled by the bounded 2025 constant",3.81,15.8,12.0,15.0,0.944,,,2026-08-23,operator_web,1,NOTE-HON-0051,,https://www.mtr.com.hk/en/customer/services/train_service_index.html,1
Incheon,South Korea,2,인천1호선,33,gtfs_weekday_trips,weekday trips counted in the GTFS feed,7.95,7.6,,,,,,,,0,,,,0
Incheon,South Korea,3,인천2호선,27,gtfs_weekday_trips,weekday trips counted in the GTFS feed,11.97,5.0,,,,,,,,0,,,,0
Incheon,South Korea,7,7호선 (부천·인천 구간),11,gtfs_weekday_trips,weekday trips counted in the GTFS feed,6.47,9.3,,,,,,,,0,,,,0
Jinan,Mainland China,1,1号线,11,amap_interval_band,"Amap interval bands (undated, passed the acceptance test)",5.89,10.2,7.0,9.0,0.0,,,2026-09-06,amap_busline_timedesc,10,AMAP-JIN-0001|AMAP-JIN-0002|AMAP-JIN-0003|AMAP-JIN-0004|AMAP-JIN-0005|AMAP-JIN-0011|AMAP-JIN-0012|AMAP-JIN-0013|AMAP-JIN-0014|AMAP-JIN-0015,900000071030|900000071031,https://restapi.amap.com/v3/bus/linename?keywords=轨道交通1号线&city=<city>&extensions=all,1
Jinan,Mainland China,2,2号线,19,press_quoted_operator_notice,press or government relay quoting the operator's notice,8.04,7.5,5.0,7.5,0.235,2024-08-26,2024-08-26,2026-08-23,press_quoted_operator_notice,2,NOTE-JIN-0001|NOTE-JIN-0002,,http://sd.news.cn/20240826/905d14536ac546d8a085fe98c03da1ef/c.html,1
Jinan,Mainland China,3,3号线,18,press_quoted_operator_notice,press or government relay quoting the operator's notice,7.03,8.5,5.0,15.0,0.11,2024-11-22,2024-11-22,2026-08-23,press_quoted_operator_notice,6,NOTE-JIN-0003|NOTE-JIN-0004|NOTE-JIN-0005|NOTE-JIN-0006|NOTE-JIN-0007|published_offpeak_of_line,,http://www.sd.xinhua.org/20241122/8e1e9dd6d6494112bb89ecd8da2d2c03/c.html,1
Jinhua,Mainland China,1,金义东线金义段,17,published_peak_offpeak_only,"operator statement, peak (and off-peak) values only, remainder filled by the bounded 2025 constant",3.96,15.2,11.163,15.0,0.865,2024-08-26,2024-08-26,2026-08-23,press_quoted_operator_notice,1,NOTE-JIN-0001,,http://sd.news.cn/20240826/905d14536ac546d8a085fe98c03da1ef/c.html,1
Jinhua,Mainland China,2,金义东线义东段,14,published_peak_offpeak_only,"operator statement, peak (and off-peak) values only, remainder filled by the bounded 2025 constant",4.22,14.2,11.163,15.0,0.87,2024-08-26,2024-08-26,2026-08-23,press_quoted_operator_notice,1,NOTE-JIN-0002,,http://sd.news.cn/20240826/905d14536ac546d8a085fe98c03da1ef/c.html,1
Kaohsiung,Taiwan,1,紅線,25,tdx_frequency_bands,TDX Frequency endpoint bands,8.16,7.3,,,,,,,,0,,,,0
Kaohsiung,Taiwan,2,橘線,14,tdx_frequency_bands,TDX Frequency endpoint bands,8.16,7.3,,,,,,,,0,,,,0
Kobe,Japan,1,西神・山手線,17,gtfs_weekday_trips,weekday trips counted in the GTFS feed,8.95,6.7,,,,,,,,0,,,,0
Kobe,Japan,2,海岸線,10,gtfs_weekday_trips,weekday trips counted in the GTFS feed,6.16,9.7,,,,,,,,0,,,,0
Kunming,Mainland China,1,1号线,18,inherited_from_trunk,inherited from the trunk route of the same line,5.96,10.1,7.667,9.667,0.261,2025-04-20,2025-04-20,2026-08-23,press_quoted_operator_notice,2,NOTE-KUN-0005|NOTE-KUN-0006,,http://www.yn.xinhuanet.com/20250420/569121d264a7477ab550db128393ae06/c.html,1
Kunming,Mainland China,2,3号线,20,published_peak_offpeak_only,"operator statement, peak (and off-peak) values only, remainder filled by the bounded 2025 constant",7.79,7.7,5.5,6.944,0.784,2025-04-20,2025-04-20,2026-08-23,press_quoted_operator_notice,2,NOTE-KUN-0007|NOTE-KUN-0008,,http://www.yn.xinhuanet.com/20250420/569121d264a7477ab550db128393ae06/c.html,1
Kunming,Mainland China,3,4号线,29,amap_interval_band,"Amap interval bands (undated, passed the acceptance test)",7.05,8.5,6.0,8.0,0.0,,,2026-09-06,amap_busline_timedesc,10,AMAP-KUN-0052|AMAP-KUN-0053|AMAP-KUN-0054|AMAP-KUN-0055|AMAP-KUN-0056|AMAP-KUN-0057|AMAP-KUN-0058|AMAP-KUN-0059|AMAP-KUN-0060|AMAP-KUN-0061,900000071083|900000071084,https://restapi.amap.com/v3/bus/linename?keywords=地铁4号线&city=<city>&extensions=all,1
Kunming,Mainland China,4,5号线,22,amap_interval_band,"Amap interval bands (undated, passed the acceptance test)",7.09,8.5,6.0,8.0,0.0,,,2026-09-06,amap_busline_timedesc,10,AMAP-KUN-0065|AMAP-KUN-0066|AMAP-KUN-0067|AMAP-KUN-0068|AMAP-KUN-0069|AMAP-KUN-0071|AMAP-KUN-0072|AMAP-KUN-0073|AMAP-KUN-0074|AMAP-KUN-0075,900000071162|900000071163,https://restapi.amap.com/v3/bus/linename?keywords=地铁5号线&city=<city>&extensions=all,1
Kunming,Mainland China,5,6号线,8,press_quoted_operator_notice,press or government relay quoting the operator's notice,5.05,11.9,10.0,10.0,0.0,2025-04-20,2025-04-20,2026-08-23,press_quoted_operator_notice,1,NOTE-KUN-0009,,http://www.yn.xinhuanet.com/20250420/569121d264a7477ab550db128393ae06/c.html,1
Kunming,Mainland China,6,1号线,5,published_peak_offpeak_only,"operator statement, peak (and off-peak) values only, remainder filled by the bounded 2025 constant",6.28,9.6,7.667,9.667,0.901,2025-04-20,2025-04-20,2026-08-23,press_quoted_operator_notice,2,NOTE-KUN-0005|NOTE-KUN-0006,,http://www.yn.xinhuanet.com/20250420/569121d264a7477ab550db128393ae06/c.html,1
Kunming,Mainland China,7,2号线,14,amap_interval_band,"Amap interval bands (undated, passed the acceptance test)",8.49,7.1,4.0,7.0,0.0,,,2026-09-06,amap_busline_timedesc,10,AMAP-KUN-0080|AMAP-KUN-0081|AMAP-KUN-0082|AMAP-KUN-0083|AMAP-KUN-0084|AMAP-KUN-0085|AMAP-KUN-0086|AMAP-KUN-0087|AMAP-KUN-0088|AMAP-KUN-0089,530100021490|530100021491,https://restapi.amap.com/v3/bus/linename?keywords=地铁2号线&city=<city>&extensions=all,1
Kyoto,Japan,1,烏丸線,15,gtfs_weekday_trips,weekday trips counted in the GTFS feed,8.74,6.9,,,,,,,,0,,,,0
Kyoto,Japan,2,東西線,17,gtfs_weekday_trips,weekday trips counted in the GTFS feed,7.05,8.5,,,,,,,,0,,,,0
Lanzhou,Mainland China,1,1号线,20,published_interval_band_line,"operator statement, interval bands for the whole line",6.3,9.5,6.333,8.667,0.001,2021-11-15,2021-11-15,2026-08-23,operator_web,5,NOTE-LAN-0001|NOTE-LAN-0002|NOTE-LAN-0003|NOTE-LAN-0004|NOTE-LAN-0005,,https://www.lzgdjt.com/lzgd/detail.jsp?contentId=45945,1
Lanzhou,Mainland China,2,2号线,9,press_quoted_operator_notice,press or government relay quoting the operator's notice,6.24,9.6,6.333,8.667,0.0,2023-06-29,2023-06-29,2026-08-23,press_quoted_operator_notice,5,NOTE-LAN-0007|NOTE-LAN-0008|NOTE-LAN-0009|NOTE-LAN-0010|NOTE-LAN-0011,,http://gs.people.com.cn/n2/2023/0629/c183348-40475709.html,1
Luoyang,Mainland China,1,1号线,19,published_interval_band_line,"operator statement, interval bands for the whole line",5.35,11.2,7.0,10.0,0.0,2025-03-28,2025-03-28,2026-08-23,operator_web,5,NOTE-LUO-0001|NOTE-LUO-0002|NOTE-LUO-0003|NOTE-LUO-0004|NOTE-LUO-0005,,https://www.lysubway.com.cn/company_info/detail/2997.html,1
Luoyang,Mainland China,2,2号线,15,published_interval_band_line,"operator statement, interval bands for the whole line",5.44,11.0,7.0,10.0,0.0,2025-03-28,2025-03-28,2026-08-23,operator_web,5,NOTE-LUO-0006|NOTE-LUO-0007|NOTE-LUO-0008|NOTE-LUO-0009|NOTE-LUO-0010,,https://www.lysubway.com.cn/company_info/detail/2997.html,1
Macau,Macau SAR,1,氹仔线,13,published_average_interval,"operator statement, one average interval",7.13,8.4,7.75,7.75,0.0,2025-08-25,2025-08-25,2026-08-22,operator_web,1,MO-0001,,https://web.archive.org/web/20250825133936/https://www.mlm.com.mo/en/route.html,1
Macau,Macau SAR,2,石排湾线,2,published_average_interval,"operator statement, one average interval",9.21,6.5,6.0,6.0,0.0,2025-08-25,2025-08-25,2026-08-22,operator_web,1,MO-0002,,https://web.archive.org/web/20250825133936/https://www.mlm.com.mo/en/route.html,1
Macau,Macau SAR,3,横琴线,2,published_average_interval,"operator statement, one average interval",9.21,6.5,6.0,6.0,0.0,2025-08-25,2025-08-25,2026-08-22,operator_web,1,MO-0003,,https://web.archive.org/web/20250825133936/https://www.mlm.com.mo/en/route.html,1
Nanchang,Mainland China,1,1号线,3,published_peak_offpeak_only,"operator statement, peak (and off-peak) values only, remainder filled by the bounded 2025 constant",10.9,5.5,3.933,6.0,0.3,2025-04-14,2023-04-25,2026-08-23,operator_web; press_quoted_operator_notice,3,NOTE-NAN-0001|NOTE-NAN-0002|NOTE-NAN-0003,,https://m.thepaper.cn/newsDetail_forward_30645785 | https://www.ncmtr.com/topic_detail_4/820.html,2
Nanchang,Mainland China,2,1号线,24,published_peak_offpeak_only,"operator statement, peak (and off-peak) values only, remainder filled by the bounded 2025 constant",10.37,5.8,3.933,6.0,0.252,2025-04-14,2023-04-25,2026-08-23,operator_web; press_quoted_operator_notice,3,NOTE-NAN-0001|NOTE-NAN-0002|NOTE-NAN-0003,,https://m.thepaper.cn/newsDetail_forward_30645785 | https://www.ncmtr.com/topic_detail_4/820.html,2
Nanchang,Mainland China,3,1号线,9,published_peak_offpeak_only,"operator statement, peak (and off-peak) values only, remainder filled by the bounded 2025 constant",11.33,5.3,3.933,6.0,0.322,2025-04-14,2023-04-25,2026-08-23,operator_web; press_quoted_operator_notice,3,NOTE-NAN-0001|NOTE-NAN-0002|NOTE-NAN-0003,,https://m.thepaper.cn/newsDetail_forward_30645785 | https://www.ncmtr.com/topic_detail_4/820.html,2
Nanchang,Mainland China,4,2号线,10,published_peak_offpeak_only,"operator statement, peak (and off-peak) values only, remainder filled by the bounded 2025 constant",9.68,6.2,5.3,6.0,0.774,2023-04-25,2023-04-25,2026-08-23,operator_web,1,NOTE-NAN-0004,,https://www.ncmtr.com/topic_detail_4/820.html,1
Nanchang,Mainland China,5,2号线,28,published_peak_offpeak_only,"operator statement, peak (and off-peak) values only, remainder filled by the bounded 2025 constant",7.7,7.8,5.3,6.0,0.743,2023-04-25,2023-04-25,2026-08-23,operator_web,1,NOTE-NAN-0004,,https://www.ncmtr.com/topic_detail_4/820.html,1
Nanchang,Mainland China,6,3号线,22,published_interval_band_line,"operator statement, interval bands for the whole line",8.92,6.7,5.4,6.0,0.0,2023-04-25,2023-04-25,2026-08-23,operator_web,2,NOTE-NAN-0005|NOTE-NAN-0006,,https://www.ncmtr.com/topic_detail_4/820.html,1
Nanchang,Mainland China,7,4号线,29,published_interval_band_line,"operator statement, interval bands for the whole line",8.21,7.3,5.9,6.5,0.0,2023-04-25,2023-04-25,2026-08-23,operator_web,2,NOTE-NAN-0007|NOTE-NAN-0008,,https://www.ncmtr.com/topic_detail_4/820.html,1
Nanjing,Mainland China,1,1号线,32,amap_interval_band,"Amap interval bands (undated, passed the acceptance test)",16.99,3.5,2.0,4.0,0.0,,,2026-09-06,amap_busline_timedesc,10,AMAP-NAN-0001|AMAP-NAN-0002|AMAP-NAN-0003|AMAP-NAN-0004|AMAP-NAN-0005|AMAP-NAN-0024|AMAP-NAN-0025|AMAP-NAN-0026|AMAP-NAN-0027|AMAP-NAN-0028,360100020431|360100020432|900000057037,https://restapi.amap.com/v3/bus/linename?keywords=地铁1号线&city=<city>&extensions=all | https://restapi.amap.com/v3/bus/linename?keywords=地铁3号线&city=<city>&extensions=all,2
Nanjing,Mainland China,2,2号线,30,published_peak_offpeak_only,"operator statement, peak (and off-peak) values only, remainder filled by the bounded 2025 constant",12.14,4.9,2.5,5.128,0.768,2025-04-14,2023-04-25,2026-08-23,operator_web; press_quoted_operator_notice,3,NOTE-NAN-0001|NOTE-NAN-0002|NOTE-NAN-0003,,https://m.thepaper.cn/newsDetail_forward_30645785 | https://www.ncmtr.com/topic_detail_4/820.html,2
Nanjing,Mainland China,3,3号线,29,transcription_2025_unsourced,"2025 constant, no source",10.5,5.7,5.714,5.714,,,,,,0,,,,0
Nanjing,Mainland China,4,4号线,18,published_peak_offpeak_only,"operator statement, peak (and off-peak) values only, remainder filled by the bounded 2025 constant",9.05,6.6,5.667,6.186,0.53,2018-07-16,2018-07-16,2026-09-02,press_quoted_operator_notice,1,NOTE-NJI-9007,,https://jsnews.jschina.com.cn/nj/a/201807/t20180716_1761701.shtml,1
Nanjing,Mainland China,5,5号线,30,transcription_2025_unsourced,"2025 constant, no source",7.2,8.3,8.333,8.333,,,,,,0,,,,0
Nanjing,Mainland China,6,7号线,27,amap_interval_band,"Amap interval bands (undated, passed the acceptance test)",7.12,8.4,7.0,10.0,0.0,,,2026-09-06,amap_busline_timedesc,4,AMAP-NAN-0044|AMAP-NAN-0045|AMAP-NAN-0047|AMAP-NAN-0048,900000057035,https://restapi.amap.com/v3/bus/linename?keywords=地铁3号线&city=<city>&extensions=all,1
Nanjing,Mainland China,7,10号线,14,amap_interval_band,"Amap interval bands (undated, passed the acceptance test)",8.59,7.0,5.0,9.0,0.0,,,2026-09-06,amap_busline_timedesc,8,AMAP-NAN-0049|AMAP-NAN-0050|AMAP-NAN-0051|AMAP-NAN-0052|AMAP-NAN-0055|AMAP-NAN-0056|AMAP-NAN-0057|AMAP-NAN-0058,320100022437|900000068673|900000068674,https://restapi.amap.com/v3/bus/linename?keywords=地铁4号线&city=<city>&extensions=all | https://restapi.amap.com/v3/bus/linename?keywords=地铁10号线&city=<city>&extensions=all,2
Nanjing,Mainland China,11,S1号线(机场线),9,transcription_2025_unsourced,"2025 constant, no source",11.7,5.1,5.128,5.128,,,,,,0,,,,0
Nanjing,Mainland China,12,S3号线(宁和线),19,transcription_2025_unsourced,"2025 constant, no source",6.3,9.5,9.524,9.524,,,,,,0,,,,0
Nanjing,Mainland China,13,S6号线(宁句线),13,published_peak_offpeak_only,"operator statement, peak (and off-peak) values only, remainder filled by the bounded 2025 constant",5.64,10.6,6.0,10.714,0.36,2023-04-25,2022-02-28,2026-08-23,operator_web; press_quoted_operator_notice,3,NOTE-NAN-0006|NOTE-NAN-0008|NOTE-NAN-0010,,https://www.ncmtr.com/topic_detail_4/820.html | https://m.nj.bendibao.com/mip/127449.shtm,2
Nanjing,Mainland China,14,S7号线(宁溧线),9,amap_interval_band,"Amap interval bands (undated, passed the acceptance test)",3.6,16.6,14.0,14.0,0.0,,,2026-09-06,amap_busline_timedesc,1,AMAP-NAN-0067,900000075073,https://restapi.amap.com/v3/bus/linename?keywords=地铁S7号线(宁溧线)&city=<city>&extensions=all,1
Nanjing,Mainland China,15,S8号线(宁天线),19,published_peak_offpeak_only,"operator statement, peak (and off-peak) values only, remainder filled by the bounded 2025 constant",6.44,9.3,4.383,8.955,0.876,2022-09-30,2022-09-30,2026-09-02,press_quoted_operator_notice,1,NOTE-NJI-9017,,http://www.ourjiangsu.com/a/20220930/1664531192871.shtml,1
Nanjing,Mainland China,16,S9号线(宁高线),6,amap_interval_band,"Amap interval bands (undated, passed the acceptance test)",4.21,14.3,12.0,12.0,0.0,,,2026-09-06,amap_busline_timedesc,1,AMAP-NAN-0073,900000075092,https://restapi.amap.com/v3/bus/linename?keywords=地铁S9号线(宁高线)&city=<city>&extensions=all,1
Nanning,Mainland China,1,1号线,25,press_quoted_operator_notice,press or government relay quoting the operator's notice,8.41,7.1,3.5,7.0,0.0,2023-04-25,2023-04-25,2026-08-23,operator_web,2,NOTE-NAN-0001|NOTE-NAN-0002,,https://www.ncmtr.com/topic_detail_4/820.html,1
Nanning,Mainland China,2,2号线,23,press_quoted_operator_notice,press or government relay quoting the operator's notice,8.45,7.1,4.5,7.0,0.0,2025-04-14,2023-04-25,2026-08-23,operator_web; press_quoted_operator_notice,2,NOTE-NAN-0003|NOTE-NAN-0004,,https://m.thepaper.cn/newsDetail_forward_30645785 | https://www.ncmtr.com/topic_detail_4/820.html,2
Nanning,Mainland China,3,3号线,23,press_quoted_operator_notice,press or government relay quoting the operator's notice,8.5,7.1,4.5,7.0,0.0,2023-04-25,2023-04-25,2026-08-23,operator_web,2,NOTE-NAN-0005|NOTE-NAN-0006,,https://www.ncmtr.com/topic_detail_4/820.html,1
Nanning,Mainland China,4,4号线,16,press_quoted_operator_notice,press or government relay quoting the operator's notice,7.38,8.1,5.0,8.0,0.0,2025-08-29,2023-04-25,2026-08-23,operator_web,3,NOTE-NAN-0007|NOTE-NAN-0008|NOTE-NAN-0009,,https://www.ncmtr.com/topic_detail_20/8.html | https://www.ncmtr.com/topic_detail_4/820.html,2
Nanning,Mainland China,5,5号线,17,press_quoted_operator_notice,press or government relay quoting the operator's notice,7.01,8.6,6.0,8.0,0.0,2026-05-13,2022-02-28,2026-08-23,press_quoted_operator_notice,3,NOTE-NAN-0010|NOTE-NAN-0011|NOTE-NAN-0012,,https://news.qq.com/rain/a/20260513A04WV400 | https://m.nj.bendibao.com/mip/127449.shtm,2
Nantong,Mainland China,1,1号线,28,published_interval_band_line,"operator statement, interval bands for the whole line",6.24,9.6,6.833,10.0,0.0,2025-04-14,2023-04-25,2026-08-23,operator_web; press_quoted_operator_notice,3,NOTE-NAN-0001|NOTE-NAN-0002|NOTE-NAN-0003,,https://m.thepaper.cn/newsDetail_forward_30645785 | https://www.ncmtr.com/topic_detail_4/820.html,2
Nantong,Mainland China,2,2号线,16,press_quoted_operator_notice,press or government relay quoting the operator's notice,5.84,10.3,6.833,9.833,0.0,2023-12-24,2023-12-24,2026-09-02,press_quoted_operator_notice,6,NOTE-NAN-9001|NOTE-NAN-9002|NOTE-NAN-9003|NOTE-NAN-9004|NOTE-NAN-9005|published_offpeak_of_line,,http://www.ourjiangsu.com/a/20231224/1703409361308.shtml,1
Ningbo,Mainland China,1,1号线,29,press_quoted_operator_notice,press or government relay quoting the operator's notice,7.75,7.7,4.0,10.0,0.0,2020-12-08,2020-12-08,2026-08-23,press_quoted_operator_notice,4,NOTE-NIN-0001|NOTE-NIN-0002|NOTE-NIN-0003|NOTE-NIN-0004,,https://nb.ifeng.com/c/820lJtubPlg,1
Ningbo,Mainland China,2,2号线,27,published_interval_band_line,"operator statement, interval bands for the whole line",9.33,6.4,4.333,10.0,0.0,2023-05-08,2020-12-08,2026-08-23,government_relay; press_quoted_operator_notice,3,NOTE-NIN-0005|NOTE-NIN-0006|NOTE-NIN-0007,,https://zjnews.zjol.com.cn/zjnews/202305/t20230506_25711126.shtml | https://nb.ifeng.com/c/820lJtubPlg,2
Ningbo,Mainland China,3,3号线,24,press_quoted_operator_notice,press or government relay quoting the operator's notice,5.64,10.6,4.5,10.0,0.0,2020-12-08,2020-12-08,2026-08-23,press_quoted_operator_notice,5,NOTE-NIN-0008|NOTE-NIN-0009|NOTE-NIN-0010|NOTE-NIN-0011|NOTE-NIN-0012,,https://nb.ifeng.com/c/820lJtubPlg,1
Ningbo,Mainland China,4,4号线,27,press_quoted_operator_notice,press or government relay quoting the operator's notice,8.09,7.4,4.417,10.0,0.0,2020-12-08,2020-12-08,2026-08-23,press_quoted_operator_notice,3,NOTE-NIN-0013|NOTE-NIN-0014|NOTE-NIN-0015,,https://nb.ifeng.com/c/820lJtubPlg,1
Ningbo,Mainland China,5,5号线,27,press_quoted_operator_notice,press or government relay quoting the operator's notice,8.5,7.1,4.967,7.667,0.0,2021-12-27,2021-12-27,2026-08-23,press_quoted_operator_notice,3,NOTE-NIN-0016|NOTE-NIN-0017|NOTE-NIN-0018,,https://m.jiemian.com/article/6952766.html,1
Ningbo,Mainland China,6,8号线,19,press_quoted_operator_notice,press or government relay quoting the operator's notice,6.53,9.2,6.0,10.0,0.0,2025-06-27,2025-06-27,2026-08-23,press_quoted_operator_notice,3,NOTE-NIN-0019|NOTE-NIN-0020|NOTE-NIN-0021,,https://m.nb.bendibao.com/news/93330.shtm,1
Ningbo,Mainland China,7,轨道交通7号线,25,amap_interval_band,"Amap interval bands (undated, passed the acceptance test)",6.55,9.2,9.156,9.156,,,,,,0,,,,0
Qingdao,Mainland China,1,1号线,41,press_quoted_operator_notice,press or government relay quoting the operator's notice,8.24,7.3,3.725,8.084,0.012,2025-08-29,2025-06-16,2026-08-23,press_quoted_operator_notice,9,NOTE-QIN-0001|NOTE-QIN-0002|NOTE-QIN-0003|NOTE-QIN-0004|NOTE-QIN-0006|NOTE-QIN-0007|NOTE-QIN-0008|NOTE-QIN-0050|published_offpeak_of_line,,https://news.qq.com/rain/a/20250829A021UM00 | https://m.qd.bendibao.com/traffic/84210.shtm,2
Qingdao,Mainland China,2,2号线,25,press_quoted_operator_notice,press or government relay quoting the operator's notice,8.94,6.7,3.167,9.75,0.033,2025-08-29,2025-06-16,2026-08-23,press_quoted_operator_notice,5,NOTE-QIN-0009|NOTE-QIN-0010|NOTE-QIN-0011|NOTE-QIN-0051|NOTE-QIN-0052,,https://news.qq.com/rain/a/20250829A021UM00 | https://m.qd.bendibao.com/traffic/84210.shtm,2
Qingdao,Mainland China,3,3号线,22,press_quoted_operator_notice,press or government relay quoting the operator's notice,8.65,6.9,3.458,9.75,0.036,2025-08-29,2025-06-16,2026-08-23,press_quoted_operator_notice,5,NOTE-QIN-0013|NOTE-QIN-0014|NOTE-QIN-0015|NOTE-QIN-0053|NOTE-QIN-0054,,https://news.qq.com/rain/a/20250829A021UM00 | https://m.qd.bendibao.com/traffic/84210.shtm,2
Qingdao,Mainland China,4,4号线,25,press_quoted_operator_notice,press or government relay quoting the operator's notice,7.4,8.1,5.0,16.2,0.058,2025-06-16,2025-06-16,2026-08-23,press_quoted_operator_notice,6,NOTE-QIN-0017|NOTE-QIN-0018|NOTE-QIN-0019|NOTE-QIN-0020|NOTE-QIN-0021|NOTE-QIN-0022,,https://m.qd.bendibao.com/traffic/84210.shtm,1
Qingdao,Mainland China,5,6号线,21,press_quoted_operator_notice,press or government relay quoting the operator's notice,4.13,14.5,7.667,15.25,0.041,2025-06-16,2025-06-16,2026-08-23,press_quoted_operator_notice,4,NOTE-QIN-0023|NOTE-QIN-0024|NOTE-QIN-0025|NOTE-QIN-0026,,https://m.qd.bendibao.com/traffic/84210.shtm,1
Qingdao,Mainland China,6,8号线,11,press_quoted_operator_notice,press or government relay quoting the operator's notice,4.52,13.3,8.416,12.083,0.022,2025-08-29,2025-06-16,2026-08-23,press_quoted_operator_notice,6,NOTE-QIN-0027|NOTE-QIN-0028|NOTE-QIN-0029|NOTE-QIN-0030|NOTE-QIN-0055|NOTE-QIN-0056,,https://news.qq.com/rain/a/20250829A021UM00 | https://m.qd.bendibao.com/traffic/84210.shtm,2
Qingdao,Mainland China,7,3号线,8,press_quoted_operator_notice,press or government relay quoting the operator's notice,8.64,6.9,3.458,9.75,0.0,2025-08-29,2025-06-16,2026-08-23,press_quoted_operator_notice,6,NOTE-QIN-0013|NOTE-QIN-0014|NOTE-QIN-0015|NOTE-QIN-0053|NOTE-QIN-0054|published_offpeak_of_line,,https://news.qq.com/rain/a/20250829A021UM00 | https://m.qd.bendibao.com/traffic/84210.shtm,2
Qingdao,Mainland China,8,蓝谷快线,21,press_quoted_operator_notice,press or government relay quoting the operator's notice,5.59,10.7,6.292,19.667,0.027,2025-08-29,2025-06-16,2026-08-23,press_quoted_operator_notice,9,NOTE-QIN-0032|NOTE-QIN-0033|NOTE-QIN-0034|NOTE-QIN-0035|NOTE-QIN-0039|NOTE-QIN-0040|NOTE-QIN-0057|NOTE-QIN-0058|published_offpeak_of_line,,https://news.qq.com/rain/a/20250829A021UM00 | https://m.qd.bendibao.com/traffic/84210.shtm,2
Qingdao,Mainland China,9,西海岸快线,23,press_quoted_operator_notice,press or government relay quoting the operator's notice,2.87,20.9,6.042,19.333,0.029,2025-06-16,2025-06-16,2026-08-23,press_quoted_operator_notice,9,NOTE-QIN-0041|NOTE-QIN-0042|NOTE-QIN-0043|NOTE-QIN-0044|NOTE-QIN-0045|NOTE-QIN-0046|NOTE-QIN-0047|NOTE-QIN-0048|published_offpeak_of_line,,https://m.qd.bendibao.com/traffic/84210.shtm,1
Sapporo,Japan,1,南北線,16,gtfs_weekday_trips,weekday trips counted in the GTFS feed,8.89,6.7,,,,,,,,0,,,,0
Sapporo,Japan,2,東西線,19,gtfs_weekday_trips,weekday trips counted in the GTFS feed,8.79,6.8,,,,,,,,0,,,,0
Sapporo,Japan,3,東豊線,14,gtfs_weekday_trips,weekday trips counted in the GTFS feed,8.26,7.3,,,,,,,,0,,,,0
Sendai,Japan,1,南北線,17,gtfs_weekday_trips,weekday trips counted in the GTFS feed,8.26,7.3,,,,,,,,0,,,,0
Sendai,Japan,2,東西線,13,gtfs_weekday_trips,weekday trips counted in the GTFS feed,7.37,8.1,,,,,,,,0,,,,0
Seoul,South Korea,1,1호선 (서울교통공사 구간),10,gtfs_weekday_trips,weekday trips counted in the GTFS feed,12.53,4.8,,,,,,,,0,,,,0
Seoul,South Korea,2,2호선 본선,43,v1_value_kept_feed_incomplete,"2025 value kept, route incomplete in the feed",12.0,5.0,,,,,,,,0,,,,0
Seoul,South Korea,3,2호선 성수지선,5,gtfs_weekday_trips,weekday trips counted in the GTFS feed,5.74,10.5,,,,,,,,0,,,,0
Seoul,South Korea,4,2호선 신정지선,5,gtfs_weekday_trips,weekday trips counted in the GTFS feed,5.58,10.8,,,,,,,,0,,,,0
Seoul,South Korea,5,3호선,34,gtfs_weekday_trips,weekday trips counted in the GTFS feed,9.74,6.2,,,,,,,,0,,,,0
Seoul,South Korea,6,4호선,26,gtfs_weekday_trips,weekday trips counted in the GTFS feed,12.05,5.0,,,,,,,,0,,,,0
Seoul,South Korea,7,5호선 본선,44,gtfs_weekday_trips,weekday trips counted in the GTFS feed,10.11,5.9,,,,,,,,0,,,,0
Seoul,South Korea,8,5호선 마천지선,8,gtfs_weekday_trips,weekday trips counted in the GTFS feed,5.45,11.0,,,,,,,,0,,,,0
Seoul,South Korea,9,6호선,39,gtfs_weekday_trips,weekday trips counted in the GTFS feed,8.47,7.1,,,,,,,,0,,,,0
Seoul,South Korea,10,7호선,42,gtfs_weekday_trips,weekday trips counted in the GTFS feed,10.16,5.9,,,,,,,,0,,,,0
Seoul,South Korea,11,8호선,18,gtfs_weekday_trips,weekday trips counted in the GTFS feed,7.42,8.1,,,,,,,,0,,,,0
Seoul,South Korea,12,9호선,38,gtfs_weekday_trips,weekday trips counted in the GTFS feed,6.05,9.9,,,,,,,,0,,,,0
Seoul,South Korea,13,신림선,11,gtfs_weekday_trips,weekday trips counted in the GTFS feed,9.53,6.3,,,,,,,,0,,,,0
Seoul,South Korea,14,우이신설선,13,gtfs_weekday_trips,weekday trips counted in the GTFS feed,13.37,4.5,,,,,,,,0,,,,0
Shanghai,Mainland China,1,1号线,28,published_interval_band_section,"operator statement, interval bands per section",12.28,4.9,2.5,6.5,0.0,,,2026-07-25,operator_web,4,OHB0001|OHB0002|OHB0003|OHB0004,,https://service.shmetro.com/hcskb/index.htm,1
Shanghai,Mainland China,2,2号线,30,published_interval_band_section,"operator statement, interval bands per section",10.79,5.6,2.5,7.5,0.0,,,2026-07-25,operator_web,8,OHB0012|OHB0013|OHB0014|OHB0015|OHB0016|OHB0017|OHB0018|OHB0019,,https://service.shmetro.com/hcskb/index.htm,1
Shanghai,Mainland China,3,3号线,29,published_interval_band_section,"operator statement, interval bands per section",7.66,7.8,4.0,9.0,0.0,,,2026-07-25,operator_web,5,OHB0022|OHB0023|OHB0024|OHB0025|OHB0026,,https://service.shmetro.com/hcskb/index.htm,1
Shanghai,Mainland China,4,4号线,26,published_interval_band_section,"operator statement, interval bands per section",7.4,8.1,4.0,11.0,0.0,,,2026-07-25,operator_web,5,OHB0031|OHB0032|OHB0033|OHB0034|OHB0035,,https://service.shmetro.com/hcskb/index.htm,1
Shanghai,Mainland China,5,4号线,26,published_interval_band_section,"operator statement, interval bands per section",7.4,8.1,4.0,11.0,0.0,,,2026-07-25,operator_web,5,OHB0031|OHB0032|OHB0033|OHB0034|OHB0035,,https://service.shmetro.com/hcskb/index.htm,1
Shanghai,Mainland China,6,5号线,19,published_interval_band_section,"operator statement, interval bands per section",7.33,8.2,2.5,12.0,0.0,,,2026-07-25,operator_web,10,OHB0038|OHB0039|OHB0040|OHB0041|OHB0042|OHB0043|OHB0044|OHB0045|OHB0046|OHB0047,,https://service.shmetro.com/hcskb/index.htm,1
Shanghai,Mainland China,7,6号线,28,published_interval_band_section,"operator statement, interval bands per section",9.91,6.1,2.0,11.0,0.0,,,2026-07-25,operator_web,9,OHB0052|OHB0053|OHB0054|OHB0055|OHB0056|OHB0057|OHB0058|OHB0059|OHB0060,,https://service.shmetro.com/hcskb/index.htm,1
Shanghai,Mainland China,8,7号线,33,published_interval_band_section,"operator statement, interval bands per section",9.82,6.1,2.0,10.5,0.0,,,2026-07-25,operator_web,14,OHB0067|OHB0068|OHB0069|OHB0070|OHB0071|OHB0072|OHB0073|OHB0074|OHB0075|OHB0076|OHB0077|OHB0078|OHB0079|OHB0080,,https://service.shmetro.com/hcskb/index.htm,1
Shanghai,Mainland China,9,8号线,30,published_interval_band_section,"operator statement, interval bands per section",9.81,6.1,2.0,11.0,0.0,,,2026-07-25,operator_web,13,OHB0086|OHB0087|OHB0088|OHB0089|OHB0090|OHB0091|OHB0092|OHB0093|OHB0094|OHB0095|OHB0096|OHB0097|OHB0098,,https://service.shmetro.com/hcskb/index.htm,1
Shanghai,Mainland China,10,9号线,35,published_interval_band_section,"operator statement, interval bands per section",9.44,6.4,1.833,9.0,0.0,,,2026-07-25,operator_web,14,OHB0106|OHB0107|OHB0108|OHB0109|OHB0110|OHB0111|OHB0112|OHB0113|OHB0114|OHB0115|OHB0116|OHB0117|OHB0118|OHB0119,,https://service.shmetro.com/hcskb/index.htm,1
Shanghai,Mainland China,11,13号线,31,published_interval_band_section,"operator statement, interval bands per section",10.28,5.8,2.75,8.0,0.0,,,2026-07-25,operator_web,6,OHB0181|OHB0182|OHB0183|OHB0184|OHB0185|OHB0186,,https://service.shmetro.com/hcskb/index.htm,1
Shanghai,Mainland China,12,14号线,31,published_interval_band_section,"operator statement, interval bands per section",6.78,8.8,3.0,8.5,0.0,,,2026-07-25,operator_web,11,OHB0190|OHB0191|OHB0192|OHB0193|OHB0194|OHB0195|OHB0196|OHB0197|OHB0198|OHB0199|OHB0200,,https://service.shmetro.com/hcskb/index.htm,1
Shanghai,Mainland China,13,15号线,30,published_interval_band_section,"operator statement, interval bands per section",8.57,7.0,3.333,9.0,0.0,,,2026-07-25,operator_web,11,OHB0203|OHB0204|OHB0205|OHB0206|OHB0207|OHB0208|OHB0209|OHB0210|OHB0211|OHB0212|OHB0213,,https://service.shmetro.com/hcskb/index.htm,1
Shanghai,Mainland China,14,16号线,13,published_interval_band_section,"operator statement, interval bands per section",10.22,5.9,3.5,10.0,0.0,,,2026-07-25,operator_web,4,OHB0216|OHB0217|OHB0218|OHB0219,,https://service.shmetro.com/hcskb/index.htm,1
Shanghai,Mainland China,15,17号线,14,published_interval_band_section,"operator statement, interval bands per section",8.64,6.9,3.0,10.0,0.0,,,2026-07-25,operator_web,6,OHB0222|OHB0223|OHB0224|OHB0225|OHB0226|OHB0227,,https://service.shmetro.com/hcskb/index.htm,1
Shanghai,Mainland China,16,18号线,26,published_interval_band_section,"operator statement, interval bands per section",8.24,7.3,2.75,10.0,0.0,,,2026-07-25,operator_web,7,OHB0230|OHB0231|OHB0232|OHB0234|OHB0235|OHB0236|OHB0238,,https://service.shmetro.com/hcskb/index.htm,1
Shanghai,Mainland China,17,浦江线,6,published_interval_band_section,"operator statement, interval bands per section",6.85,8.8,4.25,10.0,0.0,,,2026-07-25,operator_web,4,OHB0241|OHB0242|OHB0243|OHB0244,,https://service.shmetro.com/hcskb/index.htm,1
Shanghai,Mainland China,18,10号线,4,published_interval_band_section,"operator statement, interval bands per section",5.19,11.6,7.875,12.0,0.0,,,2026-07-25,operator_web,4,OHB0123|OHB0127|OHB0131|OHB0135,,https://service.shmetro.com/hcskb/index.htm,1
Shanghai,Mainland China,19,10号线,34,published_interval_band_section,"operator statement, interval bands per section",8.9,6.7,2.5,10.0,0.0,,,2026-07-25,operator_web,12,OHB0124|OHB0125|OHB0126|OHB0128|OHB0129|OHB0130|OHB0132|OHB0133|OHB0134|OHB0135|OHB0136|OHB0137,,https://service.shmetro.com/hcskb/index.htm,1
Shanghai,Mainland China,20,11号线,8,published_interval_band_section,"operator statement, interval bands per section",5.06,11.9,6.0,12.0,0.0,,,2026-07-25,operator_web,6,OHB0147|OHB0148|OHB0157|OHB0159|OHB0160|OHB0165,,https://service.shmetro.com/hcskb/index.htm,1
Shanghai,Mainland China,21,11号线,33,published_interval_band_section,"operator statement, interval bands per section",10.03,6.0,2.0,12.0,0.0,,,2026-07-25,operator_web,20,OHB0147|OHB0148|OHB0149|OHB0150|OHB0151|OHB0152|OHB0153|OHB0154|OHB0155|OHB0156|OHB0157|OHB0158|OHB0159|OHB0160|OHB0161|OHB0162|OHB0163|OHB0164|OHB0165|OHB0166,,https://service.shmetro.com/hcskb/index.htm,1
Shanghai,Mainland China,22,12号线,32,published_interval_band_section,"operator statement, interval bands per section",10.3,5.8,2.75,7.5,0.0,,,2026-07-25,operator_web,8,OHB0171|OHB0172|OHB0173|OHB0174|OHB0175|OHB0176|OHB0177|OHB0178,,https://service.shmetro.com/hcskb/index.htm,1
Shanghai,Mainland China,23,市域机场线,7,published_average_interval,"operator statement, one average interval",3.37,17.8,17.815,17.815,,,,,,0,,,,0
Shaoxing,Mainland China,1,1号线 (含支线),33,press_quoted_operator_notice,press or government relay quoting the operator's notice,7.62,7.9,6.0,15.0,0.0,2024-04-01,2023-04-29,2026-08-23,press_quoted_operator_notice,4,NOTE-SHA-0001|NOTE-SHA-0002|NOTE-SHA-0003|NOTE-SHA-0004,,https://zjnews.zjol.com.cn/zjnews/202404/t20240401_26748587.shtml | https://zjnews.zjol.com.cn/zjnews/202305/t20230501_25695612.shtml,2
Shaoxing,Mainland China,2,2号线,9,press_quoted_operator_notice,press or government relay quoting the operator's notice,6.49,9.2,8.0,8.0,0.0,2023-07-26,2023-07-26,2026-08-23,press_quoted_operator_notice,1,NOTE-SHA-0006,,https://tidenews.com.cn/news.html?id=2533830,1
Shenyang,Mainland China,1,2号线,33,published_peak_offpeak_only,"operator statement, peak (and off-peak) values only, remainder filled by the bounded 2025 constant",10.55,5.7,2.917,5.396,0.884,2025-06-04,2025-06-04,2026-08-23,press_quoted_operator_notice,2,NOTE-SHE-0005|NOTE-SHE-0006,,https://news.qq.com/rain/a/20250604A08OCL00,1
Shenyang,Mainland China,2,3号线,14,published_peak_offpeak_only,"operator statement, peak (and off-peak) values only, remainder filled by the bounded 2025 constant",6.47,9.3,6.667,8.334,0.879,2024-12-29,2024-12-29,2026-08-23,operator_wechat,1,NOTE-SHE-0007,,https://mp.weixin.qq.com/s/F4Lqpl87FZY32R9sFy1H7w,1
Shenyang,Mainland China,3,4号线,23,published_peak_offpeak_only,"operator statement, peak (and off-peak) values only, remainder filled by the bounded 2025 constant",7.91,7.6,5.75,7.188,0.886,2023-09-27,2023-09-27,2026-08-23,press_quoted_operator_notice,1,NOTE-SHE-0008,,https://m.gmw.cn/2023-09/27/content_1303526189.htm,1
Shenyang,Mainland China,4,9号线,23,published_peak_offpeak_only,"operator statement, peak (and off-peak) values only, remainder filled by the bounded 2025 constant",7.37,8.1,6.0,7.5,0.885,2023-04-27,2023-04-27,2026-08-23,government_relay,1,NOTE-SHE-0009,,https://www.shenyang.gov.cn/zwgk/zwdt/bxgz/202304/t20230427_4456421.html,1
Shenyang,Mainland China,5,10号线,21,published_peak_offpeak_only,"operator statement, peak (and off-peak) values only, remainder filled by the bounded 2025 constant",7.43,8.1,6.117,7.646,0.886,2023-04-27,2023-04-27,2026-08-23,government_relay,1,NOTE-SHE-0010,,https://www.shenyang.gov.cn/zwgk/zwdt/bxgz/202304/t20230427_4456421.html,1
Shenyang,Mainland China,6,1号线,32,published_peak_offpeak_only,"operator statement, peak (and off-peak) values only, remainder filled by the bounded 2025 constant",10.52,5.7,3.0,8.0,0.884,2025-06-29,2025-06-29,2026-08-23,operator_wechat,4,NOTE-SHE-0001|NOTE-SHE-0002|NOTE-SHE-0003|NOTE-SHE-0004,,https://mp.weixin.qq.com/s/Dq1oKg5ZBo-kWvTuEWOXyA,1
Shenzhen,Mainland China,1,1号线/罗宝线,30,published_peak_offpeak_only,"operator statement, peak (and off-peak) values only, remainder filled by the bounded 2025 constant",19.86,3.0,1.917,2.727,0.431,2025-06-29,2025-06-29,2026-08-23,operator_wechat,1,NOTE-SHE-0001,,https://mp.weixin.qq.com/s/Dq1oKg5ZBo-kWvTuEWOXyA,1
Shenzhen,Mainland China,2,2号线/8号线,42,published_interval_band_section,"operator statement, interval bands per section",9.14,6.6,2.5,6.417,0.0,2025-06-29,2023-12-28,2026-08-23,operator_web; operator_wechat,4,NOTE-SHE-0002|NOTE-SHE-0002b|NOTE-SHE-0002c|NOTE-SHE-0003,,https://mp.weixin.qq.com/s/Dq1oKg5ZBo-kWvTuEWOXyA | https://www.szmc.net/szmc_m/home/xinweenzhongxin/gonggaoxinwen/202312/103517.html,2
Shenzhen,Mainland China,3,3号线/龙岗线,38,published_peak_offpeak_only,"operator statement, peak (and off-peak) values only, remainder filled by the bounded 2025 constant",15.61,3.8,2.0,3.529,0.942,2025-06-29,2025-06-29,2026-08-23,operator_wechat,1,NOTE-SHE-0004,,https://mp.weixin.qq.com/s/Dq1oKg5ZBo-kWvTuEWOXyA,1
Shenzhen,Mainland China,4,4号线/龙华线,23,published_peak_offpeak_only,"operator statement, peak (and off-peak) values only, remainder filled by the bounded 2025 constant",13.07,4.6,2.4,6.0,0.332,2023-11-23,2023-01-03,2026-09-02,press_quoted_operator_notice,4,NOTE-SHE-9001|NOTE-SHE-9002|NOTE-SHE-9003|NOTE-SHE-9004,,https://finance.sina.com.cn/jjxw/2023-11-23/doc-imzvreks5479038.shtml | https://www.sohu.com/a/624011669_121123851,2
Shenzhen,Mainland China,5,5号线/环中线,34,published_peak_offpeak_only,"operator statement, peak (and off-peak) values only, remainder filled by the bounded 2025 constant",13.56,4.4,2.0,4.1,0.854,2025-06-04,2025-06-04,2026-08-23,press_quoted_operator_notice,2,NOTE-SHE-0005|NOTE-SHE-0006,,https://news.qq.com/rain/a/20250604A08OCL00,1
Shenzhen,Mainland China,6,6号线/光明线,27,published_peak_offpeak_only,"operator statement, peak (and off-peak) values only, remainder filled by the bounded 2025 constant",10.04,6.0,2.333,6.0,0.925,2024-12-29,2023-04-27,2026-08-23,government_relay; operator_wechat; press_quoted_operator_notice,3,NOTE-SHE-0007|NOTE-SHE-0008|NOTE-SHE-0009,,https://mp.weixin.qq.com/s/F4Lqpl87FZY32R9sFy1H7w | https://m.gmw.cn/2023-09/27/content_1303526189.htm | https://www.shenyang.gov.cn/zwgk/zwdt/bxgz/202304/t20230427_4456421.html,3
Shenzhen,Mainland China,7,6号线支线,4,published_average_interval,"operator statement, one average interval",6.79,8.8,7.717,7.717,0.0,2023-04-27,2023-04-27,2026-08-23,government_relay,1,NOTE-SHE-0010,,https://www.shenyang.gov.cn/zwgk/zwdt/bxgz/202304/t20230427_4456421.html,1
Shenzhen,Mainland China,8,7号线/西丽线,30,published_peak_offpeak_only,"operator statement, peak (and off-peak) values only, remainder filled by the bounded 2025 constant",9.44,6.4,3.333,7.583,0.292,2025-02-12,2025-02-12,2026-09-02,press_quoted_operator_notice,3,NOTE-SHE-9009|NOTE-SHE-9010|NOTE-SHE-9011,,https://www.thepaper.cn/newsDetail_forward_30141433,1
Shenzhen,Mainland China,9,9号线/梅林线,32,amap_interval_band,"Amap interval bands (undated, passed the acceptance test)",7.01,8.6,4.0,8.0,0.0,,,2026-09-06,amap_busline_timedesc,6,AMAP-SHE-0037|AMAP-SHE-0038|AMAP-SHE-0039|AMAP-SHE-0043|AMAP-SHE-0044|AMAP-SHE-0045,440300024054|440300024055,https://restapi.amap.com/v3/bus/linename?keywords=地铁9号线&city=<city>&extensions=all,1
Shenzhen,Mainland China,10,10号线/坂田线,24,published_peak_offpeak_only,"operator statement, peak (and off-peak) values only, remainder filled by the bounded 2025 constant",9.87,6.1,3.167,7.5,0.311,2025-02-12,2022-07-25,2026-09-02,government_relay; press_quoted_operator_notice,6,NOTE-SHE-9013|NOTE-SHE-9014|NOTE-SHE-9017|NOTE-SHE-9018|NOTE-SHE-9019|NOTE-SHE-9020,,https://www.thepaper.cn/newsDetail_forward_30141433 | http://sz.bendibao.com/jt/202346/917824.htm | https://www.yantian.gov.cn/cn/hdjl/dwzsk/ggjt/content/post_9977886.html,3
Shenzhen,Mainland China,11,11号线/机场线,21,published_peak_offpeak_only,"operator statement, peak (and off-peak) values only, remainder filled by the bounded 2025 constant",11.44,5.2,3.183,5.0,0.914,2025-06-30,2025-06-30,2026-08-23,government_relay,1,NOTE-SHE-0011,,https://www.sz.gov.cn/cn/xxgk/bmtx/content/post_12255035.html,1
Shenzhen,Mainland China,12,12号线/南宝线,39,published_interval_band_section,"operator statement, interval bands per section",9.44,6.4,3.8,6.0,0.0,2024-01-02,2024-01-02,2026-08-23,government_relay,3,NOTE-SHE-0012|NOTE-SHE-0013|NOTE-SHE-0014,,http://jtys.sz.gov.cn/ydmh/jtzx/zyhy_1510/content/post_11081873.html,1
Shenzhen,Mainland China,13,14号线/东部快线,18,published_peak_offpeak_only,"operator statement, peak (and off-peak) values only, remainder filled by the bounded 2025 constant",10.08,6.0,2.333,6.334,0.865,2025-06-30,2025-06-30,2026-08-23,government_relay,2,NOTE-SHE-0015|NOTE-SHE-0016,,https://www.sz.gov.cn/cn/xxgk/bmtx/content/post_12255035.html,1
Shenzhen,Mainland China,14,16号线/龙坪线,24,published_interval_band_line,"operator statement, interval bands for the whole line",8.08,7.4,4.833,7.5,0.0,2025-09-29,2025-09-29,2026-08-23,operator_web,3,NOTE-SHE-0017|NOTE-SHE-0018|NOTE-SHE-0019,,https://www.szmc.net/home/xinwenzhongxin/gongsixinwen/202509/105275.html,1
Shenzhen,Mainland China,15,20号线,5,published_interval_band_line,"operator statement, interval bands for the whole line",6.04,9.9,7.75,8.451,0.205,2025-05-22,2025-02-12,2026-09-02,government_relay; press_quoted_operator_notice,4,NOTE-SHE-9022|NOTE-SHE-9023|NOTE-SHE-9024|NOTE-SHE-9025,,https://jtys.sz.gov.cn/ydmh/jtcx/dtcx_180970/cxtx/content/post_12190669.html | https://www.thepaper.cn/newsDetail_forward_30141433,2
Shenzhen,Mainland China,16,13号线/石岩线,7,amap_interval_band,"Amap interval bands (undated, passed the acceptance test)",9.0,6.7,5.0,6.0,0.0,,,2026-09-06,amap_busline_timedesc,10,AMAP-SHE-0090|AMAP-SHE-0091|AMAP-SHE-0092|AMAP-SHE-0093|AMAP-SHE-0094|AMAP-SHE-0096|AMAP-SHE-0097|AMAP-SHE-0098|AMAP-SHE-0099|AMAP-SHE-0100,900000094840|900000094841,https://restapi.amap.com/v3/bus/linename?keywords=地铁13号线(石岩线)&city=<city>&extensions=all,1
Shijiazhuang,Mainland China,1,2号线,15,published_interval_band_line,"operator statement, interval bands for the whole line",6.65,9.0,6.5,8.0,0.0,2024-09-30,2021-12-16,2026-08-23,operator_web,4,NOTE-SHI-0005|NOTE-SHI-0006|NOTE-SHI-0007|NOTE-SHI-0008,,http://www.sjzmetro.cn/service/notice/7899.html | http://www.sjzmetro.cn/news_center/group/4870.html,2
Shijiazhuang,Mainland China,2,3号线,22,published_interval_band_line,"operator statement, interval bands for the whole line",6.53,9.2,6.5,8.0,0.0,2024-09-30,2021-12-16,2026-08-23,operator_web,4,NOTE-SHI-0009|NOTE-SHI-0010|NOTE-SHI-0011|NOTE-SHI-0012,,http://www.sjzmetro.cn/service/notice/7899.html | http://www.sjzmetro.cn/news_center/group/4870.html,2
Shijiazhuang,Mainland China,3,1号线,26,published_interval_band_line,"operator statement, interval bands for the whole line",7.28,8.2,5.0,8.0,0.0,2024-09-30,2021-12-16,2026-08-23,operator_web,4,NOTE-SHI-0001|NOTE-SHI-0002|NOTE-SHI-0003|NOTE-SHI-0004,,http://www.sjzmetro.cn/service/notice/7899.html | http://www.sjzmetro.cn/news_center/group/4870.html,2
Suzhou,Mainland China,1,1号线,24,published_peak_offpeak_only,"operator statement, peak (and off-peak) values only, remainder filled by the bounded 2025 constant",12.43,4.8,2.0,4.95,0.443,2022-09-04,2022-09-04,2026-08-23,operator_web,1,NOTE-SUZ-0001,,https://www.sz-mtr.com/service/information/notice/202210/992A7FF5.html,1
Suzhou,Mainland China,2,2号线,35,published_peak_offpeak_only,"operator statement, peak (and off-peak) values only, remainder filled by the bounded 2025 constant",9.42,6.4,2.5,7.101,0.886,2022-09-04,2022-09-04,2026-08-23,operator_web,2,NOTE-SUZ-0002|NOTE-SUZ-0003,,https://www.sz-mtr.com/service/information/notice/202210/992A7FF5.html,1
Suzhou,Mainland China,3,3号线,37,published_peak_offpeak_only,"operator statement, peak (and off-peak) values only, remainder filled by the bounded 2025 constant",8.26,7.3,5.0,7.001,0.767,2022-07-14,2022-07-14,2026-08-23,operator_web,3,NOTE-SUZ-0004|NOTE-SUZ-0005|NOTE-SUZ-0006,,https://www.sz-mtr.com/service/information/notice/202210/7F41B1A6.html,1
Suzhou,Mainland China,4,4号线,31,published_peak_offpeak_only,"operator statement, peak (and off-peak) values only, remainder filled by the bounded 2025 constant",8.46,7.1,3.333,7.101,0.367,2026-08-05,2022-07-14,2026-08-23,government_relay; operator_web,3,NOTE-SUZ-0007|NOTE-SUZ-0009|NOTE-SUZ-0010,,https://www.suzhou.gov.cn/szsrmzf/mszx/202608/40056068bce34b68b418b25cf29221cc.shtml | https://www.sz-mtr.com/service/information/notice/202210/7F41B1A6.html,2
Suzhou,Mainland China,5,5号线,34,published_peak_offpeak_only,"operator statement, peak (and off-peak) values only, remainder filled by the bounded 2025 constant",7.68,7.8,5.0,7.299,0.443,2022-07-14,2022-07-14,2026-08-23,operator_web,1,NOTE-SUZ-0011,,https://www.sz-mtr.com/service/information/notice/202210/7F41B1A6.html,1
Suzhou,Mainland China,6,6号线,31,amap_interval_band,"Amap interval bands (undated, passed the acceptance test)",7.78,7.7,6.0,7.0,0.0,,,2026-09-06,amap_busline_timedesc,10,AMAP-SUZ-0109|AMAP-SUZ-0110|AMAP-SUZ-0111|AMAP-SUZ-0112|AMAP-SUZ-0113|AMAP-SUZ-0120|AMAP-SUZ-0121|AMAP-SUZ-0122|AMAP-SUZ-0123|AMAP-SUZ-0124,900000116007|900000116008,https://restapi.amap.com/v3/bus/linename?keywords=轨道交通6号线&city=<city>&extensions=all,1
Suzhou,Mainland China,7,7号线,29,published_peak_offpeak_only,"operator statement, peak (and off-peak) values only, remainder filled by the bounded 2025 constant",7.77,7.7,6.0,7.001,0.276,2024-11-29,2024-11-29,2026-08-23,press_quoted_operator_notice,2,NOTE-SUZ-0012|NOTE-SUZ-0013,,https://news.2500sz.com/doc/2024/11/29/1120220.shtml,1
Suzhou,Mainland China,8,8号线,28,amap_interval_band,"Amap interval bands (undated, passed the acceptance test)",7.78,7.7,6.0,7.0,0.0,,,2026-09-06,amap_busline_timedesc,10,AMAP-SUZ-0133|AMAP-SUZ-0134|AMAP-SUZ-0135|AMAP-SUZ-0136|AMAP-SUZ-0137|AMAP-SUZ-0141|AMAP-SUZ-0142|AMAP-SUZ-0143|AMAP-SUZ-0144|AMAP-SUZ-0145,900000129461|900000129462,https://restapi.amap.com/v3/bus/linename?keywords=轨道交通8号线&city=<city>&extensions=all,1
Suzhou,Mainland China,9,11号线,28,press_quoted_operator_notice,press or government relay quoting the operator's notice,7.14,8.4,7.0,8.0,0.236,2023-06-14,2023-06-14,2026-08-23,press_quoted_operator_notice,3,NOTE-SUZ-0014|NOTE-SUZ-0015|NOTE-SUZ-0016,,https://news.qq.com/rain/a/20230614A05T4F00,1
Taichung,Taiwan,1,綠線 (烏日文心北屯線),18,tdx_frequency_bands,TDX Frequency endpoint bands,6.83,8.8,,,,,,,,0,,,,0
Taipei,Taiwan,1,板南線,23,tdx_frequency_bands,TDX Frequency endpoint bands,13.82,4.3,,,,,,,,0,,,,0
Taipei,Taiwan,2,文湖線,24,tdx_frequency_bands,TDX Frequency endpoint bands,10.64,5.6,,,,,,,,0,,,,0
Taipei,Taiwan,3,淡水信義線,27,tdx_frequency_bands,TDX Frequency endpoint bands,7.02,8.5,,,,,,,,0,,,,0
Taipei,Taiwan,4,新北投支線,2,tdx_frequency_bands,TDX Frequency endpoint bands,6.21,9.7,,,,,,,,0,,,,0
Taipei,Taiwan,5,松山新店線,19,tdx_frequency_bands,TDX Frequency endpoint bands,8.74,6.9,,,,,,,,0,,,,0
Taipei,Taiwan,6,小碧潭支線,2,tdx_frequency_bands,TDX Frequency endpoint bands,3.55,16.9,,,,,,,,0,,,,0
Taipei,Taiwan,7,中和新蘆線 (迴龍),21,tdx_frequency_bands,TDX Frequency endpoint bands,6.79,8.8,,,,,,,,0,,,,0
Taipei,Taiwan,8,中和新蘆線 (蘆洲),17,tdx_frequency_bands,TDX Frequency endpoint bands,6.79,8.8,,,,,,,,0,,,,0
Taipei,Taiwan,9,環狀線,14,tdx_frequency_bands,TDX Frequency endpoint bands,2.61,23.0,,,,,,,,0,,,,0
Taiyuan,Mainland China,1,1号线,24,published_interval_band_line,"operator statement, interval bands for the whole line",7.77,7.7,6.5,6.5,0.0,2025-02-18,2025-02-18,2026-09-02,operator_wechat,3,NOTE-TAI-9001|NOTE-TAI-9002|NOTE-TAI-9003,,https://mp.weixin.qq.com/s/4GgR0_QsmFn1NJHhAPlsRw,1
Taiyuan,Mainland China,2,2号线,23,press_quoted_operator_notice,press or government relay quoting the operator's notice,6.68,9.0,6.5,8.0,0.0,2023-12-20,2023-12-20,2026-08-23,press_quoted_operator_notice,3,NOTE-TAI-0001|NOTE-TAI-0002|NOTE-TAI-0003,,http://www.sx.xinhuanet.com/20231221/803b8927c5bd4a5784750a7be894fe82/c.html,1
Taizhou,Mainland China,1,S1线,15,published_peak_offpeak_only,"operator statement, peak (and off-peak) values only, remainder filled by the bounded 2025 constant",6.9,8.7,5.5,9.39,0.314,2023-12-20,2023-12-20,2026-08-23,press_quoted_operator_notice,3,NOTE-TAI-0001|NOTE-TAI-0002|NOTE-TAI-0003,,http://www.sx.xinhuanet.com/20231221/803b8927c5bd4a5784750a7be894fe82/c.html,1
Taoyuan,Taiwan,1,機場捷運,22,tdx_frequency_bands,TDX Frequency endpoint bands,3.9,15.4,,,,,,,,0,,,,0
Tianjin,Mainland China,1,1号线,32,published_peak_offpeak_only,"operator statement, peak (and off-peak) values only, remainder filled by the bounded 2025 constant",11.95,5.0,3.25,4.525,0.88,2023-03-15,2023-03-15,2026-08-23,press_quoted_operator_notice,1,NOTE-TIA-0001,,https://www.cnr.cn/tj/tjyw/20230316/t20230316_526184572.shtml,1
Tianjin,Mainland China,2,2号线,20,published_peak_offpeak_only,"operator statement, peak (and off-peak) values only, remainder filled by the bounded 2025 constant",7.57,7.9,5.2,7.5,0.391,2026-04-22,2026-04-22,2026-08-23,press_quoted_operator_notice,2,NOTE-TIA-0003|NOTE-TIA-0004,,https://tidenews.com.cn/tmh_news.html?id=69e8dcf7385477000171adac,1
Tianjin,Mainland China,3,3号线,26,press_quoted_operator_notice,press or government relay quoting the operator's notice,8.53,7.0,4.8,7.5,0.25,2025-01-11,2023-01-09,2026-08-23,press_quoted_operator_notice,2,NOTE-TIA-0005|NOTE-TIA-0007,,http://tj.people.com.cn/n2/2025/0112/c375366-41105343.html | https://m.gmw.cn/2023-01/09/content_1303248645.htm?source=sohu,2
Tianjin,Mainland China,4,5号线,29,published_peak_offpeak_only,"operator statement, peak (and off-peak) values only, remainder filled by the bounded 2025 constant",8.92,6.7,4.8,6.667,0.707,2023-03-15,2023-03-15,2026-08-23,press_quoted_operator_notice,1,NOTE-TIA-0008,,https://www.cnr.cn/tj/tjyw/20230316/t20230316_526184572.shtml,1
Tianjin,Mainland China,5,6号线,40,amap_interval_band,"Amap interval bands (undated, passed the acceptance test)",8.24,7.3,4.0,8.0,0.0,,,2026-09-06,amap_busline_timedesc,10,AMAP-TIA-0139|AMAP-TIA-0140|AMAP-TIA-0141|AMAP-TIA-0142|AMAP-TIA-0143|AMAP-TIA-0144|AMAP-TIA-0145|AMAP-TIA-0146|AMAP-TIA-0147|AMAP-TIA-0148,120100021325|120100021326,https://restapi.amap.com/v3/bus/linename?keywords=地铁6号线&city=<city>&extensions=all,1
Tianjin,Mainland China,6,4号线,16,amap_interval_band,"Amap interval bands (undated, passed the acceptance test)",5.26,11.4,10.0,10.0,0.0,,,2026-09-06,amap_busline_timedesc,2,AMAP-TIA-0157|AMAP-TIA-0159,900000075525|900000075526,https://restapi.amap.com/v3/bus/linename?keywords=地铁4号线&city=<city>&extensions=all,1
Tianjin,Mainland China,7,4号线,14,published_peak_offpeak_only,"operator statement, peak (and off-peak) values only, remainder filled by the bounded 2025 constant",8.14,7.4,4.5,8.0,0.276,2021-12-27,2021-12-27,2026-09-02,press_quoted_operator_notice,3,NOTE-TIA-9001|NOTE-TIA-9002|NOTE-TIA-9003,,http://tj.sina.cn/news/2021-12-27/detail-ikyamrmz1430622.d.html,1
Tianjin,Mainland China,8,6号线,9,amap_interval_band,"Amap interval bands (undated, passed the acceptance test)",6.87,8.7,5.0,10.0,0.0,,,2026-09-06,amap_busline_timedesc,10,AMAP-TIA-0111|AMAP-TIA-0112|AMAP-TIA-0113|AMAP-TIA-0114|AMAP-TIA-0115|AMAP-TIA-0116|AMAP-TIA-0117|AMAP-TIA-0118|AMAP-TIA-0119|AMAP-TIA-0120,900000115252|900000115253,https://restapi.amap.com/v3/bus/linename?keywords=地铁6号线&city=<city>&extensions=all,1
Tianjin,Mainland China,9,9号线,21,published_peak_offpeak_only,"operator statement, peak (and off-peak) values only, remainder filled by the bounded 2025 constant",9.01,6.7,4.5,6.667,0.71,2023-03-15,2023-03-15,2026-08-23,press_quoted_operator_notice,1,NOTE-TIA-0010,,https://www.cnr.cn/tj/tjyw/20230316/t20230316_526184572.shtml,1
Tianjin,Mainland China,10,10号线,21,published_peak_offpeak_only,"operator statement, peak (and off-peak) values only, remainder filled by the bounded 2025 constant",7.6,7.9,5.0,7.5,0.883,2022-11-17,2022-11-17,2026-08-23,press_quoted_operator_notice,1,NOTE-TIA-0011,,http://tj.people.com.cn/n2/2022/1117/c375366-40198472.html,1
Tianjin,Mainland China,11,津静线,4,published_peak_offpeak_only,"operator statement, peak (and off-peak) values only, remainder filled by the bounded 2025 constant",4.05,14.8,10.0,15.0,0.258,2024-09-28,2024-09-28,2026-09-02,press_quoted_operator_notice,3,NOTE-TIA-9004|NOTE-TIA-9005|NOTE-TIA-9006,,https://epaper.tianjinwe.com/tjrb/html/2024-09/28/content_143082_1339151.htm,1
Tianjin,Mainland China,12,11号线,21,amap_interval_band,"Amap interval bands (undated, passed the acceptance test)",7.31,8.2,5.0,9.0,0.0,,,2026-09-06,amap_busline_timedesc,10,AMAP-TIA-0205|AMAP-TIA-0206|AMAP-TIA-0207|AMAP-TIA-0208|AMAP-TIA-0209|AMAP-TIA-0210|AMAP-TIA-0211|AMAP-TIA-0212|AMAP-TIA-0213|AMAP-TIA-0214,900000082333|900000082334,https://restapi.amap.com/v3/bus/linename?keywords=地铁11号线&city=<city>&extensions=all,1
Tokyo,Japan,1,銀座線,19,gtfs_weekday_trips,weekday trips counted in the GTFS feed,17.0,3.5,,,,,,,,0,,,,0
Tokyo,Japan,2,丸ノ内線,28,gtfs_weekday_trips,weekday trips counted in the GTFS feed,15.79,3.8,,,,,,,,0,,,,0
Tokyo,Japan,3,丸ノ内線分岐線,4,gtfs_weekday_trips,weekday trips counted in the GTFS feed,5.24,11.5,,,,,,,,0,,,,0
Tokyo,Japan,4,日比谷線,22,gtfs_weekday_trips,weekday trips counted in the GTFS feed,14.79,4.1,,,,,,,,0,,,,0
Tokyo,Japan,5,東西線,23,gtfs_weekday_trips,weekday trips counted in the GTFS feed,11.21,5.4,,,,,,,,0,,,,0
Tokyo,Japan,6,千代田線,20,gtfs_weekday_trips,weekday trips counted in the GTFS feed,13.21,4.5,,,,,,,,0,,,,0
Tokyo,Japan,7,有楽町線,24,gtfs_weekday_trips,weekday trips counted in the GTFS feed,11.53,5.2,,,,,,,,0,,,,0
Tokyo,Japan,8,半蔵門線,14,gtfs_weekday_trips,weekday trips counted in the GTFS feed,14.63,4.1,,,,,,,,0,,,,0
Tokyo,Japan,9,南北線,19,gtfs_weekday_trips,weekday trips counted in the GTFS feed,9.95,6.0,,,,,,,,0,,,,0
Tokyo,Japan,10,副都心線,16,gtfs_weekday_trips,weekday trips counted in the GTFS feed,7.61,7.9,,,,,,,,0,,,,0
Tokyo,Japan,11,浅草線,20,gtfs_weekday_trips,weekday trips counted in the GTFS feed,8.47,7.1,,,,,,,,0,,,,0
Tokyo,Japan,12,三田線,27,gtfs_weekday_trips,weekday trips counted in the GTFS feed,10.47,5.7,,,,,,,,0,,,,0
Tokyo,Japan,13,新宿線,21,gtfs_weekday_trips,weekday trips counted in the GTFS feed,9.84,6.1,,,,,,,,0,,,,0
Tokyo,Japan,14,大江戸線,38,gtfs_weekday_trips,weekday trips counted in the GTFS feed,10.32,5.8,,,,,,,,0,,,,0
Tokyo,Japan,15,ゆりかもめ,16,gtfs_weekday_trips,weekday trips counted in the GTFS feed,12.21,4.9,,,,,,,,0,,,,0
Tokyo,Japan,16,日暮里・舎人ライナー,13,gtfs_weekday_trips,weekday trips counted in the GTFS feed,12.82,4.7,,,,,,,,0,,,,0
Tokyo,Japan,17,東京モノレール羽田空港線,11,gtfs_weekday_trips,weekday trips counted in the GTFS feed,7.79,7.7,,,,,,,,0,,,,0
Wenzhou,Mainland China,1,S1线,18,published_interval_band_line,"operator statement, interval bands for the whole line",4.52,13.3,9.283,10.0,0.229,2025-05-06,2025-05-06,2026-08-23,government_relay,3,NOTE-WEN-0001|NOTE-WEN-0002|NOTE-WEN-0003,,http://leaders.people.com.cn/n1/2025/0506/c58278-40473845.html,1
Wenzhou,Mainland China,2,S2线,20,published_peak_offpeak_only,"operator statement, peak (and off-peak) values only, remainder filled by the bounded 2025 constant",5.23,11.5,9.283,10.0,0.271,2025-05-06,2025-05-06,2026-08-23,government_relay,3,NOTE-WEN-0004|NOTE-WEN-0005|NOTE-WEN-0006,,http://leaders.people.com.cn/n1/2025/0506/c58278-40473845.html,1
Wuhan,Mainland China,1,1号线,32,published_peak_offpeak_only,"operator statement, peak (and off-peak) values only, remainder filled by the bounded 2025 constant",11.85,5.1,3.3,4.858,0.825,2025-03-06,2023-02-13,2026-08-23,government_relay,2,NOTE-WUH-0001|NOTE-WUH-0006,,https://www.wuhan.gov.cn/hdjl/rdhy/202503/t20250306_2548208.shtml | https://jtj.wuhan.gov.cn/jtzx/zwdt/202302/t20230213_2151487.shtml,2
Wuhan,Mainland China,2,2号线,38,published_peak_offpeak_only,"operator statement, peak (and off-peak) values only, remainder filled by the bounded 2025 constant",12.99,4.6,2.7,4.532,0.827,2025-03-06,2023-02-13,2026-08-23,government_relay,2,NOTE-WUH-0002|NOTE-WUH-0007,,https://www.wuhan.gov.cn/hdjl/rdhy/202503/t20250306_2548208.shtml | https://jtj.wuhan.gov.cn/jtzx/zwdt/202302/t20230213_2151487.shtml,2
Wuhan,Mainland China,3,3号线,24,amap_interval_band,"Amap interval bands (undated, passed the acceptance test)",8.95,6.7,4.0,6.0,0.0,,,2026-09-06,amap_busline_timedesc,6,AMAP-WUH-0013|AMAP-WUH-0014|AMAP-WUH-0015|AMAP-WUH-0017|AMAP-WUH-0018|AMAP-WUH-0019,420100024331|420100024332,https://restapi.amap.com/v3/bus/linename?keywords=轨道交通3号线&city=<city>&extensions=all,1
Wuhan,Mainland China,4,4号线,37,published_peak_offpeak_only,"operator statement, peak (and off-peak) values only, remainder filled by the bounded 2025 constant",12.41,4.8,2.7,4.435,0.941,2025-03-06,2025-03-06,2026-08-23,government_relay,1,NOTE-WUH-0003,,https://www.wuhan.gov.cn/hdjl/rdhy/202503/t20250306_2548208.shtml,1
Wuhan,Mainland China,5,5号线,27,published_peak_offpeak_only,"operator statement, peak (and off-peak) values only, remainder filled by the bounded 2025 constant",10.83,5.5,4.0,5.231,0.77,2025-03-06,2025-03-06,2026-08-23,government_relay,2,NOTE-WUH-0004|NOTE-WUH-0005,,https://www.wuhan.gov.cn/hdjl/rdhy/202503/t20250306_2548208.shtml,1
Wuhan,Mainland China,6,7号线,37,published_peak_offpeak_only,"operator statement, peak (and off-peak) values only, remainder filled by the bounded 2025 constant",8.98,6.7,4.5,5.964,0.941,2023-02-13,2023-02-13,2026-08-23,government_relay,1,NOTE-WUH-0009,,https://jtj.wuhan.gov.cn/jtzx/zwdt/202302/t20230213_2151487.shtml,1
Wuhan,Mainland China,7,8号线,26,transcription_2025_unsourced,"2025 constant, no source",8.88,6.8,6.757,6.757,,,,,,0,,,,0
Wuhan,Mainland China,8,11号线,23,transcription_2025_unsourced,"2025 constant, no source",8.59,7.0,6.985,6.985,,,,,,0,,,,0
Wuhan,Mainland China,9,16号线,14,amap_interval_band,"Amap interval bands (undated, passed the acceptance test)",5.58,10.8,9.0,9.0,0.0,,,2026-09-06,amap_busline_timedesc,2,AMAP-WUH-0049|AMAP-WUH-0051,900000090803|900000094219,https://restapi.amap.com/v3/bus/linename?keywords=轨道交通16号线&city=<city>&extensions=all,1
Wuhan,Mainland China,10,19号线,7,amap_interval_band,"Amap interval bands (undated, passed the acceptance test)",5.7,10.5,9.0,9.0,0.0,,,2026-09-06,amap_busline_timedesc,2,AMAP-WUH-0053|AMAP-WUH-0056,900000115789|900000115790,https://restapi.amap.com/v3/bus/linename?keywords=轨道交通19号线&city=<city>&extensions=all,1
Wuhan,Mainland China,11,阳逻线,16,transcription_2025_unsourced,"2025 constant, no source",8.29,7.2,7.238,7.238,,,,,,0,,,,0
Wuhan,Mainland China,12,6号线,32,published_peak_offpeak_only,"operator statement, peak (and off-peak) values only, remainder filled by the bounded 2025 constant",7.36,8.1,6.0,7.238,0.942,2023-02-13,2023-02-13,2026-08-23,government_relay,1,NOTE-WUH-0008,,https://jtj.wuhan.gov.cn/jtzx/zwdt/202302/t20230213_2151487.shtml,1
Wuhu,Mainland China,1,1号线,25,published_peak_offpeak_only,"operator statement, peak (and off-peak) values only, remainder filled by the bounded 2025 constant",5.29,11.3,5.817,11.634,0.746,2025-03-06,2025-03-06,2026-08-23,government_relay,1,NOTE-WUH-0001,,https://www.wuhan.gov.cn/hdjl/rdhy/202503/t20250306_2548208.shtml,1
Wuhu,Mainland China,2,2号线,11,published_peak_offpeak_only,"operator statement, peak (and off-peak) values only, remainder filled by the bounded 2025 constant",5.66,10.6,5.567,11.134,0.749,2025-03-06,2025-03-06,2026-08-23,government_relay,1,NOTE-WUH-0002,,https://www.wuhan.gov.cn/hdjl/rdhy/202503/t20250306_2548208.shtml,1
Wuxi,Mainland China,1,1号线 (含 S1线 贯通运营),27,published_peak_offpeak_only,"operator statement, peak (and off-peak) values only, remainder filled by the bounded 2025 constant",7.67,7.8,5.0,7.5,0.429,2023-12-02,2023-12-02,2026-08-23,press_quoted_operator_notice,2,NOTE-WUX-0001|NOTE-WUX-0002,,https://www.sina.cn/news/detail/4974439865780381.html,1
Wuxi,Mainland China,3,2号线,22,published_peak_offpeak_only,"operator statement, peak (and off-peak) values only, remainder filled by the bounded 2025 constant",8.07,7.4,5.0,7.5,0.258,2024-10-30,2024-10-30,2026-08-23,press_quoted_operator_notice,2,NOTE-WUX-0003|NOTE-WUX-0004,,https://m.163.com/dy/article/JFOA2TEQ0512GU5O.html,1
Wuxi,Mainland China,4,3号线,21,published_peak_offpeak_only,"operator statement, peak (and off-peak) values only, remainder filled by the bounded 2025 constant",6.53,9.2,7.742,10.0,0.287,2024-07-04,2024-07-04,2026-08-23,government_relay,3,NOTE-WUX-0005|NOTE-WUX-0006|NOTE-WUX-0007,,https://www.wnd.gov.cn/doc/2024/07/04/4343501.shtml,1
Wuxi,Mainland China,5,4号线,29,press_quoted_operator_notice,press or government relay quoting the operator's notice,5.6,10.7,8.0,9.8,0.0,2021-12-22,2021-12-22,2026-08-23,press_quoted_operator_notice,3,NOTE-WUX-0008|NOTE-WUX-0009|NOTE-WUX-0010,,https://m.wx.bendibao.com/traffic/59238.shtm,1
Xiamen,Mainland China,1,1号线,24,published_interval_band_line,"operator statement, interval bands for the whole line",10.02,6.0,4.167,7.5,0.233,2024-07-19,2018-11-20,2026-08-23,government_relay; press_quoted_operator_notice,4,NOTE-XIA-0001|NOTE-XIA-0002|NOTE-XIA-0003|NOTE-XIA-0005,,https://fj.sina.cn/hulitoutiao/2024-07-19/detail-incerrqz5375760.d.html | https://www.chinametro.net/index.php?m=mobilenewscon&id=539&aid=46077,2
Xiamen,Mainland China,2,2号线,32,published_peak_offpeak_only,"operator statement, peak (and off-peak) values only, remainder filled by the bounded 2025 constant",9.0,6.7,2.667,7.5,0.879,2023-07-01,2023-07-01,2026-08-23,press_quoted_operator_notice,2,NOTE-XIA-0006|NOTE-XIA-0007,,https://www.fjdaily.com/app/content/2023-07/01/content_1943403.html,1
Xiamen,Mainland China,3,3号线,21,published_interval_band_section,"operator statement, interval bands per section",5.95,10.1,5.5,13.833,0.246,2021-07-12,2021-06-18,2026-08-23,government_relay; press_quoted_operator_notice,4,NOTE-XIA-0009|NOTE-XIA-0010|NOTE-XIA-0011|NOTE-XIA-0012,,https://www.fjdaily.com/app/content/2021-07/12/content_1073472.html | https://www.investxiamen.org.cn/detail/4078.html,2
Xian,Mainland China,1,1号线,30,published_peak_offpeak_only,"operator statement, peak (and off-peak) values only, remainder filled by the bounded 2025 constant",10.2,5.9,2.967,6.0,0.886,2023-07-01,2023-07-01,2026-08-23,press_quoted_operator_notice,1,NOTE-XIA-0006,,https://www.fjdaily.com/app/content/2023-07/01/content_1943403.html,1
Xian,Mainland China,2,2号线,25,published_peak_offpeak_only,"operator statement, peak (and off-peak) values only, remainder filled by the bounded 2025 constant",12.34,4.9,2.467,5.0,0.887,2023-07-01,2023-07-01,2026-08-23,press_quoted_operator_notice,1,NOTE-XIA-0007,,https://www.fjdaily.com/app/content/2023-07/01/content_1943403.html,1
Xian,Mainland China,3,3号线,26,published_peak_offpeak_only,"operator statement, peak (and off-peak) values only, remainder filled by the bounded 2025 constant",12.0,5.0,2.5,5.0,0.883,2021-06-18,2021-06-18,2026-08-23,government_relay,1,NOTE-XIA-0008,,https://www.investxiamen.org.cn/detail/4078.html,1
Xian,Mainland China,4,4号线,29,published_peak_offpeak_only,"operator statement, peak (and off-peak) values only, remainder filled by the bounded 2025 constant",9.31,6.4,3.483,6.316,0.883,2018-11-20,2018-11-20,2026-08-23,press_quoted_operator_notice,1,NOTE-XIA-0001,,https://www.chinametro.net/index.php?m=mobilenewscon&id=539&aid=46077,1
Xian,Mainland China,5,5号线,34,published_peak_offpeak_only,"operator statement, peak (and off-peak) values only, remainder filled by the bounded 2025 constant",6.98,8.6,4.167,8.571,0.883,2021-06-18,2021-06-18,2026-08-23,government_relay,1,NOTE-XIA-0010,,https://www.investxiamen.org.cn/detail/4078.html,1
Xian,Mainland China,6,6号线,32,published_peak_offpeak_only,"operator statement, peak (and off-peak) values only, remainder filled by the bounded 2025 constant",13.06,4.6,2.733,4.444,0.824,2024-07-19,2018-11-20,2026-08-23,government_relay; press_quoted_operator_notice,3,NOTE-XIA-0003|NOTE-XIA-0004|NOTE-XIA-0005,,https://fj.sina.cn/hulitoutiao/2024-07-19/detail-incerrqz5375760.d.html | https://www.fjdaily.com/app/content/2023-07/01/content_1943403.html | https://www.chinametro.net/index.php?m=mobilenewscon&id=539&aid=46077,3
Xian,Mainland China,7,8号(环)线,37,published_peak_offpeak_only,"operator statement, peak (and off-peak) values only, remainder filled by the bounded 2025 constant",10.56,5.7,4.3,5.375,0.887,2024-12-26,2021-07-12,2026-08-23,government_relay; press_quoted_operator_notice,2,NOTE-XIA-0012|NOTE-XIA-0017,,http://pub.cnwest.com/data/content/2025/01/3946.html | https://www.fjdaily.com/app/content/2021-07/12/content_1073472.html,2
Xian,Mainland China,8,8号(环)线,37,published_peak_offpeak_only,"operator statement, peak (and off-peak) values only, remainder filled by the bounded 2025 constant",10.56,5.7,4.3,5.375,0.887,2024-12-26,2021-07-12,2026-08-23,government_relay; press_quoted_operator_notice,2,NOTE-XIA-0012|NOTE-XIA-0017,,http://pub.cnwest.com/data/content/2025/01/3946.html | https://www.fjdaily.com/app/content/2021-07/12/content_1073472.html,2
Xian,Mainland China,9,9号线,15,published_peak_offpeak_only,"operator statement, peak (and off-peak) values only, remainder filled by the bounded 2025 constant",7.36,8.2,5.667,7.084,0.875,2025-09-29,2025-09-29,2026-08-23,press_quoted_operator_notice,1,NOTE-XIA-0013,,https://epaper.sanqin.com/html/pic/202509/29/36846c03-4a42-4d54-a373-dc411c415edb.pdf,1
Xian,Mainland China,10,10号线,17,published_peak_offpeak_only,"operator statement, peak (and off-peak) values only, remainder filled by the bounded 2025 constant",6.22,9.6,7.05,8.604,0.879,2025-09-29,2024-09-25,2026-08-23,press_quoted_operator_notice,2,NOTE-XIA-0014|NOTE-XIA-0018,,https://epaper.sanqin.com/html/pic/202509/29/36846c03-4a42-4d54-a373-dc411c415edb.pdf | http://m.cnwest.com/sxxw/a/2024/09/25/22798196.html,2
Xian,Mainland China,14,14号线,18,published_peak_offpeak_only,"operator statement, peak (and off-peak) values only, remainder filled by the bounded 2025 constant",6.07,9.9,6.9,8.625,0.879,2025-09-29,2025-09-29,2026-08-23,press_quoted_operator_notice,1,NOTE-XIA-0015,,https://epaper.sanqin.com/html/pic/202509/29/36846c03-4a42-4d54-a373-dc411c415edb.pdf,1
Xian,Mainland China,16,16号线,9,published_peak_offpeak_only,"operator statement, peak (and off-peak) values only, remainder filled by the bounded 2025 constant",5.62,10.7,7.417,9.271,0.875,2025-09-29,2025-09-29,2026-08-23,press_quoted_operator_notice,1,NOTE-XIA-0016,,https://epaper.sanqin.com/html/pic/202509/29/36846c03-4a42-4d54-a373-dc411c415edb.pdf,1
Xuzhou,Mainland China,1,1号线,18,published_interval_band_line,"operator statement, interval bands for the whole line",6.82,8.8,5.5,8.667,0.0,2025-03-21,2022-12-30,2026-08-23,operator_wechat; press_quoted_operator_notice,3,NOTE-XUZ-0001|NOTE-XUZ-0002|NOTE-XUZ-0003,,https://www.sina.cn/news/detail/5146692757750392.html | https://www.sohu.com/a/622921928_121117454,2
Xuzhou,Mainland China,2,2号线,20,press_quoted_operator_notice,press or government relay quoting the operator's notice,6.8,8.8,6.5,8.667,0.003,2022-12-30,2022-12-30,2026-08-23,press_quoted_operator_notice,3,NOTE-XUZ-0004|NOTE-XUZ-0005|NOTE-XUZ-0006,,https://www.sohu.com/a/622921928_121117454,1
Xuzhou,Mainland China,3,3号线,22,press_quoted_operator_notice,press or government relay quoting the operator's notice,6.8,8.8,6.5,9.0,0.0,2024-12-03,2022-12-30,2026-08-23,press_quoted_operator_notice,4,NOTE-XUZ-0007|NOTE-XUZ-0008|NOTE-XUZ-0009|NOTE-XUZ-0011,,http://www.js.xinhuanet.com/20241203/97e57f50e823403685b6225ec68308d6/c.html | https://www.sohu.com/a/622921928_121117454,2
Yokohama,Japan,1,ブルーライン (1・3号線),32,gtfs_weekday_trips,weekday trips counted in the GTFS feed,8.11,7.4,,,,,,,,0,,,,0
Yokohama,Japan,2,グリーンライン (4号線),10,gtfs_weekday_trips,weekday trips counted in the GTFS feed,8.74,6.9,,,,,,,,0,,,,0
Zhengzhou,Mainland China,1,1号线,30,amap_interval_band,"Amap interval bands (undated, passed the acceptance test)",9.49,6.3,3.0,8.0,0.0,,,2026-09-06,amap_busline_timedesc,12,AMAP-ZHE-0002|AMAP-ZHE-0003|AMAP-ZHE-0004|AMAP-ZHE-0005|AMAP-ZHE-0006|AMAP-ZHE-0007|AMAP-ZHE-0008|AMAP-ZHE-0009|AMAP-ZHE-0010|AMAP-ZHE-0011|AMAP-ZHE-0012|AMAP-ZHE-0013,410100022629|410100022630,https://restapi.amap.com/v3/bus/linename?keywords=地铁1号线&city=<city>&extensions=all,1
Zhengzhou,Mainland China,2,2号线,22,amap_interval_band,"Amap interval bands (undated, passed the acceptance test)",10.13,5.9,3.0,10.0,0.0,,,2026-09-06,amap_busline_timedesc,14,AMAP-ZHE-0016|AMAP-ZHE-0017|AMAP-ZHE-0018|AMAP-ZHE-0019|AMAP-ZHE-0020|AMAP-ZHE-0021|AMAP-ZHE-0022|AMAP-ZHE-0024|AMAP-ZHE-0025|AMAP-ZHE-0026|AMAP-ZHE-0027|AMAP-ZHE-0028|AMAP-ZHE-0029|AMAP-ZHE-0030,410100021064|410100021065,https://restapi.amap.com/v3/bus/linename?keywords=地铁2号线&city=<city>&extensions=all,1
Zhengzhou,Mainland China,3,3号线,25,press_quoted_operator_notice,press or government relay quoting the operator's notice,8.26,7.3,4.75,10.0,0.172,2025-02-06,2025-02-06,2026-08-23,press_quoted_operator_notice,5,NOTE-ZHE-0001|NOTE-ZHE-0002|NOTE-ZHE-0003|NOTE-ZHE-0004|NOTE-ZHE-0005,,https://henan.sina.cn/news/m/2025-02-06/detail-ineiparm4438034.d.html,1
Zhengzhou,Mainland China,4,4号线,27,amap_interval_band,"Amap interval bands (undated, passed the acceptance test)",4.31,13.9,10.0,15.0,0.0,,,2026-09-06,amap_busline_timedesc,10,AMAP-ZHE-0049|AMAP-ZHE-0050|AMAP-ZHE-0051|AMAP-ZHE-0052|AMAP-ZHE-0053|AMAP-ZHE-0054|AMAP-ZHE-0055|AMAP-ZHE-0056|AMAP-ZHE-0057|AMAP-ZHE-0058,900000075797|900000075798,https://restapi.amap.com/v3/bus/linename?keywords=地铁4号线&city=<city>&extensions=all,1
Zhengzhou,Mainland China,5,5号线,32,published_peak_offpeak_only,"operator statement, peak (and off-peak) values only, remainder filled by the bounded 2025 constant",8.09,7.4,4.0,8.0,0.771,2023-02-23,2021-12-23,2026-09-02,operator_web; press_quoted_operator_notice,3,NOTE-ZHE-9001|NOTE-ZHE-9002|NOTE-ZHE-9003,,https://henan.sina.cn/news/z/2023-02-23/detail-imyhrutf0335780.d.html | http://www.zzmetro.com/article/index/id/3134,2
Zhengzhou,Mainland China,6,5号线,32,published_peak_offpeak_only,"operator statement, peak (and off-peak) values only, remainder filled by the bounded 2025 constant",8.09,7.4,4.0,8.0,0.771,2023-02-23,2021-12-23,2026-09-02,operator_web; press_quoted_operator_notice,3,NOTE-ZHE-9001|NOTE-ZHE-9002|NOTE-ZHE-9003,,https://henan.sina.cn/news/z/2023-02-23/detail-imyhrutf0335780.d.html | http://www.zzmetro.com/article/index/id/3134,2
Zhengzhou,Mainland China,7,6号线,28,published_peak_offpeak_only,"operator statement, peak (and off-peak) values only, remainder filled by the bounded 2025 constant",7.49,8.0,5.0,9.333,0.299,2025-07-07,2024-12-02,2026-09-02,government_relay; press_quoted_operator_notice,3,NOTE-ZHE-9004|NOTE-ZHE-9005|NOTE-ZHE-9006,,https://henan.sina.cn/news/z/2025-07-07/detail-infeqytq9953598.d.html | https://zzjt.zhengzhou.gov.cn/jtyw/8859237.jhtml,2
Zhengzhou,Mainland China,8,7号线,21,published_peak_offpeak_only,"operator statement, peak (and off-peak) values only, remainder filled by the bounded 2025 constant",7.12,8.4,6.0,9.433,0.304,2025-07-07,2024-12-28,2026-09-02,press_quoted_operator_notice,3,NOTE-ZHE-9009|NOTE-ZHE-9010|NOTE-ZHE-9011,,https://henan.sina.cn/news/z/2025-07-07/detail-infeqytq9953598.d.html | https://www.sohu.com/a/842813778_120109837,2
Zhengzhou,Mainland China,9,8号线,28,amap_interval_band,"Amap interval bands (undated, passed the acceptance test)",6.25,9.6,7.0,9.0,0.0,,,2026-09-06,amap_busline_timedesc,10,AMAP-ZHE-0079|AMAP-ZHE-0080|AMAP-ZHE-0081|AMAP-ZHE-0082|AMAP-ZHE-0083|AMAP-ZHE-0086|AMAP-ZHE-0087|AMAP-ZHE-0088|AMAP-ZHE-0089|AMAP-ZHE-0090,900000139439|900000139440,https://restapi.amap.com/v3/bus/linename?keywords=地铁8号线&city=<city>&extensions=all,1
Zhengzhou,Mainland China,10,12号线,11,amap_interval_band,"Amap interval bands (undated, passed the acceptance test)",4.54,13.2,12.0,12.0,0.0,,,2026-09-06,amap_busline_timedesc,2,AMAP-ZHE-0093|AMAP-ZHE-0096,900000150086|900000150090,https://restapi.amap.com/v3/bus/linename?keywords=地铁12号线&city=<city>&extensions=all,1
Zhengzhou,Mainland China,11,14号线,6,amap_interval_band,"Amap interval bands (undated, passed the acceptance test)",3.37,17.8,11.0,17.0,0.0,,,2026-09-06,amap_busline_timedesc,10,AMAP-ZHE-0097|AMAP-ZHE-0098|AMAP-ZHE-0099|AMAP-ZHE-0100|AMAP-ZHE-0101|AMAP-ZHE-0104|AMAP-ZHE-0105|AMAP-ZHE-0106|AMAP-ZHE-0107|AMAP-ZHE-0108,900000104418|900000104419,https://restapi.amap.com/v3/bus/linename?keywords=地铁14号线&city=<city>&extensions=all,1
Zhengzhou,Mainland China,12,城郊线,19,published_peak_offpeak_only,"operator statement, peak (and off-peak) values only, remainder filled by the bounded 2025 constant",3.37,17.8,9.0,16.173,0.743,2023-02-20,2023-02-20,2026-09-02,press_quoted_operator_notice,3,NOTE-ZHE-9020|NOTE-ZHE-9021|NOTE-ZHE-9022,,https://henan.sina.cn/news/z/2023-02-20/detail-imyhhxhc7470023.d.html,1
Zhengzhou,Mainland China,13,郑许线,27,published_interval_band_line,"operator statement, interval bands for the whole line",3.58,16.7,10.0,15.0,0.071,2023-12-28,2023-12-27,2026-09-02,government_relay; press_quoted_operator_notice,4,NOTE-ZHE-9023|NOTE-ZHE-9025|NOTE-ZHE-9026|NOTE-ZHE-9027,,https://shifanqu.xuchang.gov.cn/shms/014002/20240101/88f6240e-8a68-40fe-ba44-56e1660c9e47.html | https://news.qq.com/rain/a/20231227A01EMT00,2
Zhengzhou,Mainland China,14,10号线,12,amap_interval_band,"Amap interval bands (undated, passed the acceptance test)",5.85,10.3,9.0,10.0,0.0,,,2026-09-06,amap_busline_timedesc,4,AMAP-ZHE-0123|AMAP-ZHE-0124|AMAP-ZHE-0125|AMAP-ZHE-0126,900000090721|900000090734,https://restapi.amap.com/v3/bus/linename?keywords=地铁10号线&city=<city>&extensions=all,1
Ürümqi,Mainland China,1,1号线,21,press_quoted_operator_notice,press or government relay quoting the operator's notice,5.26,11.4,6.0,10.0,0.0,2024-06-18,2024-06-18,2026-09-02,press_quoted_operator_notice,4,NOTE-URU-9001|NOTE-URU-9002|NOTE-URU-9003|published_offpeak_of_line,,https://view.inews.qq.com/a/20240618A0A7R800,1
Ürümqi,Mainland China,2,机场捷运,2,published_peak_offpeak_only,"operator statement, peak (and off-peak) values only, remainder filled by the bounded 2025 constant",3.3,18.2,15.0,15.0,0.489,2025-07-31,2025-07-31,2026-09-02,government_relay,1,NOTE-URU-9006,,http://www.cjxww.cn/new/cjwnews/cjwcnNews/202507/t20250731_29877324.html,1
